消防隊名稱,地址,聯絡電話,X座標_TWD97TM121,Y座標_TWD97TM121,,,,,,,,,,,,,,,,,,,
宜蘭縣政府消防局,宜蘭縣宜蘭市舊城南路1號,039365027,121.75509220050074,24.754809497704475,,,,,,,,,,,,,,,,,,,
宜蘭縣政府消防局第一救災救護大隊,宜蘭縣宜蘭市光復路25號3樓,03-9322225,121.75638195953115,24.754841849625556,,,,,,,,,,,,,,,,,,,
宜蘭縣政府消防局頭城分隊,宜蘭縣頭城鎮開蘭路279巷2號,03-9771044,121.82660020857561,24.86260621372328,,,,,,,,,,,,,,,,,,,
宜蘭縣政府消防局礁溪分隊,宜蘭縣礁溪鄉德陽路2號,03-9882903,121.77358695644172,24.82687324927228,,,,,,,,,,,,,,,,,,,
宜蘭縣政府消防局宜蘭分隊,宜蘭縣宜蘭市光復路52號,03-9322225,121.755183940592,24.755404984591898,,,,,,,,,,,,,,,,,,,
宜蘭縣政府消防局員山分隊,宜蘭縣員山鄉員山路一段207號,03-9227054,121.72658809810363,24.74514774691462,,,,,,,,,,,,,,,,,,,
宜蘭縣政府消防局壯圍分隊,宜蘭縣壯圍鄉壯五路156號,9380171,121.78641758382871,24.746270192466387,,,,,,,,,,,,,,,,,,,
宜蘭縣政府消防局三星分隊,宜蘭縣三星鄉中山路7-7號,03-9892271,121.64839737245427,24.65286501382423,,,,,,,,,,,,,,,,,,,
宜蘭縣政府消防局大同分隊,宜蘭縣大同鄉崙埤村朝陽巷42號,03-9801123,121.6084792804312,24.678332991895363,,,,,,,,,,,,,,,,,,,
宜蘭縣政府消防局特種分隊,宜蘭縣礁溪鄉礁溪路七段86號,03-9880767,121.7863752943875,24.836504420687252,,,,,,,,,,,,,,,,,,,
宜蘭縣政府消防局第二救災救護大隊,宜蘭縣羅東鎮天津路13號,03-9563692,121.76924802709016,24.678059607035035,,,,,,,,,,,,,,,,,,,
宜蘭縣政府消防局羅東分隊,宜蘭縣羅東鎮天津路13號,03-9562777,121.76924802709016,24.678059607035035,,,,,,,,,,,,,,,,,,,
宜蘭縣政府消防局廣興分隊,宜蘭縣冬山鄉復興路382號,03-9616119,121.74390602629153,24.671043743865116,,,,,,,,,,,,,,,,,,,
宜蘭縣政府消防局冬山分隊,宜蘭縣冬山鄉冬山路98-5號,03-9593119,121.79365379641953,24.63364156087263,,,,,,,,,,,,,,,,,,,
宜蘭縣政府消防局五結分隊,宜蘭縣五結鄉親河路一段175號,03-9503434,121.8180920019135,24.66795552604253,,,,,,,,,,,,,,,,,,,
宜蘭縣政府消防局馬賽分隊,宜蘭縣蘇澳鎮隘丁路14號,03-9907666,121.83527773362329,24.618082977943523,,,,,,,,,,,,,,,,,,,
宜蘭縣政府消防局蘇澳分隊,宜蘭縣蘇澳鎮蘇港路80號,03-9964119,121.85248074824945,24.59438134985258,,,,,,,,,,,,,,,,,,,
宜蘭縣政府消防局南方澳分隊,宜蘭縣蘇澳鎮海邊路138號,03-9962119,121.86506936276571,24.58338614105324,,,,,,,,,,,,,,,,,,,
宜蘭縣政府消防局南澳分隊,宜蘭縣南澳鄉蘇花路二段365號,03-9981119,121.8030131580817,24.465764586173613,,,,,,,,,,,,,,,,,,,
宜蘭縣政府消防局大里分隊,宜蘭縣頭城鎮濱海路六段100號,03-9782119,121.9031999495849,24.944762762652648,,,,,,,,,,,,,,,,,,,
蘇澳港分隊,宜蘭縣蘇澳鎮港區路7-2號,03-9972017,0,0,,,,,,,,,,,,,,,,,,,
宜蘭縣政府消防局特搜大隊觀音分隊,宜蘭縣南澳鄉蘇花路二段65之2號,03-9984122,121.7922556,24.46308199,,,,,,,,,,,,,,,,,,,
花蓮縣政府消防局和仁分隊,花蓮縣秀林鄉和平村和仁62-3號,03-8681710,121.71476,24.2470501,,,,,,,,,,,,,,,,,,,
花蓮縣消防局水璉分隊,花蓮縣壽豐鄉水璉路6號,8601800,121.56318655137066,23.78806905246207,,,,,,,,,,,,,,,,,,,
花蓮縣消防局萬榮分隊,花蓮縣萬榮鄉萬榮村8鄰萬榮212號,8751312,121.40468739167326,23.719167558806525,,,,,,,,,,,,,,,,,,,
花蓮港分隊,港口路25號, ,121.63447,23.99910,,,,,,,,,,,,,,,,,,,
花蓮縣消防局第三救災救護大隊,花蓮縣玉里鎮忠孝路153號,03-8885119,121.31859650678356,23.32459439941786,,,,,,,,,,,,,,,,,,,
花蓮縣消防局和平分隊,花蓮縣秀林鄉和平村克尼布東路3號,03-8681361,121.75006745891615,24.306453906228672,,,,,,,,,,,,,,,,,,,
花蓮縣消防局北埔分隊,花蓮縣新城鄉北埔路269號,03-8262596,121.60345956728665,24.035127702515762,,,,,,,,,,,,,,,,,,,
花蓮縣消防局美崙分隊,花蓮縣花蓮市精美路16之2號,03-8242119,121.62999235402314,24.01316802174497,,,,,,,,,,,,,,,,,,,
花蓮縣消防局自強分隊,花蓮縣花蓮市中央路三段842號,03-8577642,121.59273365744002,23.993528231691066,,,,,,,,,,,,,,,,,,,
花蓮縣消防局花蓮分隊,花蓮縣花蓮市三民街53號,03-8322849,121.60754111275207,23.981756838501116,,,,,,,,,,,,,,,,,,,
花蓮縣消防局仁里分隊,花蓮縣吉安鄉仁里八街6號,03-8524143,121.5914902293953,23.966427773778044,,,,,,,,,,,,,,,,,,,
花蓮縣消防局壽豐分隊,花蓮縣壽豐鄉中山路六段4號,03-8650119,121.50995503109677,23.870067233166026,,,,,,,,,,,,,,,,,,,
花蓮縣消防局鳳林分隊,花蓮縣鳳林鎮信義路212號,03-8762189,121.45359096362058,23.74672121142513,,,,,,,,,,,,,,,,,,,
花蓮縣消防局光復分隊,花蓮縣光復鄉光華街2號,03-8701719,121.42482,23.665755,,,,,,,,,,,,,,,,,,,
花蓮縣消防局豐濱分隊,花蓮縣豐濱鄉豐濱村三民路106號,03-8791152,121.52264564474213,23.598279913650916,,,,,,,,,,,,,,,,,,,
花蓮縣消防局富源分隊,花蓮縣瑞穗鄉富源村中正路157號,03-8811885,121.37635109044884,23.577801237326042,,,,,,,,,,,,,,,,,,,
花蓮縣消防局瑞穗分隊,花蓮縣瑞穗鄉新生路44之1號,03-8872164,121.37923862764671,23.496240587968032,,,,,,,,,,,,,,,,,,,
花蓮縣消防局三民分隊,花蓮縣玉里鎮三民里三民21之1號,03-8842450,121.34750831966058,23.428097757921307,,,,,,,,,,,,,,,,,,,
花蓮縣消防局玉里分隊,花蓮縣玉里鎮忠孝路153號,03-8885119,121.31859650678356,23.32459439941786,,,,,,,,,,,,,,,,,,,
花蓮縣消防局觀音分隊,花蓮縣玉里鎮觀音里16鄰14之5號,03-8851119,121.35881096502541,23.395773997481555,,,,,,,,,,,,,,,,,,,
花蓮縣消防局東里分隊,花蓮縣富里鄉東里村大莊路52號,03-8861119,121.3054046064269,23.268490336744005,,,,,,,,,,,,,,,,,,,
花蓮縣消防局富里分隊,花蓮縣富里鄉富里村中山路142號,03-8831009,121.2476106341321,23.172923801654015,,,,,,,,,,,,,,,,,,,
花蓮縣消防局卓溪分隊,花蓮縣卓溪鄉古風村12鄰古楓3號,03-8846490,121.27251633325247,23.244537388697328,,,,,,,,,,,,,,,,,,,
花蓮縣消防局,花蓮縣花蓮市中央路三段842號,03-8462119,121.59273365744002,23.993528231691066,,,,,,,,,,,,,,,,,,,
花蓮縣消防局第一救災救護大隊,花蓮縣花蓮市三民街53號,03-8322849,121.60754111275207,23.981756838501116,,,,,,,,,,,,,,,,,,,
花蓮縣消防局新秀分隊,花蓮縣新城鄉新城村仁愛路1巷23號,03-8611755,121.65245088418298,24.126919250429527,,,,,,,,,,,,,,,,,,,
花蓮縣消防局吉安分隊,花蓮縣吉安鄉吉安路二段120號,03-8522334,121.56349040108766,23.973203095180196,,,,,,,,,,,,,,,,,,,
花蓮縣消防局第二救災救護大隊,花蓮縣萬榮鄉萬榮村8鄰萬榮212號,03-8751312,121.40503180692977,23.719128100414636,,,,,,,,,,,,,,,,,,,
金門縣消防局,金門縣金寧鄉頂林路315號,082-324021,118.32908454917202,24.45760333112373,,,,,,,,,,,,,,,,,,,
金門縣消防局第一救災救護大隊,金門縣金寧鄉頂林路315號,082-324021,118.32908454917202,24.45760333112373,,,,,,,,,,,,,,,,,,,
金門縣消防局金城分隊,金門縣金城鎮西海路三段43號,082-311610,118.31107922934731,24.41995158876944,,,,,,,,,,,,,,,,,,,
金門縣消防局金寧分隊,金門縣金寧鄉頂林路315號,082-324021,118.32908454917202,24.45760333112373,,,,,,,,,,,,,,,,,,,
金門縣消防局烈嶼分隊,金門縣烈嶼鄉后井76號,082-362119,118.24195687650912,24.428016918100816,,,,,,,,,,,,,,,,,,,
金門縣消防局第二救災救護大隊,金門縣金寧鄉頂林路315號,082-324021,118.32908454917202,24.45760333112373,,,,,,,,,,,,,,,,,,,
金門縣消防局金沙分隊,金門縣金沙鎮沙美135號,082-352269,118.41197034611017,24.494714691448696,,,,,,,,,,,,,,,,,,,
金門縣消防局金湖分隊,金門縣金湖鎮士校路2號,082-332550,118.42506655453205,24.44391332052564,,,,,,,,,,,,,,,,,,,
南投縣政府消防局鳳鳴分隊,南投縣南投市鳳鳴里八卦路831號,049-2292548,120.6379190133498,23.925040874256002,,,,,,,,,,,,,,,,,,,
南投縣政府消防局碧興分隊,南投縣草屯鎮碧興路一段340巷21號,049-2324415,120.65454341697125,23.960012153194985,,,,,,,,,,,,,,,,,,,
南投縣政府消防局,南投縣南投市民族路494號,049-2226119,120.68007608824051,23.907130415101676,,,,,,,,,,,,,,,,,,,
南投縣政府消防局第一救災救護大隊,南投縣南投市南營路810號,049-2351119,120.67839470310247,23.943588311405577,,,,,,,,,,,,,,,,,,,
南投縣政府消防局南投分隊,南投縣南投市民族路494號,049-2222534,120.68007608824051,23.907130415101676,,,,,,,,,,,,,,,,,,,
南投縣政府消防局草屯分隊,南投縣草屯鎮敦和里碧山南路185號,049-2362063,120.67694474888674,23.97776302435253,,,,,,,,,,,,,,,,,,,
南投縣政府消防局中興分隊,南投縣南投市營北里中正路156號,049-2337142,120.68896751452498,23.950906683033963,,,,,,,,,,,,,,,,,,,
南投縣政府消防局名間分隊,南投縣名間鄉中正村彰南路44號,049-2732204,120.70271574162288,23.83855731491607,,,,,,,,,,,,,,,,,,,
南投縣政府消防局中寮分隊,南投縣中寮鄉永平村永平路280號,049-2691570,120.76551102659236,23.879280577001175,,,,,,,,,,,,,,,,,,,
南投縣政府消防局爽文分隊,南投縣中寮鄉爽文村龍南路193-10號,049-2602932,120.75957096484792,23.933533466724857,,,,,,,,,,,,,,,,,,,
南投縣政府消防局雙冬分隊,南投縣草屯鎮雙冬里中正路37-3號,049-2572817,120.79315289894237,23.98773267376654,,,,,,,,,,,,,,,,,,,
南投縣政府消防局松柏嶺分隊,南投縣名間鄉埔中村名松路一段655號,049-2583773,120.64344026963148,23.831976818669553,,,,,,,,,,,,,,,,,,,
南投縣政府消防局第二救災救護大隊,南投縣埔里鎮清新里南環路600號,049-2982014,120.95633166604368,23.958209076140488,,,,,,,,,,,,,,,,,,,
南投縣政府消防局埔里分隊,南投縣埔里鎮清新里南環路600號,049-2982014,120.95633166604368,23.958209076140488,,,,,,,,,,,,,,,,,,,
南投縣政府消防局國姓分隊,南投縣國姓鄉國姓村長春街1號,049-2721354,120.85491661386762,24.034224511053853,,,,,,,,,,,,,,,,,,,
南投縣政府消防局魚池分隊,南投縣魚池鄉魚池村魚池街360號,049-2895553,120.93727155385228,23.8966452032322,,,,,,,,,,,,,,,,,,,
南投縣政府消防局日月潭分隊,南投縣魚池鄉水社村中山路146號,049-2855307,120.91166569516236,23.86624946166048,,,,,,,,,,,,,,,,,,,
南投縣政府消防局仁愛分隊,南投縣仁愛鄉大同村仁和路91號,049-2802712,121.13284973990606,24.02366826345675,,,,,,,,,,,,,,,,,,,
南投縣政府消防局第三救災救護大隊,南投縣竹山鎮中山里頂林路150號,049-2661119,120.68142091309927,23.748694640867114,,,,,,,,,,,,,,,,,,,
南投縣政府消防局竹山分隊,南投縣竹山鎮中山里頂林路150號,049-2642013,120.68142091309927,23.748694640867114,,,,,,,,,,,,,,,,,,,
南投縣政府消防局水里分隊,南投縣水里鄉北埔村中山路一段439號,049-2770440,120.85047258463432,23.810533174431036,,,,,,,,,,,,,,,,,,,
南投縣政府消防局集集分隊,南投縣集集鎮民生路270號,0492762004,120.78126342460546,23.82714385242521,,,,,,,,,,,,,,,,,,,
南投縣政府消防局鹿谷分隊,南投縣鹿谷鄉彰雅村中正路一段92號,049-2752151,120.7600168679491,23.738658333323247,,,,,,,,,,,,,,,,,,,
南投縣政府消防局信義分隊,南投縣信義鄉明德村明德街50號,049-2791760,120.85243295743166,23.696921892116322,,,,,,,,,,,,,,,,,,,
南投縣政府消防局玉山分隊,南投縣信義鄉同富村同和巷14之3號,049-2702570,120.8886138997569,23.594163329291515,,,,,,,,,,,,,,,,,,,
南投縣政府消防局中心碑分隊,南投縣埔里鎮信義路320號,049-2995014,120.97028285553397,23.97344465288731,,,,,,,,,,,,,,,,,,,
內政部消防署特種搜救隊中部分隊,社寮里大公街100號, ,120.72177,23.81812,,,,,,,,,,,,,,,,,,,
屏東縣政府消防局屏二分隊,屏東縣屏東市龍華里龍華路52號,08-7517435,120.48455682684359,22.637661771952107,,,,,,,,,,,,,,,,,,,
屏東縣政府消防局特種搜救大隊,屏東縣長治鄉德成村中興路572-1號,7627471,120.54258427660535,22.69315267086031,,,,,,,,,,,,,,,,,,,
屏東縣政府消防局泰武分隊,屏東縣泰武鄉佳平村佳平巷122號,08-7834357,120.63359047288755,22.592178514060812,,,,,,,,,,,,,,,,,,,
屏東縣政府消防局三地門分隊,屏東縣三地門鄉中正路二段103號,08-7991970,120.65378738526854,22.71670425531705,,,,,,,,,,,,,,,,,,,
屏東縣政府消防局來義分隊,屏東縣來義鄉丹林村古義路2-1號,08-7850649,120.6478561056518,22.528527170304837,,,,,,,,,,,,,,,,,,,
屏東縣政府消防局竹田分隊,屏東縣竹田鄉自強路41-20號,08-7710498,120.54579345659053,22.584340638682555,,,,,,,,,,,,,,,,,,,
屏東縣政府消防局春日分隊,屏東縣春日鄉力里村圓山路27號,08-8791565,120.64770916749195,22.432821666801168,,,,,,,,,,,,,,,,,,,
屏東縣政府消防局牡丹分隊,屏東縣牡丹鄉牡丹路97號,08-8830545,120.8369530252732,22.17575933777459,,,,,,,,,,,,,,,,,,,
屏東縣政府消防局獅子分隊,屏東縣獅子鄉楓林村楓林2巷42號,08-8770833,120.70885179677944,22.196097402392944,,,,,,,,,,,,,,,,,,,
屏東縣政府消防局萬巒分隊,屏東縣萬巒鄉佳興路46號,08-7834161,120.59407528435766,22.5720432475939,,,,,,,,,,,,,,,,,,,
屏東縣政府消防局新埤分隊,屏東縣新埤鄉民眾路101號,08-7981133,120.58294700305112,22.468030474830538,,,,,,,,,,,,,,,,,,,
屏東縣政府消防局新園分隊,屏東縣新園鄉店口路116號,08-8684515,120.46157566853863,22.54333084283504,,,,,,,,,,,,,,,,,,,
屏東縣政府消防局崁頂分隊,屏東縣崁頂鄉興農路29之10號,08-8632430,120.50706138263563,22.51473962616682,,,,,,,,,,,,,,,,,,,
屏東縣政府消防局霧臺分隊,屏東縣霧臺鄉霧臺村神山巷69號,087902660,120.72659000783383,22.749497654346865,,,,,,,,,,,,,,,,,,,
屏東縣政府消防局墾丁分隊,屏東縣恆春鎮鵝鑾里船帆路730號,08-8851519,120.82340422798434,21.934560237365176,,,,,,,,,,,,,,,,,,,
屏東縣政府消防局,屏東縣屏東市忠孝路226號,08-7662911,120.4902849766762,22.693092193486027,,,,,,,,,,,,,,,,,,,
屏東縣政府消防局第一救災救護大隊,屏東縣屏東市豐榮里勝利東路47號,08-7360526,120.49853347765519,22.676891529295567,,,,,,,,,,,,,,,,,,,
屏東縣政府消防局屏東分隊,屏東縣屏東市豐榮里勝利東路47號,08-7360163,120.49853347765519,22.676891529295567,,,,,,,,,,,,,,,,,,,
屏東縣政府消防局長治分隊,屏東縣長治鄉德成村中興路572-1號,08-7626149,120.54258427660535,22.69315267086031,,,,,,,,,,,,,,,,,,,
屏東縣政府消防局里港分隊,屏東縣里港鄉信義路2號,08-7752564,120.49391401668056,22.779125211958082,,,,,,,,,,,,,,,,,,,
屏東縣政府消防局九如分隊,屏東縣九如鄉東寧村九如路二段412號,08-7390071,120.49050814901933,22.740060139645287,,,,,,,,,,,,,,,,,,,
屏東縣政府消防局高樹分隊,屏東縣高樹鄉興中路336號,08-7962134,120.60066315155012,22.826891973133982,,,,,,,,,,,,,,,,,,,
屏東縣政府消防局麟洛分隊,屏東縣麟洛鄉麟蹄村成功路192號,08-7221546,120.52585285551926,22.658557772212713,,,,,,,,,,,,,,,,,,,
屏東縣政府消防局鹽埔分隊,屏東縣鹽埔鄉勝利路165-1號,08-7932911,120.57718894632059,22.760258440621442,,,,,,,,,,,,,,,,,,,
屏東縣政府消防局瑪家分隊,屏東縣瑪家鄉風景1-20號,08-7991020,120.64545698127407,22.706429021914904,,,,,,,,,,,,,,,,,,,
屏東縣政府消防局第二救災救護大隊,屏東縣潮州鎮文化路191號,08-7806124,120.54350879228481,22.557828665471995,,,,,,,,,,,,,,,,,,,
屏東縣政府消防局萬丹分隊,屏東縣萬丹鄉和平東路69號,08-7772674,120.49020583668648,22.587762854538262,,,,,,,,,,,,,,,,,,,
屏東縣政府消防局內埔分隊,屏東縣內埔鄉內田村廣濟路209號,08-7792184,120.56636894258634,22.61381545633549,,,,,,,,,,,,,,,,,,,
屏東縣政府消防局龍泉分隊,屏東縣內埔鄉中勝路308號,08-7705079,120.60030098289612,22.66952765686477,,,,,,,,,,,,,,,,,,,
屏東縣政府消防局潮州分隊,屏東縣潮州鎮文化路191號,08-7882079,120.54350879228481,22.557828665471995,,,,,,,,,,,,,,,,,,,
屏東縣政府消防局第三救災救護大隊,屏東縣東港鎮船頭里船頭路9-60號,08-8322009,120.46130969882378,22.46316570433063,,,,,,,,,,,,,,,,,,,
屏東縣政府消防局東港分隊,屏東縣東港鎮船頭路9-60號,088322009,120.46130969882378,22.46316570433063,,,,,,,,,,,,,,,,,,,
屏東縣政府消防局林邊分隊,屏東縣林邊鄉美華路197-64號,(08)8752119,120.51981614665225,22.441459083179083,,,,,,,,,,,,,,,,,,,
屏東縣政府消防局南州分隊,屏東縣南州鄉人和路241號,08-8642297,120.50277984101453,22.48590275393731,,,,,,,,,,,,,,,,,,,
屏東縣政府消防局琉球分隊,屏東縣琉球鄉本福村民生路5-1號,08-8611765,120.37923775949713,22.350991713271412,,,,,,,,,,,,,,,,,,,
屏東縣政府消防局枋寮分隊,屏東縣枋寮鄉中山路7-29號,08-8782304,120.60036626290494,22.355003667865063,,,,,,,,,,,,,,,,,,,
屏東縣政府消防局佳冬分隊,屏東縣佳冬鄉佳冬村文化三路155號,08-8662119,120.55302397625849,22.41629176757818,,,,,,,,,,,,,,,,,,,
屏東縣政府消防局第四救災救護大隊,屏東縣恆春鎮天文路33號,08-8892959,120.74648343912365,22.003043337838857,,,,,,,,,,,,,,,,,,,
屏東縣政府消防局恆春分隊,屏東縣恆春鎮天文路33號,08-8892959,120.74648343912365,22.003043337838857,,,,,,,,,,,,,,,,,,,
屏東縣政府消防局滿州分隊,屏東縣滿州鄉中山路1號,08-8802971,120.83693237542899,22.01385406456447,,,,,,,,,,,,,,,,,,,
屏東縣政府消防局車城分隊,福安路2-6號,08-8825840,120.70863354155999,22.06907522128862,,,,,,,,,,,,,,,,,,,
屏東縣政府消防局枋山分隊,屏東縣枋山鄉舊庄路,08-8772267,0,0,,,,,,,,,,,,,,,,,,,
苗栗縣政府消防局,苗栗縣苗栗市嘉新里1鄰經國路四段201號,037-558119,120.84260054667726,24.58184838004769,,,,,,,,,,,,,,,,,,,
苗栗縣政府消防局第一救災救護大隊,苗栗縣苗栗市金鳳街111號,037-365180,120.82160805452,24.542057133319798,,,,,,,,,,,,,,,,,,,
苗栗縣政府消防局苗栗分隊,苗栗縣苗栗市金鳳街111號,037-320940,120.82160805452,24.542057133319798,,,,,,,,,,,,,,,,,,,
苗栗縣政府消防局公館分隊,苗栗縣公館鄉館南村館南街35-19號,037-222964,120.82174064111643,24.503156979564334,,,,,,,,,,,,,,,,,,,
苗栗縣政府消防局銅鑼分隊,苗栗縣銅鑼鄉武聖街7號,037-981540,120.78753291906673,24.48710306891122,,,,,,,,,,,,,,,,,,,
苗栗縣政府消防局三義分隊,苗栗縣三義鄉西湖村伯公坑209號,037-872119,120.75195431310306,24.382228590529113,,,,,,,,,,,,,,,,,,,
苗栗縣政府消防局頭屋分隊,苗栗縣頭屋鄉頭屋村24鄰尖豐路141-6號,037-250914,120.84737763710729,24.57412468251,,,,,,,,,,,,,,,,,,,
苗栗縣政府消防局第二救災救護大隊,苗栗縣竹南鎮博愛街785號,037-472061,120.86214553076654,24.690859571321926,,,,,,,,,,,,,,,,,,,
苗栗縣政府消防局竹南分隊,苗栗縣竹南鎮博愛街785號,037-472061,120.86214553076654,24.690859571321926,,,,,,,,,,,,,,,,,,,
苗栗縣政府消防局造橋分隊,苗栗縣造橋鄉造橋村老庄14鄰2-1號,037-541724,120.8663934079585,24.639039890298566,,,,,,,,,,,,,,,,,,,
苗栗縣政府消防局後龍分隊,苗栗縣後龍鎮南龍里光華路299號,037-722069,120.78640654875065,24.611000083155716,,,,,,,,,,,,,,,,,,,
苗栗縣政府消防局通霄分隊,苗栗縣通霄鎮平元里崇仁路36號,037-752405,120.68579176578602,24.489408213129845,,,,,,,,,,,,,,,,,,,
苗栗縣政府消防局苑裡分隊,苗栗縣苑裡鎮中正里14鄰中正113之3號,037-862010,120.6591060800803,24.42873200442841,,,,,,,,,,,,,,,,,,,
苗栗縣政府消防局西湖分隊,苗栗縣西湖鄉三湖村5鄰東三湖6-3號,037-922825,120.75544400437315,24.5548118298216,,,,,,,,,,,,,,,,,,,
苗栗縣政府消防局第三救災救護大隊,苗栗縣頭份市水源路1巷10號,037-594596,120.91053313988057,24.679321655962983,,,,,,,,,,,,,,,,,,,
苗栗縣政府消防局頭份分隊,苗栗縣頭份市下興里水源路1巷10號,037-663040,0,0,,,,,,,,,,,,,,,,,,,
苗栗縣政府消防局南庄分隊,苗栗縣南庄鄉大同路27之5號,037-823035,120.99880736209064,24.597584813072874,,,,,,,,,,,,,,,,,,,
苗栗縣政府消防局三灣分隊,苗栗縣三灣鄉中山路43號,037-831092,120.95530299726916,24.654782867254198,,,,,,,,,,,,,,,,,,,
苗栗縣政府消防局獅潭分隊,苗栗縣獅潭鄉新店村4鄰46-6號,037-932240,120.92154511984016,24.541687688454903,,,,,,,,,,,,,,,,,,,
苗栗縣政府消防局大湖分隊,苗栗縣大湖鄉靜湖村忠孝路198號,037-991182,120.867134453796,24.42554139536096,,,,,,,,,,,,,,,,,,,
苗栗縣政府消防局卓蘭分隊,苗栗縣卓蘭鎮新厝里3鄰中正路1之10號,04-25892717,120.81545412540437,24.313685481749644,,,,,,,,,,,,,,,,,,,
苗栗縣政府消防局泰安分隊,苗栗縣泰安鄉錦水村5鄰圓墩26號,037-941341,120.94299396071646,24.465787547093583,,,,,,,,,,,,,,,,,,,
苗栗縣政府消防局特搜大隊,苗栗縣苗栗市經國路四段201號,037-558159,120.84260054667726,24.58184838004769,,,,,,,,,,,,,,,,,,,
苗栗縣政府消防局第四救災救護大隊,苗栗縣通霄鎮崇仁路36號3樓,037-760740,120.68579176578602,24.489408213129845,,,,,,,,,,,,,,,,,,,
苗栗縣政府消防局第五救災救護大隊,苗栗縣大湖鄉忠孝路198號3樓,037-991451,120.867134453796,24.42554139536096,,,,,,,,,,,,,,,,,,,
苗栗縣政府消防局特搜分隊,苗栗縣苗栗市經國路四段201號,037-558159,120.84260054667726,24.58184838004769,,,,,,,,,,,,,,,,,,,
苗栗縣政府消防局象鼻分隊,苗栗縣泰安鄉象鼻村1鄰象鼻6之2號,037-962245,120.94664502760851,24.360684693663504,,,,,,,,,,,,,,,,,,,
桃園市政府消防局埔心分隊,桃園市楊梅區五守街150號,03-4817310,121.18698791377828,24.911290861115017,,,,,,,,,,,,,,,,,,,
桃園市政府消防局三民分隊,桃園市桃園區三民路三段26號,03-3339236,121.30681369864375,24.998014968436962,,,,,,,,,,,,,,,,,,,
桃園市政府消防局大有分隊,桃園市桃園區民有十街88號,03-3167112,121.32185138960637,25.0104848434835,,,,,,,,,,,,,,,,,,,
桃園市政府消防局興國分隊,桃園市中壢區中豐路88號,03-4258146,121.21978952922298,24.962321778254672,,,,,,,,,,,,,,,,,,,
桃園市政府消防局,桃園市桃園區力行路280號,03-3379119,121.29802005243619,24.999670939388313,,,,,,,,,,,,,,,,,,,
桃園市政府消防局第一救災救護大隊,桃園市桃園區力行路280號,03-3341765,121.29798629668099,24.99976399853845,,,,,,,,,,,,,,,,,,,
桃園市政府消防局桃園分隊,桃園市桃園區力行路280號,03-3322234,121.29798629668099,24.99976399853845,,,,,,,,,,,,,,,,,,,
桃園市政府消防局中路分隊,桃園市桃園區國豐六街96號,03-3441714,121.27792949154626,24.98987463977136,,,,,,,,,,,,,,,,,,,
桃園市政府消防局大林分隊,桃園市桃園區樹仁二街39號,03-3612240,121.32049089181567,24.97806003039627,,,,,,,,,,,,,,,,,,,
桃園市政府消防局八德分隊,桃園市八德區介壽路二段685巷10號,03-3681440,121.29845068165379,24.939250165288918,,,,,,,,,,,,,,,,,,,
桃園市政府消防局大湳分隊,桃園市八德區建國路1133號,03-3661570,121.29693412026027,24.95711617973317,,,,,,,,,,,,,,,,,,,
桃園市政府消防局龜山分隊,桃園市龜山區萬壽路二段639號,03-3299674,121.3463295963386,24.99923895200915,,,,,,,,,,,,,,,,,,,
桃園市政府消防局坪頂分隊,桃園市龜山區復興三路80號,03-3280309,121.3736695553433,25.052373788078064,,,,,,,,,,,,,,,,,,,
桃園市政府消防局迴龍分隊,桃園市龜山區萬壽路一段42號,02-82091576,121.41001364435012,25.02041797364577,,,,,,,,,,,,,,,,,,,
桃園市政府消防局第二救災救護大隊,桃園市中壢區義民路120號,03-4013312,121.21553012762426,24.953249385968373,,,,,,,,,,,,,,,,,,,
桃園市政府消防局中壢分隊,桃園市中壢區義民路120號,03-4013312,121.21553012762426,24.953249385968373,,,,,,,,,,,,,,,,,,,
桃園市政府消防局華勛分隊,桃園市中壢區榮民南路800號,03-4567991,121.25621459642196,24.94014854246848,,,,,,,,,,,,,,,,,,,
桃園市政府消防局內壢分隊,桃園市中壢區吉林路62號,03-4521694,121.2481495053379,24.980323142491187,,,,,,,,,,,,,,,,,,,
桃園市政府消防局龍岡分隊,桃園市中壢區龍岡路三段754號,03-4501498,121.24352789521762,24.925822947000665,,,,,,,,,,,,,,,,,,,
桃園市政府消防局楊梅分隊,桃園市楊梅區新農街245巷20號,03-4782294,121.15254462521762,24.910668007203107,,,,,,,,,,,,,,,,,,,
桃園市政府消防局幼獅分隊,桃園市楊梅區幼獅路一段456號,03-4829119,121.1763068910819,24.925784606078878,,,,,,,,,,,,,,,,,,,
桃園市政府消防局富岡分隊,桃園市楊梅區員本里12鄰員德路20號,03-2821184,121.0890115805583,24.936267761556593,,,,,,,,,,,,,,,,,,,
桃園市政府消防局新屋分隊,桃園市新屋區中華路436號,03-4772509,121.10647623111629,24.976506961003253,,,,,,,,,,,,,,,,,,,
桃園市政府消防局永安分隊,桃園市新屋區永安里濱海路永安段251巷51號,03-4861297,121.01930422631034,24.99166307403811,,,,,,,,,,,,,,,,,,,
桃園市政府消防局第三救災救護大隊,桃園市蘆竹區錦中村2鄰錦溪路119號,03-2127415,121.28904877494244,25.05491414941978,,,,,,,,,,,,,,,,,,,
桃園市政府消防局蘆竹分隊,桃園市蘆竹區錦溪路119號,03-3225344,121.28904877494244,25.05491414941978,,,,,,,,,,,,,,,,,,,
桃園市政府消防局山腳分隊,桃園市蘆竹區山外路119號,03-3249250,121.28860665569576,25.08292561911133,,,,,,,,,,,,,,,,,,,
桃園市政府消防局大竹分隊,桃園市蘆竹區上興路188號,03-3137935,121.26097277542105,25.018937891528136,,,,,,,,,,,,,,,,,,,
桃園市政府消防局大園分隊,桃園市大園區和平二街5號,03-3862332,121.20112640658277,25.061427327534634,,,,,,,,,,,,,,,,,,,
桃園市政府消防局觀音分隊,桃園市觀音區廣興里1鄰廣興一路118號,03-4732014,121.08656333373298,25.03186149250389,,,,,,,,,,,,,,,,,,,
桃園市政府消防局新坡分隊,桃園市觀音區大同里中山路二段670號,03-4981454,121.13630584438727,25.01256548593277,,,,,,,,,,,,,,,,,,,
桃園市政府消防局草漯分隊,桃園市觀音區工業五路1號,03-4830924,121.1178979906819,25.05277101362061,,,,,,,,,,,,,,,,,,,
桃園市政府消防局第四救災救護大隊,桃園市龍潭區中興路726號,03-4703930,121.22142402442587,24.869975744967473,,,,,,,,,,,,,,,,,,,
桃園市政府消防局圳頂分隊,桃園市大溪區介壽路740號,03-3891892,121.28457533178675,24.904725871872593,,,,,,,,,,,,,,,,,,,
桃園市政府消防局大溪分隊,桃園市大溪區月湖路36號,03-3882341,121.28693947527549,24.88880538749541,,,,,,,,,,,,,,,,,,,
桃園市政府消防局平鎮分隊,桃園市平鎮區中豐路南勢二段174號,03-4390315,121.20993630855287,24.914450979701098,,,,,,,,,,,,,,,,,,,
桃園市政府消防局復旦分隊,桃園市平鎮區復旦路二段133號,03-4947816,121.20249547399503,24.94759966817166,,,,,,,,,,,,,,,,,,,
桃園市政府消防局山峰分隊,桃園市平鎮區南豐路263號,03-4697041,121.20396803059958,24.899655298764785,,,,,,,,,,,,,,,,,,,
桃園市政府消防局龍潭分隊,桃園市龍潭區中興路726號,03-4792442,121.22142402442587,24.869975744967473,,,,,,,,,,,,,,,,,,,
桃園市政府消防局高平分隊,桃園市龍潭區渴望二路99巷15號,03-4072661,121.18383902724366,24.84187552678169,,,,,,,,,,,,,,,,,,,
桃園市政府消防局復興分隊,桃園市復興區澤仁里中山路2號,03-3822491,121.35072235473585,24.814230806604986,,,,,,,,,,,,,,,,,,,
桃園市政府消防局巴陵分隊,桃園市復興區華陵里巴崚26號,03-3913286,121.38425356940942,24.6782165521247,,,,,,,,,,,,,,,,,,,
特種救助隊第一搜救救助分隊,桃園市桃園區三民路三段26號,03-3339236,121.30681369864375,24.998014968436962,,,,,,,,,,,,,,,,,,,
特種救助隊第三搜救救助分隊,桃園市大園區和平二街18號,03-3862332,121.2011130651811,25.06169440189018,,,,,,,,,,,,,,,,,,,
桃園市政府消防局竹圍分隊,桃園市大園區竹圍里11鄰海方厝33之23號,03-3937029,121.24067345234593,25.100168143728087,,,,,,,,,,,,,,,,,,,
桃園市政府消防局青埔分隊,桃園市中壢區青埔路一段69號,03-4532910,121.21063076971872,25.013825000901797,,,,,,,,,,,,,,,,,,,
桃園市政府消防局茄苳分隊,桃園市八德區茄苳路950號,03-3779440,121.27889097406816,24.96554806309581,,,,,,,,,,,,,,,,,,,
特種救助隊第二搜救救助分隊,桃園市中壢區榮民南路800號4樓,03-4567600,121.25621459642196,24.94014854246848,,,,,,,,,,,,,,,,,,,
特種救助隊第四搜救救助分隊,桃園市龍潭區中興路726號,03-4706710,121.22142402442587,24.869975744967473,,,,,,,,,,,,,,,,,,,
桃園市政府消防局第五救災救護大隊,桃園市桃園區三民路三段26號,03-3339221,121.30681369864375,24.998014968436962,,,,,,,,,,,,,,,,,,,
高雄市政府消防局成功分隊,高雄市前鎮區凱旋四路119號1F,07-8226000,120.30742778680342,22.593132156527147,,,,,,,,,,,,,,,,,,,
高雄市政府消防局第六救災救護大隊,高雄市美濃區民生路75號,07-6817132,120.5423199355735,22.900653741666734,,,,,,,,,,,,,,,,,,,
高雄市政府消防局大樹分隊,高雄市大樹區龍目路158號,07-6512842,120.41421213960724,22.684048354466263,,,,,,,,,,,,,,,,,,,
高雄市政府消防局中庄分隊,高雄市大寮區八德路300號,07-7022090,120.39696886487232,22.632226246337577,,,,,,,,,,,,,,,,,,,
高雄市政府消防局第三救災救護大隊第一中隊,高雄市鳳山區經武路36號,07-7469595,120.36282077928193,22.627612379592424,,,,,,,,,,,,,,,,,,,
高雄市政府消防局第四救災救護大隊第一中隊,高雄市燕巢區中安路5號,07-6162595,120.36132657086834,22.78816979094937,,,,,,,,,,,,,,,,,,,
高雄市政府消防局第五救災救護大隊第二中隊,高雄市彌陀區中正北路7號,07-6100890,120.24630169580008,22.78394181661457,,,,,,,,,,,,,,,,,,,
高雄市政府消防局第五救災救護大隊第一中隊,高雄市路竹區國昌路78號2樓,07-6963807,120.25897819869411,22.854832970624607,,,,,,,,,,,,,,,,,,,
高雄市政府消防局第六救災救護大隊第一中隊,高雄市旗山區延平一路507號,07-6612300,120.48334481045572,22.888235206146625,,,,,,,,,,,,,,,,,,,
高雄市政府消防局第六救災救護大隊第二中隊,高雄市杉林區清水路中學巷6之1號,07-6772204,120.52695158979022,22.960382020760076,,,,,,,,,,,,,,,,,,,
高雄市政府消防局田寮分隊,高雄市田寮區七星路51-1號,07-6362081,120.40559094104675,22.8252765236348,,,,,,,,,,,,,,,,,,,
高雄市政府消防局高桂分隊,高雄市小港區博學路369號,07-8036119,120.37066510626147,22.562381277445905,,,,,,,,,,,,,,,,,,,
高雄市政府消防局第四救災救護大隊,高雄市仁武區仁林路66號,07-3718069,120.3586727676211,22.701550924615713,,,,,,,,,,,,,,,,,,,
高雄市政府消防局第三救災救護大隊,高雄市鳳山區鳳頂路360號,07-7926119,120.35926677737065,22.592532552695467,,,,,,,,,,,,,,,,,,,
高雄市政府消防局鳳祥分隊,高雄市鳳山區鳳頂路360號,07-7925119,120.35926677737065,22.592532552695467,,,,,,,,,,,,,,,,,,,
高雄市政府消防局鳳山分隊,高雄市鳳山區經武路36號,07-7469595,120.36282077928193,22.627612379592424,,,,,,,,,,,,,,,,,,,
高雄市政府消防局五甲分隊,高雄市鳳山區五甲二路472號,07-7130696,120.33490725525135,22.59758473471438,,,,,,,,,,,,,,,,,,,
高雄市政府消防局林園分隊,高雄市林園區林園北路187號,6412310,120.3952378750947,22.507664569239836,,,,,,,,,,,,,,,,,,,
高雄市政府消防局大寮分隊,高雄市大寮區鳳林三路569-1號,07-7811457,120.3947608528177,22.608112115284975,,,,,,,,,,,,,,,,,,,
高雄市政府消防局仁武分隊,高雄市仁武區仁林路66號,07-3719595,120.3586727676211,22.701550924615713,,,,,,,,,,,,,,,,,,,
高雄市政府消防局大社分隊,高雄市大社區金龍路67號,07-3541707,120.35408751814661,22.729337855438843,,,,,,,,,,,,,,,,,,,
高雄市政府消防局鳥松分隊,高雄市鳥松區公園路51號,07-7329758,120.359933479965,22.656310782590335,,,,,,,,,,,,,,,,,,,
高雄市政府消防局路竹分隊,高雄市路竹區國昌路78號,07-6963807,0,0,,,,,,,,,,,,,,,,,,,
高雄市政府消防局岡山分隊,高雄市岡山區壽天路19號,076212300,120.29443607001691,22.796302223934298,,,,,,,,,,,,,,,,,,,
高雄市政府消防局橋頭分隊,高雄市橋頭區甲樹路1168號,076111495,120.29678599050501,22.741436474350078,,,,,,,,,,,,,,,,,,,
高雄市政府消防局梓官分隊,高雄市梓官區進學路136號,07-6192894,120.26296236225251,22.76035918981935,,,,,,,,,,,,,,,,,,,
高雄市政府消防局燕巢分隊,高雄市燕巢區中安路5號,07-6162595,120.36132657086834,22.78816979094937,,,,,,,,,,,,,,,,,,,
高雄市政府消防局永安分隊,高雄市永安區永安路7號,07-6910073,120.23686024580539,22.823144861303263,,,,,,,,,,,,,,,,,,,
高雄市政府消防局阿蓮分隊,高雄市阿蓮區忠孝路200號,07-6312019,120.32947347692763,22.87915254178752,,,,,,,,,,,,,,,,,,,
高雄市政府消防局茄萣分隊,高雄市茄萣區茄萣路二段422號,07-6904163,120.1831865973149,22.903534159840383,,,,,,,,,,,,,,,,,,,
高雄市政府消防局湖內分隊,高雄市湖內區中正路二段93號,07-6995884,120.21107478459164,22.908226355760323,,,,,,,,,,,,,,,,,,,
高雄市政府消防局彌陀分隊,高雄市彌陀區中正北路7號,07-6100890,120.24630169580008,22.78394181661457,,,,,,,,,,,,,,,,,,,
高雄市政府消防局第五救災救護大隊,高雄市路竹區國昌路78號,07-6970449,120.25897819869411,22.854832970624607,,,,,,,,,,,,,,,,,,,
高雄市政府消防局美濃分隊,高雄市美濃區民生路75號,07-681-2039,120.5423199355735,22.900653741666734,,,,,,,,,,,,,,,,,,,
高雄市政府消防局杉林分隊,高雄市杉林區清水路中學巷6-1號,07-6772204,120.54243793655316,22.967885291852188,,,,,,,,,,,,,,,,,,,
高雄市政府消防局旗山分隊,高雄市旗山區延平一路507號,07-6612300,120.48334481045572,22.888235206146625,,,,,,,,,,,,,,,,,,,
高雄市政府消防局甲仙分隊,高雄市甲仙區林森路2號,07-6751995,120.59026136564226,23.083288684161786,,,,,,,,,,,,,,,,,,,
高雄市政府消防局內門分隊,高雄市內門區菜公坑50號,07-6673334,120.45856564039636,22.929613271166982,,,,,,,,,,,,,,,,,,,
高雄市政府消防局六龜分隊,高雄市六龜區民治路9號,07-6891324,120.63364637475858,22.997836586033102,,,,,,,,,,,,,,,,,,,
高雄市政府消防局桃源分隊,高雄市桃源區桃源里南進巷199號,07-6861358,120.7641659464714,23.158137555869025,,,,,,,,,,,,,,,,,,,
高雄市政府消防局寶來分隊,高雄市六龜區中正路137-3號,07-6881382,120.703235891409,23.110495273220675,,,,,,,,,,,,,,,,,,,
高雄市政府消防局茂林分隊,高雄市茂林區茂林里茂林巷119號,07-6801610,120.67043586142272,22.893761737807598,,,,,,,,,,,,,,,,,,,
高雄市政府消防局,高雄市前鎮區凱旋四路119號,07-8128111,120.30742778680342,22.593132156527147,,,,,,,,,,,,,,,,,,,
高雄市政府消防局第一救災救護大隊,高雄市苓雅區三多一路162號4F,07-7714356,120.33060706579575,22.62266979811927,,,,,,,,,,,,,,,,,,,
高雄市政府消防局第一救災救護大隊第一中隊,高雄市新興區中正三路3號,07-2265662,120.31133244303012,22.63046338693517,,,,,,,,,,,,,,,,,,,
高雄市政府消防局前金分隊,高雄市前金區中正四路191號2樓,07-2613836,120.29428897000466,22.628598801938598,,,,,,,,,,,,,,,,,,,
高雄市政府消防局新興分隊,高雄市新興區中正三路3號,07-2265662,120.31133244303012,22.63046338693517,,,,,,,,,,,,,,,,,,,
高雄市政府消防局第一救災救護大隊第二中隊,高雄市前鎮區康定路113號,07-8311385,120.31903231647179,22.58658756378936,,,,,,,,,,,,,,,,,,,
高雄市政府消防局瑞隆分隊,高雄市前鎮區班超路53號,07-8222146,120.3257753000273,22.600282218531074,,,,,,,,,,,,,,,,,,,
高雄市政府消防局苓雅分隊,高雄市苓雅區三多一路162號,07-7711393,120.33060706579575,22.62266979811927,,,,,,,,,,,,,,,,,,,
高雄市政府消防局第三救災救護大隊第三中隊,高雄市小港區博學路369號,07-8036119,120.37066510626147,22.562381277445905,,,,,,,,,,,,,,,,,,,
高雄市政府消防局旗津分隊,高雄市旗津區旗津二路600號,07-5712519,120.28817784349523,22.585896627765372,,,,,,,,,,,,,,,,,,,
高雄市政府消防局前鎮分隊,高雄市前鎮區康定路113號,07-8311385,120.31903232610787,22.586587581891713,,,,,,,,,,,,,,,,,,,
高雄市政府消防局小港分隊,高雄市小港區平和南路119號,07-8415978,120.33635902628339,22.56293542330238,,,,,,,,,,,,,,,,,,,
高雄市政府消防局大林分隊,高雄市小港區鳳林路116號,07-8711511,120.34601265876823,22.527070845971448,,,,,,,,,,,,,,,,,,,
高雄市政府消防局第二救災救護大隊,高雄市三民區天祥一路97號6F,07-3106122,120.32180965316493,22.666853319842218,,,,,,,,,,,,,,,,,,,
高雄市政府消防局第二救災救護大隊第一中隊,高雄市三民區大順二路468號,07-3526040,120.3250137430486,22.649314857820958,,,,,,,,,,,,,,,,,,,
高雄市政府消防局楠梓分隊,高雄市楠梓區楠梓路418號,07-3533651,120.32533044757952,22.736871770017448,,,,,,,,,,,,,,,,,,,
高雄市政府消防局右昌分隊,高雄市楠梓區後昌路1133號,07-3651482,120.29173617748528,22.717654767241942,,,,,,,,,,,,,,,,,,,
高雄市政府消防局新莊分隊,高雄市左營區民族一路749號,07-3455506,120.31812646233173,22.675421242726532,,,,,,,,,,,,,,,,,,,
高雄市政府消防局第二救災救護大隊第二中隊,高雄市鼓山區中華一路2320號,07-5545527,120.29160242835717,22.650121183002362,,,,,,,,,,,,,,,,,,,
高雄市政府消防局十全分隊,高雄市三民區十全一路88號,07-3117716,120.31134771622189,22.644997680820964,,,,,,,,,,,,,,,,,,,
高雄市政府消防局大昌分隊,高雄市三民區大順二路468號,073854955,120.3250137430486,22.649314857820958,,,,,,,,,,,,,,,,,,,
高雄市政府消防局鼎金分隊,高雄市三民區天祥一路97號,07-3106121,120.32180965316493,22.666853319842218,,,,,,,,,,,,,,,,,,,
高雄市政府消防局第四救災救護大隊第三中隊,高雄市楠梓區楠梓路418號,07-3533651,120.32533044757952,22.736871770017448,,,,,,,,,,,,,,,,,,,
高雄市政府消防局鼓山分隊,高雄市鼓山區臨海一路61-1號,(07)5213712,120.27547965705827,22.623348512333163,,,,,,,,,,,,,,,,,,,
高雄市政府消防局中華分隊,高雄市鼓山區中華一路2320號,07-5545527,120.29160242835717,22.650121183002362,,,,,,,,,,,,,,,,,,,
高雄市政府消防局左營分隊,高雄市左營區鼓山三路450號,07-5818550,120.28575568788494,22.67133143615084,,,,,,,,,,,,,,,,,,,
高雄市政府消防局第三救災救護大隊第二中隊,高雄市大寮區八德路300號,07-7022090,120.3969688553805,22.6322261921171,,,,,,,,,,,,,,,,,,,
高雄市政府消防局那瑪夏分隊,高雄市那瑪夏區瑪雅村平和巷6-2號,07-6701440,120.69507114373285,23.231236854074293,,,,,,,,,,,,,,,,,,,
高雄市政府消防局第四救災救護大隊第二中隊,高雄市仁武區仁林路66號,07-7329758,120.3586727676211,22.701550924615713,,,,,,,,,,,,,,,,,,,
高雄市政府消防局第四救災救護大隊特搜中隊,高雄市仁武區仁林路66號4樓,07-3732415,120.3586727676211,22.701550924615713,,,,,,,,,,,,,,,,,,,
高雄市政府消防局第六救災救護大隊第三中隊,高雄市六龜區中正路137-3號,07-6881382,120.703235891409,23.110495273220675,,,,,,,,,,,,,,,,,,,
西岸分隊,基隆市中山區中山二路137號,0224206119,121.73907426439163,25.14500754567776,,,,,,,,,,,,,,,,,,,
東岸分隊,基隆市中正區東海街6號,02-24206521,121.757904387496,25.141239750275755,,,,,,,,,,,,,,,,,,,
基隆市消防局七堵分隊,基隆市七堵區光明路145號,02-2455-1256,121.71248810632508,25.094163595357358,,,,,,,,,,,,,,,,,,,
基隆市消防局,基隆市安樂區基金一路129巷6號,02-24252119,121.71404211523719,25.13862412635843,,,,,,,,,,,,,,,,,,,
基隆市消防局第一救災救護大隊,基隆市中正區信二路299號2F,02-24288766,121.74621479701504,25.130857372953063,,,,,,,,,,,,,,,,,,,
基隆市消防局仁愛分隊,基隆市仁愛區成功一路86號,02-24316900,121.73789528097359,25.127212381378378,,,,,,,,,,,,,,,,,,,
基隆市消防局信二分隊,基隆市中正區信二路299號,02-24222615,121.74621479701504,25.130857372953063,,,,,,,,,,,,,,,,,,,
基隆市消防局中正分隊,基隆市中正區環港街100號,02-24696891,121.79332576283893,25.140109460327576,,,,,,,,,,,,,,,,,,,
基隆市消防局信義分隊,基隆市信義區教忠街65號,02-24220362,121.77825608942408,25.1363711239864,,,,,,,,,,,,,,,,,,,
基隆市消防局第二救災救護大隊,基隆市七堵區光明路145號,02-24551253,121.71248810632508,25.094163595357358,,,,,,,,,,,,,,,,,,,
基隆市消防局百福分隊,基隆市七堵區百六街116號,02-24527429,121.69809107875058,25.085516536905622,,,,,,,,,,,,,,,,,,,
基隆市消防局中山分隊,基隆市中山區復興路204號,02-24367718,121.72735974432962,25.145866380547435,,,,,,,,,,,,,,,,,,,
基隆市消防局暖暖分隊,基隆市暖暖區源遠路30號,02-24574119,121.73794594435473,25.102720979313872,,,,,,,,,,,,,,,,,,,
基隆市消防局安樂分隊,基隆市安樂區基金一路129巷6號,02-24302691,121.71404211523719,25.13862412635843,,,,,,,,,,,,,,,,,,,
連江縣消防局,連江縣南竿鄉清水村84-1號,0836-23799,119.93940179643576,26.147285955499417,,,,,,,,,,,,,,,,,,,
連江縣消防局北竿分隊,連江縣北竿鄉塘岐村274-2號,(0836)56661,119.9995599803775,26.22494441966138,,,,,,,,,,,,,,,,,,,
連江縣消防局莒光分隊,連江縣莒光鄉田沃村79號,0836-89210,119.93669578784944,25.97270951606069,,,,,,,,,,,,,,,,,,,
連江縣消防局東引分隊,連江縣東引鄉中柳村121-2號,0836-76355,120.48927994703297,26.368358432998466,,,,,,,,,,,,,,,,,,,
連江縣消防局南竿分隊,連江縣南竿鄉清水村84-1號,0836-23821,119.93940179643576,26.147285955499417,,,,,,,,,,,,,,,,,,,
連江縣消防局東莒分隊,連江縣莒光鄉大坪村79-1號,836-89207,119.97174967549861,25.959781970784483,,,,,,,,,,,,,,,,,,,
救災救護大隊,連江縣北竿鄉塘岐村274-2號,083656661,119.9995599803775,26.22494441966138,,,,,,,,,,,,,,,,,,,
連江縣消防局介壽分隊,連江縣南竿鄉介壽村156-8號,08-3623685,119.95288131813243,26.153190629006488,,,,,,,,,,,,,,,,,,,
雲林縣消防局公園分隊,雲林縣斗六市公園路6號,055325707,120.53054891423636,23.698589534910308,,,,,,,,,,,,,,,,,,,
雲林縣消防局,雲林縣斗六市公園路6號,05-5325707,120.53054891423636,23.698589534910308,,,,,,,,,,,,,,,,,,,
雲林縣消防局第一救災救護大隊,雲林縣斗六市鎮北路345-1號,05-5517911,120.54134298008518,23.720645157177795,,,,,,,,,,,,,,,,,,,
雲林縣消防局斗六分隊,雲林縣斗六市鎮北路345-1號,05-5511129,120.54134298008518,23.720645157177795,,,,,,,,,,,,,,,,,,,
雲林縣消防局林內分隊,雲林縣林內鄉中正路685號,05-5891360,120.60969484559632,23.748851548751823,,,,,,,,,,,,,,,,,,,
雲林縣消防局莿桐分隊,雲林縣莿桐鄉中山路170號,05-5842094,120.50002040113641,23.75929002722729,,,,,,,,,,,,,,,,,,,
雲林縣消防局斗南分隊,雲林縣斗南鎮自強路11號,05-5972374,120.48311026416536,23.682921334362977,,,,,,,,,,,,,,,,,,,
雲林縣消防局大埤分隊,雲林縣大埤鄉大埤路440號,05-5912009,120.43925837873857,23.64929107923035,,,,,,,,,,,,,,,,,,,
雲林縣消防局古坑分隊,雲林縣古坑鄉中山路393號,05-5821537,120.55987916605842,23.654331287697975,,,,,,,,,,,,,,,,,,,
雲林縣消防局第二救災救護大隊,雲林縣土庫鎮建國路41號,05-6629661,120.39562820282015,23.679041115883724,,,,,,,,,,,,,,,,,,,
雲林縣消防局虎尾分隊,雲林縣虎尾鎮行政路10號,05-6322150,120.44499107798867,23.70886496671886,,,,,,,,,,,,,,,,,,,
雲林縣消防局土庫分隊,雲林縣土庫鎮建國路41號,05-6622520,120.39562820282015,23.679041115883724,,,,,,,,,,,,,,,,,,,
雲林縣消防局褒忠分隊,雲林縣褒忠鄉中民村中正路453號,05-6972146,120.30341948826644,23.69089295739057,,,,,,,,,,,,,,,,,,,
雲林縣消防局元長分隊,雲林縣元長鄉中山路124-3號,05-7882019,120.31294646627673,23.65440071902809,,,,,,,,,,,,,,,,,,,
雲林縣消防局西螺分隊,雲林縣西螺鎮中山東路42號,055862012,120.46744426717471,23.800440023244114,,,,,,,,,,,,,,,,,,,
雲林縣消防局二崙分隊,雲林縣二崙鄉中正路80號,05-5989119,120.4089067914099,23.77270758576303,,,,,,,,,,,,,,,,,,,
雲林縣消防局崙背分隊,雲林縣崙背鄉行政街8號,05-6962208,120.35859825393915,23.761780580998092,,,,,,,,,,,,,,,,,,,
雲林縣消防局第三救災救護大隊,雲林縣北港鎮大同路565號,05-7732514,120.2917522710837,23.574132848122193,,,,,,,,,,,,,,,,,,,
雲林縣消防局北港分隊,雲林縣北港鎮大同路565號,05-7832200,120.2917522710837,23.574132848122193,,,,,,,,,,,,,,,,,,,
雲林縣消防局水林分隊,雲林縣水林鄉水林路62號,05-7852609,120.24379384674774,23.572266767307084,,,,,,,,,,,,,,,,,,,
雲林縣消防局口湖分隊,雲林縣口湖鄉中正路一段288號,05-7892119,120.18045056966325,23.585240908444142,,,,,,,,,,,,,,,,,,,
雲林縣消防局臺西分隊,雲林縣台西鄉中山路110巷38號,05-6982209,120.19759797816634,23.70121388343708,,,,,,,,,,,,,,,,,,,
雲林縣消防局東勢分隊,雲林縣東勢鄉東勢東路218之2號,05-6995119,120.2589039668035,23.67314809405095,,,,,,,,,,,,,,,,,,,
雲林縣消防局四湖分隊,雲林縣四湖鄉中山西路203號,05-7872474,120.2200313084865,23.637334831402352,,,,,,,,,,,,,,,,,,,
雲林縣消防局麥寮分隊,雲林縣麥寮鄉泰順路210號,05-6933143,120.25734686019912,23.751812197454694,,,,,,,,,,,,,,,,,,,
新北市政府消防局五泰林中隊,新北市泰山區明志路二段188號,02-22962640,121.42739140722104,25.050060281099224,,,,,,,,,,,,,,,,,,,
新北市政府消防局新莊中隊,新北市新莊區中原路512號,02-85217645,121.44669560786322,25.05458892359602,,,,,,,,,,,,,,,,,,,
新北市政府消防局永和中隊,新北市永和區永利路72號-1，4樓,0229280206,121.52028815452131,25.004127790230626,,,,,,,,,,,,,,,,,,,
新北市政府消防局三重中隊,新北市三重區中興北街225號,02-29951119,121.46911428818382,25.058572240238544,,,,,,,,,,,,,,,,,,,
新北市政府消防局淡水中隊,新北市淡水區中正東路一段125號5樓,02-26259037,121.45561702189086,25.159542959708688,,,,,,,,,,,,,,,,,,,
新北市政府消防局新店中隊,新北市深坑區文山路一段35號4樓,02-26644220,121.62811335024053,25.00264784627336,,,,,,,,,,,,,,,,,,,
新北市政府消防局土城中隊,新北市土城區金城路一段90號,02-22602524,121.44512723533855,24.973330022935546,,,,,,,,,,,,,,,,,,,
新北市政府消防局新板分隊,新北市板橋區民族路57號,02-29557119,121.46441589116517,25.00913780824802,,,,,,,,,,,,,,,,,,,
新北市政府消防局第七救災救護大隊,新北市永和區環河西路二段177-1號,02-22311575,121.505041,25.013317,,,,,,,,,,,,,,,,,,,
新北市政府消防局員山分隊,新北市中和區中正路1163號,02-22259418,121.48161410328133,25.00911253161944,,,,,,,,,,,,,,,,,,,
新北市政府消防局板橋中隊,新北市板橋區重慶路293號,02-22554614,121.46337754903799,24.999116112544623,,,,,,,,,,,,,,,,,,,
新北市政府消防局裕民分隊,新北市新莊區裕民街136號,02-29022119,121.41777991890702,25.021885320089154,,,,,,,,,,,,,,,,,,,
新北市政府消防局永平分隊,新北市永和區環河西路二段177-1號,02-32335119,121.50504089026016,25.013317059763395,,,,,,,,,,,,,,,,,,,
新北市政府消防局更寮分隊,新北市五股區中興路二段83巷26-6號,02-29884119,121.45946887844947,25.07583827414517,,,,,,,,,,,,,,,,,,,
新北市政府消防局安和分隊,新北市新店區安和路三段3號,02-29486948,121.51712617228169,24.98028409563892,,,,,,,,,,,,,,,,,,,
新北市政府消防局九份分隊,新北市瑞芳區崙頂路1-5號,02-24061500,121.84679766416245,25.106101833996327,,,,,,,,,,,,,,,,,,,
新北市政府消防局,新北市板橋區中山路一段161號9樓,02-29603456,121.465624,25.01208,,,,,,,,,,,,,,,,,,,
新北市政府消防局第一救災救護大隊,新北市板橋區莒光路161號3樓,02-22528119,121.47392661951801,25.024302338054436,,,,,,,,,,,,,,,,,,,
新北市政府消防局南勢分隊,新北市中和區南山路236號,02-2944-0056,121.50650335115542,24.98965537369359,,,,,,,,,,,,,,,,,,,
新北市政府消防局國光分隊,新北市中和區莒光路160-1號,02-89513511,121.47259179256376,24.999658177252755,,,,,,,,,,,,,,,,,,,
新北市政府消防局永和分隊,新北市永和區警光街1-1號,02-29214784,121.51987695626055,25.00950346847379,,,,,,,,,,,,,,,,,,,
新北市政府消防局永利分隊,新北市永和區永利路72-1號,02-29295119,121.52012428031038,25.00427049331442,,,,,,,,,,,,,,,,,,,
新北市政府消防局莒光分隊,新北市板橋區莒光路161號1樓,02-22515614,121.47392661951801,25.024302338054436,,,,,,,,,,,,,,,,,,,
新北市政府消防局板橋分隊,新北市板橋區重慶路293號,02-29554614,121.46337754903799,24.999116112544623,,,,,,,,,,,,,,,,,,,
新北市政府消防局大觀分隊,新北市板橋區大觀路一段38巷臨1-3號,02-29666144,121.44631758041642,25.004349938055277,,,,,,,,,,,,,,,,,,,
新北市政府消防局海山分隊,新北市板橋區英士路151號,02-22596285,121.4599536982261,25.024044109514378,,,,,,,,,,,,,,,,,,,
新北市政府消防局民生分隊,新北市板橋區民生路二段臨56-2號,02-29563260,121.4706932025853,25.01935282950382,,,,,,,,,,,,,,,,,,,
新北市政府消防局溪崑分隊,新北市板橋區篤行路二段135號,02-26878815,121.43157895778208,24.9902814035107,,,,,,,,,,,,,,,,,,,
新北市政府消防局第二救災救護大隊,新北市新莊區中正路170號5樓,02-29985958,121.45099175256155,25.035936762309223,,,,,,,,,,,,,,,,,,,
新北市政府消防局五工分隊,新北市新莊區五工路97巷5號,02-89903673,121.45674894165157,25.063262354777738,,,,,,,,,,,,,,,,,,,
新北市政府消防局福營分隊,新北市新莊區福營路279號,02-29032119,121.42761571079164,25.029440798545433,,,,,,,,,,,,,,,,,,,
新北市政府消防局新莊分隊,新北市新莊區中正路170號,02-29924050,121.45099175256155,25.035936762309223,,,,,,,,,,,,,,,,,,,
新北市政府消防局中港分隊,新北市新莊區中原路512號,02-85216119,121.44669560786322,25.05458892359602,,,,,,,,,,,,,,,,,,,
新北市政府消防局頭前分隊,新北市新莊區幸福東路7號,02-29922259,121.46689325035393,25.0492221220527,,,,,,,,,,,,,,,,,,,
新北市政府消防局五股分隊,新北市五股區工商路1號,02-22921119,121.4398174313165,25.082467472274374,,,,,,,,,,,,,,,,,,,
新北市政府消防局德音分隊,新北市五股區明德路8號,02-2291-2363,121.4334402727702,25.071444046438835,,,,,,,,,,,,,,,,,,,
新北市政府消防局泰山分隊,新北市泰山區明志路二段188號,02-22962640,121.42739140722104,25.050060281099224,,,,,,,,,,,,,,,,,,,
新北市政府消防局林口分隊,新北市林口區中山路137號,02-26011166,121.38838925428983,25.0788243879972,,,,,,,,,,,,,,,,,,,
新北市政府消防局第三救災救護大隊,新北市蘆洲區長榮路792號,02-82859119,121.46142879016412,25.092974941803195,,,,,,,,,,,,,,,,,,,
新北市政府消防局三重分隊,新北市三重區文化南路44號,02-29750105,121.50050980755805,25.060156510813577,,,,,,,,,,,,,,,,,,,
新北市政府消防局重陽分隊,新北市三重區重陽路一段123號,02-29889009,121.48698742458868,25.06113091399138,,,,,,,,,,,,,,,,,,,
新北市政府消防局慈福分隊,新北市三重區溪尾街301號,02-2857-5564,121.4876268484132,25.083391962236863,,,,,,,,,,,,,,,,,,,
新北市政府消防局二重分隊,新北市三重區中興北街225號,02-29959720,121.46911428818382,25.058572240238544,,,,,,,,,,,,,,,,,,,
新北市政府消防局成功分隊,新北市蘆洲區中山一路415號,02-22821119,121.46897727109187,25.07674732329903,,,,,,,,,,,,,,,,,,,
新北市政府消防局龍源分隊,新北市八里區龍米路一段225號,02-26181730,121.45136261568669,25.13234959355253,,,,,,,,,,,,,,,,,,,
新北市政府消防局八里分隊,新北市八里區中山路二段76號,02-26102718,121.40816845607593,25.1558295485322,,,,,,,,,,,,,,,,,,,
新北市政府消防局淡水分隊,新北市淡水區新生街29號,02-26210140,121.43970432847664,25.17491183209582,,,,,,,,,,,,,,,,,,,
新北市政府消防局竹圍分隊,新北市淡水區中正東路一段125號,02-26290366,121.45561702189086,25.159542959708688,,,,,,,,,,,,,,,,,,,
新北市政府消防局三芝分隊,新北市三芝區中山路一段10號,02-26362457,121.50061871070662,25.258541065064634,,,,,,,,,,,,,,,,,,,
新北市政府消防局第四救災救護大隊,新北市新店區北新路一段98號5樓,02-29110163,121.54219762371513,24.969111894533153,,,,,,,,,,,,,,,,,,,
新北市政府消防局新店分隊,新北市新店區北新路一段98號,02-29117947,121.54219762371513,24.969111894533153,,,,,,,,,,,,,,,,,,,
新北市政府消防局直潭分隊,新北市新店區直潭十街25號,02-26660170,121.5343116043698,24.9385877185455,,,,,,,,,,,,,,,,,,,
新北市政府消防局安康分隊,新北市新店區安康路三段2號1樓,02-22141860,121.49374292158882,24.953824022582754,,,,,,,,,,,,,,,,,,,
新北市政府消防局石碇分隊,新北市石碇區碇坪路一段81號,02-26632234,121.66070562817025,24.991216460294826,,,,,,,,,,,,,,,,,,,
新北市政府消防局坪林分隊,新北市坪林區坪林里國中路1號,02-26656119,121.7125676095196,24.9366477204761,,,,,,,,,,,,,,,,,,,
新北市政府消防局雪山分隊,新北市坪林區坪雙路一段56號,02-26658330,121.71396508878773,24.942887569207905,,,,,,,,,,,,,,,,,,,
新北市政府消防局烏來分隊,新北市烏來區環山路51號,(02)26616187,121.5485773769615,24.863964648934797,,,,,,,,,,,,,,,,,,,
新北市政府消防局深坑分隊,新北市深坑區文山路一段35號1樓,02-26621115,121.62811335024053,25.00264784627336,,,,,,,,,,,,,,,,,,,
新北市政府消防局第五救災救護大隊,新北市三峽區隆恩街247號,02-86713380#3519,121.35733978850249,24.940700736686043,,,,,,,,,,,,,,,,,,,
新北市政府消防局土城分隊,新北市土城區金城路一段90號,02-22602524,121.44512723533855,24.973330022935546,,,,,,,,,,,,,,,,,,,
新北市政府消防局清水分隊,新北市土城區青雲路35號,02-22615281,121.46013432036808,24.98855437176698,,,,,,,,,,,,,,,,,,,
新北市政府消防局頂埔分隊,新北市土城區中山路49號,02-2268-1574,121.42143421002325,24.963089251347633,,,,,,,,,,,,,,,,,,,
新北市政府消防局樹林分隊,新北市樹林區環漢路五段50號,02-86859790,121.42167443311597,24.974538384834105,,,,,,,,,,,,,,,,,,,
新北市政府消防局樹潭分隊,新北市樹林區俊保路160號,02-26822119,121.42295337058498,25.008655485148864,,,,,,,,,,,,,,,,,,,
新北市政府消防局柑園分隊,新北市樹林區柑園街一段60號,02-26802134,121.40272344667663,24.960408840552624,,,,,,,,,,,,,,,,,,,
新北市政府消防局三峽分隊,新北市三峽區中正路一段46號,02-26711119,121.37534818711525,24.93064298628805,,,,,,,,,,,,,,,,,,,
新北市政府消防局隆恩分隊,新北市三峽區隆恩街247號,02-26747927,121.35733978850249,24.940700736686043,,,,,,,,,,,,,,,,,,,
新北市政府消防局鶯歌分隊,新北市鶯歌區建國路420號,02-26792082,121.34283522741973,24.95189485446712,,,,,,,,,,,,,,,,,,,
新北市政府消防局第六救災救護大隊,新北市汐止區福德一路236號,02-26947119,121.63377178120017,25.064852542793027,,,,,,,,,,,,,,,,,,,
新北市政府消防局社后分隊,新北市汐止區中興里福德一路236號,02-86931911,121.6546992,25.07331322,,,,,,,,,,,,,,,,,,,
新北市政府消防局汐止分隊,新北市汐止區大同路二段447號,02-26413249,121.65953896940513,25.067734880684256,,,,,,,,,,,,,,,,,,,
新北市政府消防局秀峰分隊,新北市汐止區忠孝東路1-1號,02-2641-2052,121.6570318882446,25.06413086590766,,,,,,,,,,,,,,,,,,,
新北市政府消防局長青分隊,新北市汐止區永春一路4號,02-26451334,121.60352181470293,25.11279015357118,,,,,,,,,,,,,,,,,,,
新北市政府消防局橫科分隊,新北市汐止區橫科路119號,02-26600623,121.6201480429563,25.050521596647318,,,,,,,,,,,,,,,,,,,
新北市政府消防局瑞芳分隊,新北市瑞芳區中正路30號,02-24971600,121.80759030718794,25.10733078391746,,,,,,,,,,,,,,,,,,,
新北市政府消防局瑞亭分隊,新北市瑞芳區大埔路176號,02-24578684,121.762199076869,25.10229544145562,,,,,,,,,,,,,,,,,,,
新北市政府消防局南雅分隊,新北市板橋區南雅南路二段15號,02-8951-3518,121.45393464236186,25.001280151075367,,,,,,,,,,,,,,,,,,,
新北市政府消防局石門分隊,新北市石門區尖鹿里中山路64之1號,02-26381619,121.567487,25.290559,,,,,,,,,,,,,,,,,,,
新北市政府消防局萬里分隊,新北市萬里區景美16號,02-24922739,121.68682610930948,25.173651220325883,,,,,,,,,,,,,,,,,,,
新北市政府消防局雙溪分隊,新北市雙溪區中山路45號,02-24931314,121.866587,25.03196,,,,,,,,,,,,,,,,,,,
新北市政府消防局貢寮分隊,新北市貢寮區朝陽街66號,02-24941314,121.90988810573664,25.02194502640231,,,,,,,,,,,,,,,,,,,
新北市政府消防局平溪分隊,新北市平溪區靜安路二段289號,02-24951119,121.73232578176365,25.023264507538904,,,,,,,,,,,,,,,,,,,
新北市政府消防局金山分隊,新北市金山區南勢54號,02-24982519,121.62818811313868,25.220963695580018,,,,,,,,,,,,,,,,,,,
新北市政府消防局樹林中隊,新北市樹林區環漢路五段50號,02-86859790,121.42167443311597,24.974538384834105,,,,,,,,,,,,,,,,,,,
臺北港分隊,新北市八里區商港路122號,02-26196151,121.39163390256458,25.151589552962495,,,,,,,,,,,,,,,,,,,
新北市政府消防局特搜大隊,新北市板橋區南雅南路二段15號,02-8951-3513,121.45393464236186,25.001280151075367,,,,,,,,,,,,,,,,,,,
新北市政府消防局瑞芳中隊,新北市瑞芳區中正路30號,02-24971600,121.80759030718794,25.10733078391746,,,,,,,,,,,,,,,,,,,
新北市政府消防局蘆洲分隊,新北市蘆洲區長榮路792號,02-22858100,121.46142879016412,25.092974941803195,,,,,,,,,,,,,,,,,,,
新北市政府消防局文化分隊,新北市林口區 文化三路一段302號,02-26089803,121.36287772948309,25.06996370868389,,,,,,,,,,,,,,,,,,,
新北市政府消防局第三大隊淡水中隊滬尾分隊,新北市淡水區中正路15巷5號,02-26263961,121.43712626065005,25.171511225846647,,,,,,,,,,,,,,,,,,,
新北市政府消防局中和分隊,新北市中和區中山路二段64巷11號,02-22491819,121.50322668301256,25.005629478530892,,,,,,,,,,,,,,,,,,,
新竹市消防局金山分隊,新竹市東區介壽路190號,036662172,121.01906702565752,24.77924854715475,,,,,,,,,,,,,,,,,,,
新竹市消防局,新竹市北區西大路679號,03-5229508,120.95760866701441,24.81052407855686,,,,,,,,,,,,,,,,,,,
新竹市消防局第一救災救護大隊,新竹市香山區牛埔北路150號5樓,03-5301939,120.94116887448799,24.800648705740585,,,,,,,,,,,,,,,,,,,
新竹市消防局竹光分隊,新竹市北區西大路679號1樓,03-5265248,120.95760866701441,24.81052407855686,,,,,,,,,,,,,,,,,,,
新竹市消防局中山分隊,新竹市北區中山路4號,03-5222050,120.96830137317119,24.80658844522512,,,,,,,,,,,,,,,,,,,
新竹市消防局香山分隊,新竹市香山區牛埔北路150號,03-5389360,120.94116887448799,24.800648705740585,,,,,,,,,,,,,,,,,,,
新竹市消防局朝山分隊,新竹市香山區中華路五段688號,03-5376753,120.91476624687115,24.766429195273645,,,,,,,,,,,,,,,,,,,
新竹市消防局南寮分隊,新竹市北區東大路三段539號,03-5361157,120.93751006559998,24.84036456009747,,,,,,,,,,,,,,,,,,,
新竹市消防局第二救災救護大隊,新竹市東區公園路356號,03-5616150,120.97525612044568,24.800250762955006,,,,,,,,,,,,,,,,,,,
新竹市消防局光復分隊,新竹市東區公園路356號,03-5234918,120.97525612044568,24.800250762955006,,,,,,,,,,,,,,,,,,,
新竹市消防局埔頂分隊,新竹市東區光復路一段568號1樓,03-5790102,121.00786763778073,24.789031819124702,,,,,,,,,,,,,,,,,,,
新竹市消防局明湖分隊,新竹市東區明湖路1075巷9號,03-5292925,120.97140408784213,24.772222196615516,,,,,,,,,,,,,,,,,,,
新竹市消防局三民分隊,新竹市北區經國路一段486號,03-5437807,120.96832082625163,24.81372330962956,,,,,,,,,,,,,,,,,,,
新竹縣政府消防局,新竹縣竹北市光明五街295號,03-5513520,121.01112683198474,24.828097794268977,,,,,,,,,,,,,,,,,,,
新竹縣政府消防局第一救災救護大隊,新竹縣竹北市福興路757號,03-5550980,121.01145073107463,24.822041488045855,,,,,,,,,,,,,,,,,,,
新竹縣政府消防局竹北分隊,新竹縣竹北市福興路757號,03-5552922,121.01145073107463,24.822041488045855,,,,,,,,,,,,,,,,,,,
新竹縣政府消防局新豐分隊,新竹縣新豐鄉建興路二段788-1號,03-5593340,120.98720688113197,24.901112473896326,,,,,,,,,,,,,,,,,,,
新竹縣政府消防局湖口分隊,新竹縣湖口鄉信勢村3鄰成功路109號,03-5992454,121.04351660198338,24.90489654184071,,,,,,,,,,,,,,,,,,,
新竹縣政府消防局新工分隊,新竹縣湖口鄉文化路188號,03-5981674,121.01702295458085,24.871845137649125,,,,,,,,,,,,,,,,,,,
新竹縣政府消防局新埔分隊,新竹縣新埔鎮田新路660號,03-5882187,121.07317998669923,24.82579408084582,,,,,,,,,,,,,,,,,,,
新竹縣政府消防局關西分隊,新竹縣關西鎮正義路146號,03-5872790,121.17565506190009,24.79525265501074,,,,,,,,,,,,,,,,,,,
新竹縣政府消防局第二救災救護大隊,新竹縣竹東鎮長安路77號,03-5944860,121.09276527307392,24.735702510602128,,,,,,,,,,,,,,,,,,,
新竹縣政府消防局竹東分隊,新竹縣竹東鎮中正路206號,03-5962066,121.09284690689451,24.735165415247963,,,,,,,,,,,,,,,,,,,
新竹縣政府消防局芎林分隊,新竹縣芎林鄉文山路337號,03-5921978,121.08122681367068,24.774774141977296,,,,,,,,,,,,,,,,,,,
新竹縣政府消防局二重分隊,新竹縣竹東鎮中興路四段99號,03-5829233,121.04884798902349,24.772865795759376,,,,,,,,,,,,,,,,,,,
新竹縣政府消防局北埔分隊,新竹縣北埔鄉南興街66號,03-5804449,121.05738714207634,24.69955887131409,,,,,,,,,,,,,,,,,,,
新竹縣政府消防局峨眉分隊,新竹縣峨眉鄉峨眉村2鄰峨眉街1號之1,03-5800684,121.02161128006689,24.688169414652425,,,,,,,,,,,,,,,,,,,
新竹縣政府消防局寶山分隊,新竹縣寶山鄉雙園路二段288號,03-5204755,120.99121789088704,24.765942751890826,,,,,,,,,,,,,,,,,,,
新竹縣政府消防局橫山分隊,新竹縣橫山鄉新興街120號,03-5932475,121.14148729815226,24.71699654595481,,,,,,,,,,,,,,,,,,,
新竹縣政府消防局尖石分隊,新竹縣尖石鄉嘉樂村2鄰麥樹仁62號,03-5841014,121.24265006316247,24.73317817529195,,,,,,,,,,,,,,,,,,,
新竹縣政府消防局山崎分隊,新竹縣新豐鄉松林街10號,03-5576811,120.9931345489787,24.868205218414307,,,,,,,,,,,,,,,,,,,
新竹縣政府消防局豐田分隊,新竹縣竹北市中正西路2075巷6號,03-5566119,120.95400000403663,24.84138269301489,,,,,,,,,,,,,,,,,,,
新竹縣政府消防局光明分隊,新竹縣竹北市光明五街295號,03-5559119,121.01112683198474,24.828097794268977,,,,,,,,,,,,,,,,,,,
新竹縣政府消防局五峰分隊,新竹縣五峰鄉桃山村1鄰桃山8之2號,03-5856320,121.10939049596541,24.598193564295904,,,,,,,,,,,,,,,,,,,
新竹縣政府消防局第三救災救護大隊,新竹縣新埔鎮田新路660號,03-5886332,121.07317998669923,24.82579408084582,,,,,,,,,,,,,,,,,,,
嘉義市第二消防大隊東區分隊,嘉義市東區新生路306號,05-2759746,120.4607499656135,23.48589000424028,,,,,,,,,,,,,,,,,,,
嘉義市政府消防局,嘉義市東區立學街16號,05-2716660,120.4673499651432,23.472420004808257,,,,,,,,,,,,,,,,,,,
嘉義市政府消防局第一消防大隊,嘉義市西區文化路287號3樓,05-2226658,120.44833001867526,23.48466543977383,,,,,,,,,,,,,,,,,,,
嘉義市政府消防局第一分隊,嘉義市西區文化路287號,05-2226658,120.44833001867526,23.48466543977383,,,,,,,,,,,,,,,,,,,
嘉義市政府消防局德安分隊,嘉義市西區德安路171號,05-2330119,120.42808995779768,23.483460001496848,,,,,,,,,,,,,,,,,,,
嘉義市政府消防局湖內分隊,嘉義市西區南京路59號,05-2832051,120.44090995731558,23.456149998411814,,,,,,,,,,,,,,,,,,,
嘉義市政府消防局第二消防大隊,嘉義市東區保建街123號,05-2761851,120.45256566204361,23.500399421145826,,,,,,,,,,,,,,,,,,,
嘉義市政府消防局第二分隊,嘉義市東區吳鳳南路367號,05-2254430,120.45574995747747,23.463890001817045,,,,,,,,,,,,,,,,,,,
嘉義市政府消防局後湖分隊,嘉義市東區保建街123號,05-2761851,120.45256566204361,23.500399421145826,,,,,,,,,,,,,,,,,,,
嘉義市政府消防局蘭潭分隊,嘉義市東區立學街16號,05-271-5390,120.4673499651432,23.472420004808257,,,,,,,,,,,,,,,,,,,
嘉義縣消防局,嘉義縣太保市祥和二路東段6號,05-3620233,120.29365345740572,23.456924367351586,,,,,,,,,,,,,,,,,,,
嘉義縣消防局第一大隊,嘉義縣朴子市光復新路16號,05-3792088,120.24535419414043,23.455890239166113,,,,,,,,,,,,,,,,,,,
嘉義縣消防局祥和救助分隊,嘉義縣太保市祥和二路東段6號1樓,05-3620233,120.29365345740572,23.456924367351586,,,,,,,,,,,,,,,,,,,
嘉義縣消防局朴子分隊,嘉義縣朴子市光復新路16號,05-3792075,120.24535419414043,23.455890239166113,,,,,,,,,,,,,,,,,,,
嘉義縣消防局東石分隊,嘉義縣東石鄉東石鄉東石村43號,05-3732502,120.17159338573714,23.470145257891605,,,,,,,,,,,,,,,,,,,
嘉義縣消防局六腳分隊,嘉義縣六腳鄉蒜頭村15鄰蒜頭73之2號,05-3802274,120.29071614146233,23.49296408485462,,,,,,,,,,,,,,,,,,,
嘉義縣消防局布袋分隊,嘉義縣布袋鎮龍江里2-2號,053472074,120.16770535996872,23.380692310518437,,,,,,,,,,,,,,,,,,,
嘉義縣消防局義竹分隊,嘉義縣義竹鄉仁里村435-3號,05-3412044,120.23888542994631,23.33601529151658,,,,,,,,,,,,,,,,,,,
嘉義縣消防局鹿草分隊,嘉義縣鹿草鄉西井村鹿環西路3號,05-3752243,120.30518550658562,23.40732426192641,,,,,,,,,,,,,,,,,,,
嘉義縣消防局第二大隊,嘉義縣民雄鄉文隆村建國路二段261號,05-2062119,120.43320165329555,23.541819286394578,,,,,,,,,,,,,,,,,,,
嘉義縣消防局雙福救助分隊,嘉義縣民雄鄉建國路二段261號,05-2066119,120.43320165329555,23.541819286394578,,,,,,,,,,,,,,,,,,,
嘉義縣消防局民雄分隊,嘉義縣民雄鄉東榮村民族路21號,05-2262829,120.43034256609559,23.555159223312483,,,,,,,,,,,,,,,,,,,
嘉義縣消防局大林分隊,嘉義縣大林鎮中正路158號,05-2652027,120.44840956475878,23.597466239059457,,,,,,,,,,,,,,,,,,,
嘉義縣消防局溪口分隊,嘉義縣溪口鄉溪西村中山路168號,05-2691201,120.39057999184146,23.600743040316694,,,,,,,,,,,,,,,,,,,
嘉義縣消防局新港分隊,嘉義縣新港鄉公園路28號,05-3742314,120.34563546846333,23.553194208058958,,,,,,,,,,,,,,,,,,,
嘉義縣消防局水上分隊,嘉義縣水上鄉三鎮村三鎮路119號,05-2682380,120.38920856154887,23.419504995406363,,,,,,,,,,,,,,,,,,,
嘉義縣消防局太保分隊,嘉義縣太保市過溝里6鄰麻太路112號,05-3711202,120.364249,23.498217,,,,,,,,,,,,,,,,,,,
嘉義縣消防局第三大隊,嘉義縣中埔鄉和興村和興路100號,05-2399119,120.45171459096146,23.442790291984725,,,,,,,,,,,,,,,,,,,
嘉義縣消防局中埔分隊,嘉義縣中埔鄉中埔村中正路68號,05-2531340,120.52377068085966,23.424945322515963,,,,,,,,,,,,,,,,,,,
嘉義縣消防局番路分隊,嘉義縣番路鄉下坑村菜公店21號,05-2591304,120.55486766704631,23.464304263571314,,,,,,,,,,,,,,,,,,,
嘉義縣消防局大埔分隊,嘉義縣大埔鄉大埔村133號,05-2521424,120.59457371008122,23.299347289620464,,,,,,,,,,,,,,,,,,,
嘉義縣消防局竹崎分隊,嘉義縣竹崎鄉竹崎村舊車站79號,05-2611257,120.5556317136136,23.5260843369309,,,,,,,,,,,,,,,,,,,
嘉義縣消防局梅山分隊,嘉義縣梅山鄉梅北村華山路20號,05-2621020,120.555355,23.586552,,,,,,,,,,,,,,,,,,,
嘉義縣消防局阿里山分隊,嘉義縣阿里山鄉中山村63號,05-2679900,120.79700572928567,23.503905768064524,,,,,,,,,,,,,,,,,,,
嘉義縣消防局奮起湖分隊,嘉義縣竹崎鄉中和村17鄰奮起湖215之1號,05-2561746,120.6987753510475,23.501657161171522,,,,,,,,,,,,,,,,,,,
嘉義縣消防局第二大隊大美分隊,嘉義縣大林鎮大美里大埔美1之1號,05-2953911,120.50465819448877,23.602453820481117,,,,,,,,,,,,,,,,,,,
嘉義縣消防局三和救助分隊,嘉義縣中埔鄉和興村和興路100號,05-2306119,120.45171459096146,23.442790291984725,,,,,,,,,,,,,,,,,,,
彰化縣消防局第五救災救護大隊,彰化縣員林市員南路420巷66弄25號,04-8361431,120.60309114314201,23.94096122224546,,,,,,,,,,,,,,,,,,,
彰化縣消防局林厝分隊,彰化縣員林市員南路420巷66弄25號,04-8361738,120.60309114314201,23.94096122224546,,,,,,,,,,,,,,,,,,,
彰化縣消防局,彰化縣彰化市中央路1號,04-7512119,120.53621854767204,24.063632997593874,,,,,,,,,,,,,,,,,,,
彰化縣消防局第一救災救護大隊,彰化縣彰化市中山路三段266號,04-7267119,120.55988014145201,24.086272003454013,,,,,,,,,,,,,,,,,,,
彰化縣消防局彰化分隊,彰化縣彰化市中央路1號,04-7635119,120.53621854767204,24.063632997593874,,,,,,,,,,,,,,,,,,,
彰化縣消防局彰化東區分隊,彰化縣彰化市中山路三段266號,04-7200236,120.55988014145201,24.086272003454013,,,,,,,,,,,,,,,,,,,
彰化縣消防局花壇分隊,彰化縣花壇鄉彰員路二段497號,04-7862082,120.54907538751145,24.02790486755633,,,,,,,,,,,,,,,,,,,
彰化縣消防局芬園分隊,彰化縣芬園鄉彰南路四段189號,049-2523653,120.62844524927456,24.015441244273976,,,,,,,,,,,,,,,,,,,
彰化縣消防局和美分隊,彰化縣和美鎮德美路520號,04-7553244,120.49865432101807,24.117386595657987,,,,,,,,,,,,,,,,,,,
彰化縣消防局線西分隊,彰化縣線西鄉和線路972號,04-7585334,120.47092928975283,24.130330229277213,,,,,,,,,,,,,,,,,,,
彰化縣消防局伸港分隊,彰化縣伸港鄉大同村中興路二段197號,04-7984595,120.48559210476115,24.15925974413195,,,,,,,,,,,,,,,,,,,
彰化縣消防局第二救災救護大隊,彰化縣員林市員南路420巷66弄25號,04-8378521,120.60309114314201,23.94096122224546,,,,,,,,,,,,,,,,,,,
彰化縣消防局員林分隊,彰化縣員林市和平東路21號,04-8320300,120.578803881851,23.96269378183855,,,,,,,,,,,,,,,,,,,
彰化縣消防局第二大隊員林西區分隊,彰化縣員林市源泉路78-100號,04-8382969,120.56279585315032,23.958038318764316,,,,,,,,,,,,,,,,,,,
彰化縣消防局大村分隊,彰化縣大村鄉茄苳路一段52號,04-8523495,120.5445414878755,23.99538681621942,,,,,,,,,,,,,,,,,,,
彰化縣消防局永靖分隊,彰化縣永靖鄉永靖街2號,04-8223004,120.54712931433633,23.920105837410976,,,,,,,,,,,,,,,,,,,
彰化縣消防局田中分隊,彰化縣田中鎮斗中路一段230號,04-8742050,120.58020307815544,23.86162588896489,,,,,,,,,,,,,,,,,,,
彰化縣消防局社頭分隊,彰化縣社頭鄉員集路二段204號,04-8732204,120.5879483412493,23.898316974958792,,,,,,,,,,,,,,,,,,,
彰化縣消防局二水分隊,彰化縣二水鄉惠民路199號,04-8793004,120.61888731763624,23.812295733953686,,,,,,,,,,,,,,,,,,,
彰化縣消防局第三救災救護大隊,彰化縣鹿港鎮建國路489號,04-7740119,120.43695869849553,24.06576296564211,,,,,,,,,,,,,,,,,,,
彰化縣消防局鹿港分隊,彰化縣鹿港鎮中山路296號,04-7749974,120.4334396593202,24.05698875411935,,,,,,,,,,,,,,,,,,,
彰化縣消防局福興分隊,彰化縣福興鄉復興路33號,04-7792875,120.46741015355691,24.023214404600566,,,,,,,,,,,,,,,,,,,
彰化縣消防局秀水分隊,彰化縣秀水鄉復新街5號,04-7692144,120.49867320104556,24.029773018675357,,,,,,,,,,,,,,,,,,,
彰化縣消防局溪湖分隊,彰化縣溪湖鎮大溪路二段330號,04-8852007,120.48278159497876,23.96487727470161,,,,,,,,,,,,,,,,,,,
彰化縣消防局埔鹽分隊,彰化縣埔鹽鄉員鹿路二段160號,04-8653437,120.45992188125739,24.007432072191406,,,,,,,,,,,,,,,,,,,
彰化縣消防局埔心分隊,彰化縣埔心鄉中正路二段155號,04-8294704,120.52418556899626,23.949384121822092,,,,,,,,,,,,,,,,,,,
彰化縣消防局鹿鳴分隊,彰化縣鹿港鎮建國路489號,04-7749974,120.43695869849553,24.06576296564211,,,,,,,,,,,,,,,,,,,
彰化縣消防局第四救災救護大隊,彰化縣埤頭鄉安康街100號,04-8910119,120.45980708187241,23.889645595725852,,,,,,,,,,,,,,,,,,,
彰化縣消防局北斗分隊,彰化縣北斗鎮西德里公所街12號,04-8882050,120.52143821941469,23.871343585807598,,,,,,,,,,,,,,,,,,,
彰化縣消防局田尾分隊,彰化縣田尾鄉公園東路1號,04-8832086,120.53593030398828,23.895137147418666,,,,,,,,,,,,,,,,,,,
彰化縣消防局溪州分隊,彰化縣溪州鄉中山路三段278號,04-8895439,120.49306950651226,23.852938532251212,,,,,,,,,,,,,,,,,,,
彰化縣消防局埤頭分隊,彰化縣埤頭鄉安康街100號,04-8922844,120.45980708187241,23.889645595725852,,,,,,,,,,,,,,,,,,,
彰化縣消防局二林分隊,彰化縣二林鎮仁愛路200號,04-8960695,120.37621824166979,23.90310305592418,,,,,,,,,,,,,,,,,,,
彰化縣消防局竹塘分隊,彰化縣竹塘鄉竹林路一段285號,04-8972424,120.42776613018835,23.8602100490815,,,,,,,,,,,,,,,,,,,
彰化縣消防局大城分隊,彰化縣大城鄉南平路911號,04-8941045,120.31126495650763,23.85511954085458,,,,,,,,,,,,,,,,,,,
彰化縣消防局芳苑分隊,彰化縣芳苑鄉斗苑路芳苑段194巷50號,04-8983677,120.32052933343428,23.925179593889787,,,,,,,,,,,,,,,,,,,
彰化縣消防局漢寶分隊,彰化縣芳苑鄉草漢路漢寶段568號,04-8991119,120.38562091520845,24.00673239942568,,,,,,,,,,,,,,,,,,,
臺中市政府消防局第一救災救護大隊,臺中市豐原區圓環北路一段321號,04-25278783,120.71974771246218,24.258710031943302,,,,,,,,,,,,,,,,,,,
臺中市政府消防局豐原分隊,臺中市豐原區圓環北路一段321號,04-25222300,120.719748,24.25871,,,,,,,,,,,,,,,,,,,
臺中市政府消防局潭子分隊,臺中市潭子區中山路二段237巷5號,04-25327425,120.70436120606817,24.209519376468588,,,,,,,,,,,,,,,,,,,
臺中市政府消防局大雅分隊,臺中市大雅區學府路80號,04-25664054,120.65080754924699,24.218352168672496,,,,,,,,,,,,,,,,,,,
臺中市政府消防局神岡分隊,臺中市神岡區厚生路9號,04-25622304,120.67091202571517,24.256965563817204,,,,,,,,,,,,,,,,,,,
臺中市政府消防局第二救災救護大隊,臺中市東勢區東關路七段430號,04-25770018,120.82564041371931,24.255102375617778,,,,,,,,,,,,,,,,,,,
臺中市政府消防局東勢分隊,臺中市東勢區東關路七段430號,04-25876999,120.82564041371931,24.255102375617778,,,,,,,,,,,,,,,,,,,
臺中市政府消防局新社分隊,臺中市新社區新社里興安路1號,04-25816754,120.80733083574316,24.23930953455404,,,,,,,,,,,,,,,,,,,
臺中市政府消防局和平分隊,臺中市和平區東關路三段157號,04-25941514,120.88435101152058,24.174163924990577,,,,,,,,,,,,,,,,,,,
臺中市政府消防局石岡分隊,臺中市石岡區豐勢路1171號,04-25724505,120.77525320525065,24.276686898363675,,,,,,,,,,,,,,,,,,,
臺中市政府消防局梨山分隊,臺中市和平區梨山里民族街19號,04-25989014,121.25625372829336,24.254776069764212,,,,,,,,,,,,,,,,,,,
臺中市政府消防局第三救災救護大隊,臺中市大里區國光路二段299號,04-24180911,120.68014402865077,24.10718769508068,,,,,,,,,,,,,,,,,,,
臺中市政府消防局烏日分隊,臺中市烏日區烏日里新興路312號,04-23365119,120.62423877545282,24.104530777434768,,,,,,,,,,,,,,,,,,,
臺中市政府消防局太平分隊,臺中市太平區東平路138號,04-22782282,120.732414,24.134903,,,,,,,,,,,,,,,,,,,
臺中市政府消防局霧峰分隊,臺中市霧峰區吉峰路18號,04-23393053,120.70062761357039,24.075621922036593,,,,,,,,,,,,,,,,,,,
臺中市政府消防局中山分隊,臺中市太平區中山路四段23號,04-23955465,120.71287788381747,24.14962690261523,,,,,,,,,,,,,,,,,,,
臺中市政府消防局仁化分隊,臺中市大里區工業四路1號,04-24914705,120.7144318589665,24.094607251939863,,,,,,,,,,,,,,,,,,,
臺中市政府消防局大里分隊,臺中市大里區大里路289號,04-24060653,120.6786448652753,24.097617128069906,,,,,,,,,,,,,,,,,,,
臺中市政府消防局國光分隊,臺中市大里區國光路二段299號,04-24070423,0,0,,,,,,,,,,,,,,,,,,,
臺中市政府消防局第四救災救護大隊,臺中市沙鹿區鎮南路二段476號3樓,04-26320119,120.56598917297148,24.231902219852717,,,,,,,,,,,,,,,,,,,
臺中市政府消防局梧棲分隊,臺中市梧棲區四維路一段1號,04-26562540,120.53567602741272,24.263905424516462,,,,,,,,,,,,,,,,,,,
臺中市政府消防局犁份分隊,臺中市龍井區中興路120巷8號,04-26318251,120.57552668110988,24.186023677668548,,,,,,,,,,,,,,,,,,,
臺中市政府消防局龍井分隊,臺中市龍井區沙田路四段183號,04-26352894,120.54560449711532,24.19110622603079,,,,,,,,,,,,,,,,,,,
臺中市政府消防局沙鹿分隊,臺中市沙鹿區鎮南路二段476號,04-26314471,120.56598917297148,24.231902219852717,,,,,,,,,,,,,,,,,,,
臺中市政府消防局清水分隊,臺中市清水區南社里南社路198號,04-26265119,120.56252550479648,24.266575258591885,,,,,,,,,,,,,,,,,,,
臺中市政府消防局大肚分隊,臺中市大肚區沙田路三段40號,04-26992064,120.54439221341775,24.155107869043636,,,,,,,,,,,,,,,,,,,
臺中市政府消防局清泉分隊,臺中市沙鹿區公明里20鄰中清路六段119號,04-26150610,120.61016439487183,24.245226028775374,,,,,,,,,,,,,,,,,,,
臺中市政府消防局第五救災救護大隊,臺中市大甲區經國路695號3樓,04-26876119,120.61932505881039,24.355450143977837,,,,,,,,,,,,,,,,,,,
臺中市政府消防局第五救災救護大隊幼獅分隊,臺中市大甲區幼二路32巷1號,04-26810819,120.64636067355015,24.404875292456474,,,,,,,,,,,,,,,,,,,
臺中市政府消防局大安分隊,臺中市大安區中山南路199號,04-26712600,120.58965366336903,24.342840332429677,,,,,,,,,,,,,,,,,,,
臺中市政府消防局后里分隊,臺中市后里區文明路146號,04-25562600,120.7178784103374,24.30698349427376,,,,,,,,,,,,,,,,,,,
臺中市政府消防局大甲分隊,臺中市大甲區經國路695號,04-26872300,120.61932505881039,24.355450143977837,,,,,,,,,,,,,,,,,,,
臺中市政府消防局外埔分隊,臺中市外埔區六分路348號,04-26833361,120.6555193245215,24.332312708934275,,,,,,,,,,,,,,,,,,,
臺中市政府消防局,臺中市南屯區文心南九路119號,04-23298820,120.64313670803881,24.127621877193533,,,,,,,,,,,,,,,,,,,
臺中市政府消防局第六救災救護大隊,臺中市南屯區向心南路916號,04-24737084,120.64418950482896,24.135742050067726,,,,,,,,,,,,,,,,,,,
臺中市政府消防局西屯分隊,臺中市西屯區西屯路三段40號,04-27011024,120.63795502974716,24.181052951354136,,,,,,,,,,,,,,,,,,,
臺中市政府消防局第七救災救護大隊,臺中市北區台灣大道二段350號,04-23288660,120.66560843010386,24.154209997873156,,,,,,,,,,,,,,,,,,,
臺中市政府消防局中港分隊,臺中市北區台灣大道二段350號,04-23222100,120.66560843010386,24.154209997873156,,,,,,,,,,,,,,,,,,,
臺中市政府消防局信義分隊,臺中市南區臺中路134號,04-22878220,120.68403171885892,24.131750626541997,,,,,,,,,,,,,,,,,,,
臺中市政府消防局中區分隊,臺中市中區大誠里成功路332號,04-22216042,120.67862753917348,24.144754021109463,,,,,,,,,,,,,,,,,,,
臺中市政府消防局勤工分隊,臺中市南區復興路一段235號,04-22621980,120.65055209472709,24.112098428621028,,,,,,,,,,,,,,,,,,,
臺中市政府消防局大誠分隊,臺中市北區錦南街46號,04-22333261,120.68703758577583,24.15461067319589,,,,,,,,,,,,,,,,,,,
臺中市政府消防局東英分隊,臺中市東區東英八街42號,04-22131478,120.70462859831463,24.141356478205275,,,,,,,,,,,,,,,,,,,
臺中市政府消防局第八救災救護大隊,臺中市北屯區北屯路88號,04-22315868,120.69355809117869,24.16310762446365,,,,,,,,,,,,,,,,,,,
臺中市政府消防局北屯分隊,臺中市北屯區北屯路88號,04-22337630,120.69355809117869,24.16310762446365,,,,,,,,,,,,,,,,,,,
臺中市政府消防局文昌分隊,臺中市北屯區平德里文昌東三街48號,04-22331023,120.68070752247223,24.170394613931336,,,,,,,,,,,,,,,,,,,
臺中市政府消防局水湳分隊,臺中市北屯區中清路二段299號,04-22922522,120.66816598610708,24.17845754679422,,,,,,,,,,,,,,,,,,,
臺中市政府消防局東山分隊,臺中市北屯區軍福十三路268號,04-24379921,120.72225348187439,24.172794897726106,,,,,,,,,,,,,,,,,,,
臺中市政府消防局雙崎分隊,臺中市和平區東崎路二段39號,04-25911911,120.90944514073459,24.292281180987988,,,,,,,,,,,,,,,,,,,
臺中市政府消防局十九甲分隊,臺中市大里區立德里立元路26號,04-22751233,120.6951274708331,24.099628773795995,,,,,,,,,,,,,,,,,,,
臺中市政府消防局特搜大隊,臺中市北區錦南街46號,04-22335292,120.68703758577583,24.15461067319589,,,,,,,,,,,,,,,,,,,
臺中市政府消防局頭家厝分隊,臺中市潭子區得天南街37巷55號,04-25325119,120.70098690117415,24.192950512244945,,,,,,,,,,,,,,,,,,,
臺中市政府消防局工業區分隊,臺中市西屯區協和里15鄰工業區二十七路15號,23552119,120.60095731914635,24.166203170588663,,,,,,,,,,,,,,,,,,,
臺中市政府消防局南屯分隊,臺中市南屯區向心南路916號,24755946,120.64418950482896,24.135742050067726,,,,,,,,,,,,,,,,,,,
臺中市政府消防局協和分隊,臺中市西屯區臺灣大道四段1347號,04-23591780,120.60890006968788,24.1838592472359,,,,,,,,,,,,,,,,,,,
臺中市政府消防局黎明分隊,臺中市西屯區青海路二段120號,23170018,120.64914039523696,24.16761650252339,,,,,,,,,,,,,,,,,,,
臺中市政府消防局春社分隊,臺中市南屯區精科路22號,04-23580818,120.60542864992145,24.147222262270674,,,,,,,,,,,,,,,,,,,
臺中市政府消防局四平分隊,臺中市北屯區后庄路909號,04-2422-3651,120.68192957781905,24.192662229630407,,,,,,,,,,,,,,,,,,,
臺中市政府消防局溪湳分隊,臺中市烏日區溪南路一段823巷59號,04-23355211,120.64396312932166,24.06952483758993,,,,,,,,,,,,,,,,,,,
臺中市政府消防局車籠埔分隊,臺中市太平區光興路1463巷33弄67號,04-22792947,120.7334119438302,24.124951044217468,,,,,,,,,,,,,,,,,,,
臺中市政府消防局谷關分隊,臺中市和平區東關路一段119號,04-25950119,121.0076863793748,24.202824859601805,,,,,,,,,,,,,,,,,,,
臺中市政府消防局特搜大隊搜救犬隊,臺中市霧峰區信義路24號,04-23392582,120.69524404428579,24.042936953440254,,,,,,,,,,,,,,,,,,,
臺中市政府消防局豐南分隊,臺中市豐原區育英路150號,04-25123119,120.7149694,24.24077848,,,,,,,,,,,,,,,,,,,
西碼頭分隊,臺中市梧棲區南堤路三段8號,04-26302066,120.5001182329206,24.266108498951894,,,,,,,,,,,,,,,,,,,
防風林分隊,臺中市清水區北堤路5號,0426566122,120.53496886376996,24.290813035321506,,,,,,,,,,,,,,,,,,,
南堤分隊,臺中市梧棲區中南一路二段159號,04-26582480,120.5053933901978,24.238221414956612,,,,,,,,,,,,,,,,,,,
第一分隊,臺中市梧棲區中橫四路6號,04-26576142,120.52652289711264,24.26304613237588,,,,,,,,,,,,,,,,,,,
內政部消防署特種搜救隊北部分隊,敦化北路340之2號3樓, ,121.55190,25.06365,,,,,,,,,,,,,,,,,,,
臺北市政府消防局雙園分隊,臺北市萬華區西藏路213-1號,02-2305-3374,121.4957510821906,25.028476258037788,,,,,,,,,,,,,,,,,,,
臺北市政府消防局木柵分隊,臺北市文山區木柵路二段200號,02-29391604,121.56340736446991,24.98887264434831,,,,,,,,,,,,,,,,,,,
臺北市政府消防局建國分隊,臺北市中山區民族東路282號,02-25017795,121.53595624856125,25.068019303784684,,,,,,,,,,,,,,,,,,,
臺北市政府消防局成德分隊,臺北市南港區東新街63巷11號,02-26518983,121.58674580134412,25.047887642530704,,,,,,,,,,,,,,,,,,,
臺北市政府消防局,臺北市信義區松仁路1號,02-27297668,121.56876418090253,25.04074072349115,,,,,,,,,,,,,,,,,,,
臺北市政府消防局第一救災救護大隊,臺北市中正區泉州街40號6樓,02-27297668,121.51242928362046,25.024594446275923,,,,,,,,,,,,,,,,,,,
臺北市政府消防局萬華中隊,臺北市萬華區西藏路213-1號5樓,02-2337-4419,121.4957510821906,25.028476258037788,,,,,,,,,,,,,,,,,,,
臺北市政府消防局龍山分隊,臺北市萬華區桂林路137號,02-2312-2496,121.49934099686824,25.038601791215402,,,,,,,,,,,,,,,,,,,
臺北市政府消防局文山中隊,臺北市文山區樟新街2號3F,02-2936-1527,121.55486110621635,24.980005812237124,,,,,,,,,,,,,,,,,,,
臺北市政府消防局萬芳分隊,臺北市文山區萬美街1段52號,02-27297668,121.5666833166063,25.002206773674633,,,,,,,,,,,,,,,,,,,
臺北市政府消防局景美分隊,臺北市文山區景文街30號,02-2931-1405,121.54119412925161,24.992289322500692,,,,,,,,,,,,,,,,,,,
臺北市政府消防局寶橋分隊,臺北市文山區樟新街2號,02-29395140,121.55486110621635,24.980005812237124,,,,,,,,,,,,,,,,,,,
臺北市政府消防局中正中隊,臺北市中正區北平東路1號1樓,02-2321-3802,121.5209549982329,25.047197504808704,,,,,,,,,,,,,,,,,,,
臺北市政府消防局華山分隊,臺北市中正區北平東路1號1樓,02-2341-2668,121.5209549982329,25.047197504808704,,,,,,,,,,,,,,,,,,,
臺北市政府消防局忠孝分隊,臺北市中正區忠孝東路二段8號,02-23516396,121.52708541789781,25.043691402233865,,,,,,,,,,,,,,,,,,,
臺北市政府消防局泉州分隊,臺北市中正區泉州街40號,02-2337-4679,121.51242928362046,25.024594446275923,,,,,,,,,,,,,,,,,,,
臺北市政府消防局古亭分隊,臺北市大安區基隆路4段156號,02-2363-3293,121.53743430918436,25.012183418560387,,,,,,,,,,,,,,,,,,,
臺北市政府消防局城中分隊,臺北市中正區忠孝西路一段86號,02-2381-2839,121.5135164625665,25.046958880833703,,,,,,,,,,,,,,,,,,,
臺北市政府消防局第二救災救護大隊,臺北市信義區松智路,02-27583798,121.56608191911842,25.038774708609257,,,,,,,,,,,,,,,,,,,
臺北市政府消防局信義中隊,臺北市信義區松智路40號,02-27582390,121.56514737354054,25.029633521024827,,,,,,,,,,,,,,,,,,,
臺北市政府消防局信義分隊,臺北市信義區松仁路1號,02-27588864,121.56876418090253,25.04074072349115,,,,,,,,,,,,,,,,,,,
臺北市政府消防局永吉分隊,臺北市信義區永吉路48號,02-27675126,121.5692928115935,25.04551022704177,,,,,,,,,,,,,,,,,,,
臺北市政府消防局莊敬分隊,臺北市信義區松智路40號,02-27581575,121.56514737354054,25.029633521024827,,,,,,,,,,,,,,,,,,,
臺北市政府消防局大安中隊,臺北市大安區復興南路二段92號5樓,02-2708-4739,121.5432720114813,25.030145809556704,,,,,,,,,,,,,,,,,,,
臺北市政府消防局金華分隊,臺北市大安區愛國東路79巷13號,02-23917653,121.52779094322804,25.032642091997953,,,,,,,,,,,,,,,,,,,
臺北市政府消防局安和分隊,臺北市大安區安和路二段2號,02-27094191,121.5522461695918,25.032877249691136,,,,,,,,,,,,,,,,,,,
臺北市政府消防局復興分隊,臺北市大安區復興南路二段92號,02-27067965,121.5432720114813,25.030145809556704,,,,,,,,,,,,,,,,,,,
臺北市政府消防局南港中隊,臺北市南港區興中路6號,02-27883995,121.60734022638103,25.0546700646586,,,,,,,,,,,,,,,,,,,
臺北市政府消防局南港分隊,臺北市南港區興中路6號,02-27837757,121.60734022638103,25.0546700646586,,,,,,,,,,,,,,,,,,,
臺北市政府消防局舊莊分隊,臺北市南港區研究院路二段86號,02-27831453,121.61536190237634,25.045085102696657,,,,,,,,,,,,,,,,,,,
臺北市政府消防局第三救災救護大隊,臺北市松山區長安東路二段229號,02-27297668,121.54584886893502,25.04837993154223,,,,,,,,,,,,,,,,,,,
臺北市政府消防局松山中隊,臺北市松山區八德路四段162號,02-27684844,121.56299289900657,25.048596989617437,,,,,,,,,,,,,,,,,,,
臺北市政府消防局八德分隊,臺北市松山區八德路四段162號,02-27694642,121.56299289900657,25.048596989617437,,,,,,,,,,,,,,,,,,,
臺北市政府消防局中崙分隊,臺北市松山區長安東路二段229號,02-87737055,121.54584886893502,25.04837993154223,,,,,,,,,,,,,,,,,,,
臺北市政府消防局中山中隊,臺北市中山區松江路25巷9號,02-25178832,121.5341998666091,25.047634633942565,,,,,,,,,,,,,,,,,,,
臺北市政府消防局大直分隊,臺北市中山區樂群二路143號,02-85026151,121.55664980855674,25.080123281952524,,,,,,,,,,,,,,,,,,,
臺北市政府消防局松江分隊,臺北市中山區松江路25巷9號,02-25178353,121.5341998666091,25.047634633942565,,,,,,,,,,,,,,,,,,,
臺北市政府消防局圓山分隊,臺北市中山區民族東路41號,02-25913384,121.52975404149524,25.06859313267323,,,,,,,,,,,,,,,,,,,
臺北市政府消防局內湖中隊,臺北市內湖區民權東路六段9號,02-27955747,121.57823026960823,25.066909929814397,,,,,,,,,,,,,,,,,,,
臺北市政府消防局大湖分隊,臺北市內湖區成功路五段5號,02-27906455,121.60146722809903,25.08396139428559,,,,,,,,,,,,,,,,,,,
臺北市政府消防局內湖分隊,臺北市內湖區成功路二段378號,02-27911511,121.59030452925802,25.06974824785697,,,,,,,,,,,,,,,,,,,
臺北市政府消防局東湖分隊,臺北市內湖區五分街8號,02-26325393,121.61290440837377,25.06745919487826,,,,,,,,,,,,,,,,,,,
臺北市政府消防局民權分隊,臺北市內湖區民權東路六段9號,02-27906940,121.57823026960823,25.066909929814397,,,,,,,,,,,,,,,,,,,
臺北市政府消防局第四救災救護大隊,臺北市大同區重慶北路2段223號,02-27297668,121.5137481040699,25.061470433596032,,,,,,,,,,,,,,,,,,,
臺北市政府消防局士林中隊,臺北市士林區中山北路五段376號,02-28812629,121.52787454188051,25.09009594044279,,,,,,,,,,,,,,,,,,,
臺北市政府消防局雙溪分隊,臺北市士林區至善路二段41號,02-88611296,121.54469573509685,25.09762722380003,,,,,,,,,,,,,,,,,,,
臺北市政府消防局山仔后分隊,臺北市士林區仰德大道四段161號,02-28616431,121.54570563780338,25.133899779137284,,,,,,,,,,,,,,,,,,,
臺北市政府消防局天母分隊,臺北市士林區中山北路七段194號,02-28714111,121.53291883266056,25.125278134954087,,,,,,,,,,,,,,,,,,,
臺北市政府消防局福安分隊,臺北市士林區延平北路七段42-7號,02-28108454,121.49729936718072,25.09625765859398,,,,,,,,,,,,,,,,,,,
臺北市政府消防局社子分隊,臺北市士林區延平北路五段2-1號,02-28118221,121.51139581188457,25.0791388570881,,,,,,,,,,,,,,,,,,,
臺北市政府消防局劍潭分隊,臺北市大同區承德路3段206號,02-25951091,121.51814913407296,25.070224651790717,,,,,,,,,,,,,,,,,,,
臺北市政府消防局後港分隊,臺北市士林區福港街153號,02-28816775,121.51804432785546,25.087389342669816,,,,,,,,,,,,,,,,,,,
臺北市政府消防局北投中隊,臺北市北投區石牌路二段101號2樓,(02)2729-7668,121.51691604363586,25.11794308076525,,,,,,,,,,,,,,,,,,,
臺北市政府消防局陽明山分隊,臺北市北投區勝利街1號,02-28616119,121.54653919982977,25.15145194316872,,,,,,,,,,,,,,,,,,,
臺北市政府消防局光明分隊,臺北市北投區光明路155號,02-28913161,121.50180726939533,25.13511301136007,,,,,,,,,,,,,,,,,,,
臺北市政府消防局關渡分隊,臺北市北投區知行路345號,02-28586084,121.4667270394073,25.1231527999921,,,,,,,,,,,,,,,,,,,
臺北市政府消防局石牌分隊,臺北市北投區石牌路二段101號,02-28213119,121.51691604363586,25.11794308076525,,,,,,,,,,,,,,,,,,,
臺北市政府消防局秀山分隊,臺北市北投區秀山路50號,02-28958753,121.49303153750819,25.145624417366157,,,,,,,,,,,,,,,,,,,
臺北市政府消防局大同中隊,臺北市大同區鄭州路109號8樓,02-25598860,121.51135463790122,25.05024361628077,,,,,,,,,,,,,,,,,,,
臺北市政府消防局建成分隊,臺北市大同區承德路二段35號,02-25593748,121.51843583003124,25.054793562909712,,,,,,,,,,,,,,,,,,,
臺北市政府消防局延平分隊,臺北市大同區鄭州路109號,02-25582105,121.51135463790122,25.05024361628077,,,,,,,,,,,,,,,,,,,
臺北市政府消防局大同分隊,臺北市大同區重慶北路二段223號,02-25577233,121.5137481040699,25.061470433596032,,,,,,,,,,,,,,,,,,,
臺東縣消防局大武大隊大溪分隊,臺東縣太麻里鄉多良村大溪261號,089-761048,120.9435042414515,22.462418048698492,,,,,,,,,,,,,,,,,,,
臺東縣消防局大武救災救護大隊,臺東縣太麻里鄉泰和村14鄰泰王路36號,089-781314,121.00156279498717,22.607617084332514,,,,,,,,,,,,,,,,,,,
臺東縣消防局,臺東縣臺東市四維路二段100號,089-322112,121.15211131861089,22.76436041312832,,,,,,,,,,,,,,,,,,,
臺東縣消防局臺東救災救護大隊,臺東縣臺東市四維路二段130號,089-345900,121.15211131861089,22.76436041312832,,,,,,,,,,,,,,,,,,,
臺東縣消防局卑南分隊,臺東縣卑南鄉美農村東成36號,089-570885,121.09336087155404,22.83050409921819,,,,,,,,,,,,,,,,,,,
臺東縣消防局臺東分隊,臺東縣臺東市四維路二段100號,089-324060,121.15211131861089,22.76436041312832,,,,,,,,,,,,,,,,,,,
臺東縣消防局特搜分隊,臺東縣臺東市四維路二段130號,089-328614,121.15211131861089,22.76436041312832,,,,,,,,,,,,,,,,,,,
臺東縣消防局知本分隊,臺東縣臺東市大和路9號,089-512019,121.05752824520987,22.705884597898233,,,,,,,,,,,,,,,,,,,
臺東縣消防局大武分隊,臺東縣大武鄉學府路2號,089-791211,120.88985235726457,22.34002941457338,,,,,,,,,,,,,,,,,,,
臺東縣消防局太麻里分隊,臺東縣太麻里鄉泰和村泰王路36號,089-781314,121.00313034556095,22.60714572406209,,,,,,,,,,,,,,,,,,,
臺東縣消防局綠島分隊,臺東縣綠島鄉南寮村194號,(089)672083,121.46879133953948,22.669195959047947,,,,,,,,,,,,,,,,,,,
臺東縣消防局蘭嶼分隊,臺東縣蘭嶼鄉椰油村295號,089-732035,121.50988209335117,22.05729650514828,,,,,,,,,,,,,,,,,,,
臺東縣消防局關山救災救護大隊,臺東縣關山鎮隆盛路99號,089-814321,121.16702609281214,23.043369058920952,,,,,,,,,,,,,,,,,,,
臺東縣消防局關山分隊,臺東縣關山鎮隆盛路99號,089-811004,121.16702601467013,23.043368995788843,,,,,,,,,,,,,,,,,,,
臺東縣消防局池上分隊,臺東縣池上鄉東欣路119號,089-862669,121.20075256145398,23.119874312741878,,,,,,,,,,,,,,,,,,,
臺東縣消防局海端分隊,臺東縣關山鎮德高里西庄24-5號,089-931927,121.17940007678922,23.091221409780072,,,,,,,,,,,,,,,,,,,
臺東縣消防局鹿野分隊,臺東縣鹿野鄉中華路二段273號,089-551449,121.14339024746153,22.92379482327198,,,,,,,,,,,,,,,,,,,
臺東縣消防局延平分隊,臺東縣延平鄉桃源村4鄰75號,089-561247,121.08421826872815,22.902554932903207,,,,,,,,,,,,,,,,,,,
臺東縣消防局成功救災救護大隊,臺東縣成功鎮中華路8號,089-854315,121.37687516532601,23.099776687527818,,,,,,,,,,,,,,,,,,,
臺東縣消防局成功分隊,臺東縣成功鎮中華路8號,089-851033,121.37687516532601,23.099776687527818,,,,,,,,,,,,,,,,,,,
臺東縣消防局東河分隊,臺東縣東河鄉東河村南東河369號,089896180,121.3042584425237,22.970275633818485,,,,,,,,,,,,,,,,,,,
臺東縣消防局臺東大隊豐田分隊,臺東縣臺東市豐田路195巷6號,089384010,121.07980862288949,22.771721102296066,,,,,,,,,,,,,,,,,,,
臺東縣消防局成功大隊泰源分隊,臺東縣東河鄉泰源村本部落16-1號,089892425,121.28839064546193,22.99691574627562,,,,,,,,,,,,,,,,,,,
臺東縣消防局大武救災救護大隊達仁分隊,臺東縣太麻里鄉 大溪261號,07-12345678,120.9435042,22.46241805,,,,,,,,,,,,,,,,,,,
內政部消防署特種搜救隊東部分隊,中興路三段401巷525號, ,121.10604,22.76414,,,,,,,,,,,,,,,,,,,
臺東縣消防局利稻分隊,臺東縣海端鄉利稻村文化9-1號,089938019,121.02376720053863,23.186495850737327,,,,,,,,,,,,,,,,,,,
臺東縣消防局金峰分隊,臺東縣金峰鄉賓茂村賓茂71號,089-771408,120.9540136076341,22.53216020409041,,,,,,,,,,,,,,,,,,,
臺東縣消防局長濱分隊,臺東縣長濱鄉長濱村長濱35號,089-831084,121.45253153352861,23.3167914472543,,,,,,,,,,,,,,,,,,,
臺東縣消防局南王分隊,臺東縣臺東市更生北路616巷9號,089-222394,121.1156672435534,22.785981678586776,,,,,,,,,,,,,,,,,,,
內政部消防署特種搜救隊南部分隊,機場路1050號, ,120.21695,22.94926,,,,,,,,,,,,,,,,,,,
臺南市政府消防局白河中隊,臺南市白河區中山路6號,06-6852045,120.4578565,23.35132068,,,,,,,,,,,,,,,,,,,
臺南市政府消防局玉井中隊,臺南市玉井區中山路2之2號,06-5742517,120.459428,23.119104,,,,,,,,,,,,,,,,,,,
臺南市政府消防局學甲中隊,臺南市學甲區建國東路236號,06-7832966,120.183446,23.229966,,,,,,,,,,,,,,,,,,,
臺南市政府消防局新化中隊,臺南市新化區信義路59號,06-5902920,120.316292,23.038285,,,,,,,,,,,,,,,,,,,
臺南市政府消防局歸仁中隊,臺南市歸仁區中正南路一段1207號,06-2304739,120.278038,22.947457,,,,,,,,,,,,,,,,,,,
臺南市政府消防局安南中隊,臺南市安南區海佃路三段63號,06-2567348,120.182242,23.048632,,,,,,,,,,,,,,,,,,,
臺南市政府消防局德興中隊,臺南市南區德興路100號,06-2623732,120.192321,22.964206,,,,,,,,,,,,,,,,,,,
臺南市政府消防局左鎮分隊,臺南市左鎮區睦光里3-6號,(06)573-1561,120.42383396262682,23.065955766285175,,,,,,,,,,,,,,,,,,,
臺南市政府消防局第五救災救護大隊,臺南市永康區東橋七路316號,06-2016462,120.23630342551874,23.023516416175642,,,,,,,,,,,,,,,,,,,
臺南市政府消防局第六救災救護大隊,臺南市北區文賢路678號,063589894,120.19407121276474,23.010369483764965,,,,,,,,,,,,,,,,,,,
臺南市政府消防局第七救災救護大隊,臺南市南區南門路273號,06-2158304,120.20382348274246,22.979049496846883,,,,,,,,,,,,,,,,,,,
臺南市政府消防局第四救災救護大隊,臺南市善化區南科九路20號,06-5050119,120.27175183395822,23.120336766230462,,,,,,,,,,,,,,,,,,,
臺南市政府消防局保西分隊,臺南市歸仁區中正北路3段16號,06-3388300,120.292882277192,22.990337427828475,,,,,,,,,,,,,,,,,,,
臺南市政府消防局特搜分隊,臺南市永康區東橋七路316號,3038119,120.23630342551874,23.023516416175642,,,,,,,,,,,,,,,,,,,
臺南市政府消防局土城分隊,臺南市安南區安明路四段260號,06-2575276,120.13432986723316,23.058825841068877,,,,,,,,,,,,,,,,,,,
臺南市政府消防局新營分隊,臺南市新營區中華路2號,06-6376652,120.3152295426172,23.30525028302364,,,,,,,,,,,,,,,,,,,
臺南市政府消防局柳營分隊,臺南市柳營區博愛街20號,06-6220179,120.31108891523623,23.278064181762513,,,,,,,,,,,,,,,,,,,
臺南市政府消防局鹽水分隊,臺南市鹽水區治水路268巷8號,06-6521009,120.26355452521472,23.319339247086987,,,,,,,,,,,,,,,,,,,
臺南市政府消防局白河分隊,臺南市白河區中山路6號,06-6852045,120.41432191747077,23.347505430940863,,,,,,,,,,,,,,,,,,,
臺南市政府消防局後壁分隊,臺南市後壁區後壁里7號,06-6872224,120.36172374798176,23.365716863805932,,,,,,,,,,,,,,,,,,,
臺南市政府消防局東山分隊,臺南市東山區東山219-2號,06-6800862,120.40342435757597,23.326082391990024,,,,,,,,,,,,,,,,,,,
臺南市政府消防局東原分隊,臺南市東山區前大埔9-1號,06-6860352,120.44603334977494,23.264957010678692,,,,,,,,,,,,,,,,,,,
臺南市政府消防局學甲分隊,臺南市學甲區建國東路236號,06-7832966,120.18344540838984,23.22996748562288,,,,,,,,,,,,,,,,,,,
臺南市政府消防局將軍分隊,臺南市將軍區西華里1之15號,06-7942404,0,0,,,,,,,,,,,,,,,,,,,
臺南市政府消防局北門分隊,臺南市北門區永隆里港北51號,06-7862519,120.12636599049782,23.276434350633732,,,,,,,,,,,,,,,,,,,
臺南市政府消防局關嶺分隊,臺南市白河區關子嶺94-3號附1,06-6823177,120.50942239011277,23.327867046887363,,,,,,,,,,,,,,,,,,,
臺南市政府消防局麻豆分隊,臺南市麻豆區興國路9號,06-5722440,120.24850747662752,23.183270673582243,,,,,,,,,,,,,,,,,,,
臺南市政府消防局下營分隊,臺南市下營區賀建里洲仔66號,06-6892482,120.2963800323161,23.253346314643938,,,,,,,,,,,,,,,,,,,
臺南市政府消防局六甲分隊,臺南市六甲區中山路208號,06-6982529,120.3471162475195,23.231923454004832,,,,,,,,,,,,,,,,,,,
臺南市政府消防局官田分隊,臺南市官田區工業路24號,06-6987282,120.32252044973089,23.209204057661704,,,,,,,,,,,,,,,,,,,
臺南市政府消防局佳里分隊,臺南市佳里區六安里六順路21號,06-7224334,120.1754657266176,23.17088075678433,,,,,,,,,,,,,,,,,,,
臺南市政府消防局西港分隊,臺南市西港區中山路450號,06-7952074,120.20293536996564,23.12558613641196,,,,,,,,,,,,,,,,,,,
臺南市政府消防局七股分隊,臺南市七股區大埕里295號,06-7873482,120.14251449630758,23.14323479656003,,,,,,,,,,,,,,,,,,,
臺南市政府消防局善化分隊,臺南市善化區光復路267號,06-5817119,120.28922461677352,23.127174596308116,,,,,,,,,,,,,,,,,,,
臺南市政府消防局大內分隊,臺南市大內區石城里74號,06-5761271,120.35806782386796,23.121006370672436,,,,,,,,,,,,,,,,,,,
臺南市政府消防局南化分隊,臺南市南化區南化里226-2號,06-5773428,120.47926604770143,23.04440172284602,,,,,,,,,,,,,,,,,,,
臺南市政府消防局玉井分隊,臺南市玉井區中山路2-5號,06-5742517,120.45949756542475,23.119186906868933,,,,,,,,,,,,,,,,,,,
臺南市政府消防局楠西分隊,臺南市楠西區信義路57巷20號,06-5752260,120.4879472609771,23.173035689682553,,,,,,,,,,,,,,,,,,,
臺南市政府消防局安定分隊,臺南市安定區南安里油車33-11號,06-5922301,120.22785631195053,23.10244440295128,,,,,,,,,,,,,,,,,,,
臺南市政府消防局第三救災救護大隊,臺南市佳里區六安里六順路23號,06-7238450,120.1753313397232,23.17105595539982,,,,,,,,,,,,,,,,,,,
臺南市政府消防局永康分隊,臺南市永康區正強街10號,06-2326951,120.25258658751801,23.024285322789975,,,,,,,,,,,,,,,,,,,
臺南市政府消防局復興分隊,臺南市永康區復興路172號,06-3117228,120.24560541643318,22.998777980356543,,,,,,,,,,,,,,,,,,,
臺南市政府消防局新市分隊,臺南市新市區民生路230號,06-5993119,120.28673739200433,23.081249940791245,,,,,,,,,,,,,,,,,,,
臺南市政府消防局大灣分隊,臺南市永康區民族路297號,06-2711995,120.2689183124591,23.005751620843697,,,,,,,,,,,,,,,,,,,
臺南市政府消防局鹽行分隊,臺南市永康區中正南路426號,06-2536326,120.23023578993049,23.03481776179215,,,,,,,,,,,,,,,,,,,
臺南市政府消防局新化分隊,臺南市新化區信義路59號,06-5902920,120.31629218936985,23.038285803819285,,,,,,,,,,,,,,,,,,,
臺南市政府消防局山上分隊,臺南市山上區山上里35-1號,06-5783328,120.35814070746915,23.09876504496506,,,,,,,,,,,,,,,,,,,
臺南市政府消防局歸仁分隊,臺南市歸仁區中正南路一段1207號,06-2304739,120.2780384047323,22.947457430689983,,,,,,,,,,,,,,,,,,,
臺南市政府消防局文賢分隊,臺南市仁德區文賢里三甲子58-9號,06-2666302,120.24487597982564,22.92903408442651,,,,,,,,,,,,,,,,,,,
臺南市政府消防局仁德分隊,臺南市仁德區仁義路432號,06-2702827,120.25778188191548,22.9683541614068,,,,,,,,,,,,,,,,,,,
臺南市政府消防局關廟分隊,臺南市關廟區中山路二段185號,06-5952895,120.32414742247443,22.960386823291937,,,,,,,,,,,,,,,,,,,
臺南市政府消防局南科分隊,臺南市善化區南科九路20號,06-5052960,120.27175183395822,23.120336766230462,,,,,,,,,,,,,,,,,,,
臺南市政府消防局,臺南市安平區永華路二段898號,06-2975119,120.16663689937347,22.99205002622226,,,,,,,,,,,,,,,,,,,
臺南市政府消防局第一救災救護大隊,臺南市新營區中華路2號,06-6376793,120.3152295426172,23.30525028302364,,,,,,,,,,,,,,,,,,,
臺南市政府消防局南門分隊,臺南市南區南門路273號,06-2151510,120.20382348274246,22.979049496846883,,,,,,,,,,,,,,,,,,,
臺南市政府消防局崇善分隊,臺南市東區崇善路740號,06-2674781,120.23219514493246,22.96653121245237,,,,,,,,,,,,,,,,,,,
臺南市政府消防局中正分隊,臺南市中西區中正路2-1號,06-2270334,120.20432038537935,22.99251990963759,,,,,,,,,,,,,,,,,,,
臺南市政府消防局東門分隊,臺南市東區林森路一段320號,06-3353860,120.22043834874499,22.983301435318438,,,,,,,,,,,,,,,,,,,
臺南市政府消防局後甲分隊,臺南市東區裕孝路120號,06-3317089,120.2433720023644,22.986276220503484,,,,,,,,,,,,,,,,,,,
臺南市政府消防局德興分隊,臺南市南區德興路100號,06-2611509,120.19232131088131,22.964206070527236,,,,,,,,,,,,,,,,,,,
臺南市政府消防局灣裡分隊,臺南市南區灣裡路61巷6號,06-2623732,120.18136716716761,22.932857089953693,,,,,,,,,,,,,,,,,,,
臺南市政府消防局第二救災救護大隊,臺南市麻豆區興國路9號,065718130,120.24850747662752,23.183270673582243,,,,,,,,,,,,,,,,,,,
臺南市政府消防局安南分隊,臺南市安南區海佃路三段63號,06-2567348,120.1822422050187,23.048632407507938,,,,,,,,,,,,,,,,,,,
臺南市政府消防局安和分隊,臺南市安南區安和路三段54巷16號,06-3551525,120.2181852911463,23.044414288396997,,,,,,,,,,,,,,,,,,,
臺南市政府消防局永華分隊,臺南市安平區永華路二段206號,06-2972975,120.18270563339787,22.98936321005768,,,,,,,,,,,,,,,,,,,
臺南市政府消防局安平分隊,臺南市安平區安北路38號,06-2216843,120.16747394244696,23.00132569409041,,,,,,,,,,,,,,,,,,,
臺南市政府消防局公園分隊,臺南市北區公園北路106號,06-2511046,120.20983424572928,23.004891885316272,,,,,,,,,,,,,,,,,,,
臺南市政府消防局和緯分隊,臺南市北區文賢路678號,06-3589891,120.19407121276474,23.010369483764965,,,,,,,,,,,,,,,,,,,
澎湖縣政府消防局,澎湖縣馬公市四維路320號,06-9263346,119.5737460381854,23.578393500829566,,,,,,,,,,,,,,,,,,,
澎湖縣政府消防局第一救災救護大隊,澎湖縣馬公市四維路320號,06-9275615,119.5737460381854,23.578393500829566,,,,,,,,,,,,,,,,,,,
澎湖縣政府消防局馬公分隊,澎湖縣馬公市四維路320號,06-9272137,119.5737460381854,23.578393500829566,,,,,,,,,,,,,,,,,,,
澎湖縣政府消防局澎南分隊,澎湖縣馬公市鎖港里1482號,06-9950119,119.59713908602072,23.525181816158383,,,,,,,,,,,,,,,,,,,
澎湖縣政府消防局湖西分隊,澎湖縣湖西鄉林投村123 號,06-9921119,119.65333867145304,23.571747903199196,,,,,,,,,,,,,,,,,,,
澎湖縣政府消防局白沙分隊,澎湖縣白沙鄉赤崁村9-26號,06-9932119,119.60067374795058,23.66148137305986,,,,,,,,,,,,,,,,,,,
澎湖縣政府消防局西嶼分隊,澎湖縣西嶼鄉池東村211-5號,06-9981544,119.51117798202559,23.599969724519333,,,,,,,,,,,,,,,,,,,
澎湖縣政府消防局鳥嶼分隊,澎湖縣白沙鄉鳥嶼村9-5號,06-9916119,119.65960672530288,23.659201600944908,,,,,,,,,,,,,,,,,,,
澎湖縣政府消防局吉貝分隊,澎湖縣白沙鄉吉貝村185-5號,06-9911119,119.60551667176254,23.73719869296159,,,,,,,,,,,,,,,,,,,
澎湖縣政府消防局員貝分隊,澎湖縣白沙鄉員貝村28-2號,06-9933799,119.63225084948172,23.64668451516733,,,,,,,,,,,,,,,,,,,
澎湖縣政府消防局大倉分隊,澎湖縣白沙鄉大倉村65號,06-9932803,119.5701643678339,23.617793697012356,,,,,,,,,,,,,,,,,,,
澎湖縣政府消防局桶盤分隊,澎湖縣馬公市桶盤里7-6號,06-9291267,119.51730136218944,23.5128619184572,,,,,,,,,,,,,,,,,,,
澎湖縣政府消防局虎井分隊,澎湖縣馬公市虎井里109號,06-9291226,119.51879122600012,23.48790864572257,,,,,,,,,,,,,,,,,,,
澎湖縣政府消防局第二救災救護大隊,澎湖縣白沙鄉赤崁村9-26號,06-9933009,119.60067374795058,23.66148137305986,,,,,,,,,,,,,,,,,,,
澎湖縣政府消防局望安分隊,澎湖縣望安鄉東安村1鄰望安1之1號,06-9991153,119.50685398463537,23.36397796934881,,,,,,,,,,,,,,,,,,,
澎湖縣政府消防局將軍分隊,澎湖縣望安鄉將軍村166號,06-9902199,119.51943673384444,23.36356582820034,,,,,,,,,,,,,,,,,,,
澎湖縣政府消防局花嶼分隊,澎湖縣望安鄉花嶼村94-5號,06-9991691,119.31958373080617,23.39948957560751,,,,,,,,,,,,,,,,,,,
澎湖縣政府消防局七美分隊,澎湖縣七美鄉南港村南滬39號,0928370100,119.41914448460012,23.196575071942288,,,,,,,,,,,,,,,,,,,
