,交易年份,土地位置建物門牌,屋齡,建物現況格局-房,建物現況格局-廳,建物現況格局-衛,電梯,單價元平方公尺,修正地址,lon,lat
31,111,臺北市中山區建國北路三段81巷15號四樓,39,3,2,2,有,177928,False,121.5379531,25.0657319
32,111,臺北市中山區伊通街19巷21號,38,3,2,1,無,293629,False,121.53563989999999,25.0489785
33,111,臺北市中山區吉林路461巷8號二樓,51,3,2,2,無,163067,False,121.53107059999999,25.0676588
38,111,臺北市中山區新生北路三段93巷10號,57,4,2,2,無,323197,False,121.528398,25.0676942
39,111,臺北市中山區松江路156巷10號二樓之1,21,1,1,1,有,279013,False,121.53207400000001,25.054254999999998
43,111,臺北市中山區中山北路一段53巷8號五樓之8,14,1,1,1,有,276590,False,121.5221491,25.0491302
96,111,臺北市中山區雙城街3巷2號十二樓,27,1,1,1,有,193108,False,121.5244886,25.063166099999997
101,111,臺北市中山區民族東路234號二樓之1,50,2,1,1,無,175778,False,121.5320232,25.0681348
173,111,臺北市中山區錦州街30巷11號五樓之13,43,2,1,1,有,165354,False,121.52486169999999,25.0594888
187,111,臺北市中山區合江街188巷13號六樓,44,3,2,2,有,195539,False,121.53850629999998,25.0615161
229,111,臺北市中山區中山北路二段36巷30號五樓,47,4,2,2,無,205936,False,121.5209646,25.0541727
235,110,臺北市中山區林森北路282號五樓之11,47,1,1,1,有,198152,False,121.52532459999999,25.055644299999997
236,111,臺北市中山區民權東路三段88號七樓之2,36,4,3,2,有,226853,False,121.543746,25.0619792
278,111,臺北市中山區中山北路二段65巷2弄13號七樓之1,12,1,1,1,有,247992,False,121.52438699999999,25.056739999999998
281,111,臺北市中山區農安街227巷34號六樓,38,3,2,2,有,159137,False,121.53380390000001,25.066386
282,111,臺北市中山區新生北路三段64號五樓之8,43,1,1,1,有,149721,False,121.5273502,25.065842800000002
284,111,臺北市中山區四平街15號,50,2,1,0,有,367022,False,121.5309161,25.053747199999997
288,111,臺北市中山區吉林路200巷23號,56,3,2,1,無,267668,False,121.52928759999999,25.058581399999994
316,111,臺北市中山區中原街33號四樓之1,43,2,1,2,有,247155,False,121.5289796,25.056697399999994
357,111,臺北市中山區民生東路一段54號八樓之7,37,2,1,1,有,218051,False,121.52498920000001,25.057897699999995
364,111,臺北市中山區雙城街3巷2號八樓之5,27,1,1,1,有,169464,False,121.5244886,25.063166099999997
412,111,臺北市中山區北安路669號二樓之2,5,1,0,1,有,238503,False,121.5493238,25.0850704
420,111,臺北市中山區錦州街50號十二樓之30,38,1,1,1,有,154629,False,121.52629970000001,25.060152199999997
422,111,臺北市中山區新生北路三段1號五樓之14、五樓之15,41,2,1,2,有,189796,False,121.52815469999999,25.062894499999995
423,111,臺北市中山區民生西路45巷5弄15號二樓,55,3,1,1,無,183261,False,121.5213873,25.058444299999998
430,110,臺北市中山區新生北路一段112號八樓之8,40,0,1,1,有,187520,False,121.5277895,25.050577399999998
480,111,臺北市中山區民生西路16號五樓之2,42,0,0,0,有,172024,False,121.52215999999999,25.0577082
482,111,臺北市中山區中山北路二段20巷24號五樓,46,3,2,2,無,207983,False,121.5208239,25.053506699999996
545,111,臺北市中山區龍江路394巷48號五樓,41,3,2,1,無,138310,False,121.539049,25.067095
547,111,臺北市中山區雙城街19巷8號十二樓之13,14,2,1,1,有,257353,False,121.52491599999999,25.0652457
572,110,臺北市中山區南京東路二段108號十七樓之13,11,1,1,1,有,297967,False,121.53209,25.0517765
573,111,臺北市中山區長春路235號十樓之2,36,1,0,1,有,221944,False,121.53927010000001,25.0548427
585,111,臺北市中山區新生北路三段76號八樓之1,40,1,1,1,有,201025,False,121.52739799999999,25.066547999999994
589,111,臺北市中山區林森北路409號八樓之37,40,1,0,1,有,123827,False,121.525764,25.0594947
590,111,臺北市中山區新生北路三段82號八樓之7,35,1,1,1,有,175055,False,121.527451,25.0671699
592,111,臺北市中山區中山北路一段135巷26號五樓、五樓之1,11,2,1,1,有,156967,False,121.5240386,25.051329300000003
593,111,臺北市中山區松江路330巷53號二樓之8,15,1,1,1,有,257946,False,121.53112890000001,25.0612502
602,111,臺北市中山區長春路220號十一樓之3、十一樓之4,28,2,2,2,有,220679,False,121.537761,25.054565
649,110,臺北市中山區長安東路二段230號十樓之2,36,2,2,2,有,225489,False,121.54284789999998,25.0480798
658,110,臺北市中山區北安路569之3號三樓,45,4,1,1,無,191029,False,121.54829799999999,25.081027
661,111,臺北市中山區南京東路三段194巷5號二樓之3,32,0,0,0,有,251544,False,121.5426981,25.051264100000004
663,111,臺北市中山區新生北路三段58號七樓之11,40,1,1,1,有,179768,False,121.5273562,25.065647600000002
666,111,臺北市中山區錦州街50號七樓之19,38,2,1,1,有,168568,False,121.52629970000001,25.060152199999997
703,111,臺北市中山區林森北路413號十樓之6,38,2,2,1,有,159473,False,121.525773,25.059863999999997
708,111,臺北市中山區南京東路三段106號十二樓,2,0,0,0,有,410755,False,121.5400034,25.051731499999995
781,111,臺北市中山區中山北路三段36巷4號八樓,33,2,2,1,有,246210,False,121.52172319999998,25.065654000000002
828,111,臺北市中山區林森北路85巷66弄2號五樓之2,38,1,1,1,有,179352,False,121.52710889999999,25.0490218
833,111,臺北市中山區建國北路三段81巷3號六樓,41,4,2,2,有,204694,False,121.53720109999999,25.0655671
836,111,臺北市中山區長安東路一段56巷1弄12號二樓,8,2,2,1,有,236750,False,121.52921669999999,25.047502999999995
839,111,臺北市中山區林森北路85巷77號二樓之6,15,0,1,1,有,235318,False,121.5274792,25.049333999999998
844,111,臺北市中山區雙城街19巷8號十四樓之2,14,1,1,1,有,241176,False,121.52491599999999,25.0652457
845,111,臺北市中山區長安東路一段56巷3號四樓之1,19,1,0,1,有,242267,False,121.5286871,25.0477845
854,110,臺北市中山區龍江路201號三樓,41,3,2,2,有,223091,False,121.54072459999999,25.0562769
900,111,臺北市中山區德惠街45號七樓之13,43,0,0,0,有,144785,False,121.52699659999999,25.066763599999994
910,111,臺北市中山區民生東路一段70巷11號四樓之13,15,1,1,1,有,252769,False,121.526511,25.0572759
915,111,臺北市中山區大直街122號四樓,39,3,2,2,無,221091,False,121.5487213,25.0842964
956,110,臺北市中山區合江街37號七樓,3,0,0,0,有,287336,False,121.53925009999998,25.055626699999998
960,111,臺北市中山區建國北路二段139號八樓之2,36,2,2,2,有,208470,False,121.53735890000002,25.0609167
961,111,臺北市中山區松江路2號十一樓之1,41,1,1,1,有,205554,False,121.53276640000001,25.0545673
1035,110,臺北市中山區林森北路286號九樓之6,33,1,1,1,有,157700,False,121.5252818,25.055720700000002
1037,111,臺北市中山區林森北路107巷41號七樓之6,33,1,1,1,有,186803,False,121.52636459999998,25.0500614
1071,111,臺北市中山區吉林路461巷14號四樓,50,3,2,1,無,173241,False,121.5312455,25.0676618
1083,111,臺北市中山區新生北路三段16號五樓,10,1,1,1,有,245399,False,121.5273983,25.0634069
1130,111,臺北市中山區合江街100巷25號四樓,41,3,2,2,有,187512,False,121.5379906,25.0583799
1132,111,臺北市中山區林森北路121號十二樓之6,14,1,0,1,有,250987,False,121.5252144,25.0507717
1135,111,臺北市中山區中山北路二段115巷30號七樓,12,1,2,1,有,258088,False,121.524995,25.060751500000002
1140,111,臺北市中山區新生北路三段56巷19號六樓之1,13,1,1,1,有,268084,False,121.52660129999998,25.0655312
1165,111,臺北市中山區民族東路512巷13弄27號三樓,41,3,2,2,無,127621,False,121.54316440000001,25.0667255
1219,111,臺北市中山區林森北路472號六樓之10,26,1,1,1,有,178944,False,121.5254629,25.0611103
1222,111,臺北市中山區市民大道三段167號七樓之3,14,1,0,1,有,255862,False,121.54041349999999,25.044851800000004
1338,110,臺北市中山區新生北路一段59號二樓,42,1,1,1,有,183385,False,121.52950899999999,25.0489419
1343,111,臺北市中山區合江街188巷14號七樓,45,2,2,1,有,258039,False,121.53855120000001,25.061296
1352,111,臺北市中山區長春路59號八樓,46,1,2,1,有,171262,False,121.52642609999998,25.055028399999998
1372,111,臺北市中山區合江街73巷37號七樓,40,3,2,2,有,240176,False,121.54051559999998,25.058835
1374,111,臺北市中山區新生北路三段82巷37號四樓之2,30,1,1,1,有,204304,False,121.52621930000001,25.0671908
1381,111,臺北市中山區林森北路119巷61號,55,0,0,0,無,427722,False,121.52717820000001,25.050361100000003
1460,111,臺北市中山區林森北路119巷66之3號,55,3,1,1,無,119048,False,121.5274228,25.050126799999997
1461,111,臺北市中山區錦州街32號九樓,40,2,2,1,有,162729,False,121.5249207,25.060117800000004
1483,111,臺北市中山區民權東路二段200號四樓,46,5,3,2,無,157560,False,121.53632069999999,25.0621565
1519,111,臺北市中山區林森北路263號七樓之3,40,1,1,1,有,159380,False,121.5256261,25.0545886
1520,111,臺北市中山區民權東路二段135巷16號七樓,39,0,0,0,有,104154,False,121.53486679999999,25.0636889
1530,111,臺北市中山區四平街56號四樓之2,14,2,2,1,有,315288,False,121.53348349999999,25.053572499999998
1557,111,臺北市中山區龍江路271巷3號二樓,39,4,2,2,有,209751,False,121.54107339999999,25.059537700000003
1559,111,臺北市中山區明水路397巷7弄60號四樓之3,30,1,1,1,有,249518,False,121.55052130000001,25.078001099999998
1560,110,臺北市中山區新生北路二段33巷6號五樓,48,3,2,2,無,197032,False,121.52810339999999,25.0543072
1667,111,臺北市中山區松江路506號二樓之3,38,3,2,2,有,202794,False,121.53303059999998,25.0658589
1670,111,臺北市中山區北安路630巷25弄18號四樓,25,3,2,1,有,292303,False,121.5502117,25.0836709
1713,111,臺北市中山區農安街34號五樓之10,43,0,1,1,有,158625,False,121.52686329999997,25.064770099999997
1718,111,臺北市中山區林森北路282號四樓之13,48,2,2,1,有,224918,False,121.52532459999999,25.055644299999997
1720,111,臺北市中山區中山北路二段137巷18之12號四樓之1,38,2,2,2,有,185429,False,121.52446680000001,25.061308299999997
1722,111,臺北市中山區新生北路三段43號二樓之25,44,1,1,1,有,193311,False,121.5280924,25.065402799999998
1770,111,臺北市中山區松江路2號十一樓之3、十一樓之4,41,0,0,0,有,211425,False,121.53276640000001,25.0545673
1772,111,臺北市中山區雙城街25巷2號四樓之5,46,2,1,1,有,193660,False,121.52448550000001,25.0661631
1890,111,臺北市中山區敬業三路162巷196號四樓,22,3,2,2,有,206431,False,121.5603135,25.079017900000004
1892,111,臺北市中山區新生北路二段123巷35號二樓,56,3,1,1,無,190592,False,121.52874340000001,25.0594504
1908,111,臺北市中山區建國北路二段188號十三樓之1,36,3,2,2,有,229578,False,121.53653249999999,25.0596011
1910,111,臺北市中山區中山北路二段27巷17號六樓之5,45,2,1,1,有,219017,False,121.5244517,25.053469699999997
1958,111,臺北市中山區民權西路20號三樓之6,45,0,0,0,有,192864,False,121.52169860000001,25.0625325
1978,111,臺北市中山區林森北路289號五樓之15,45,0,0,0,有,167785,False,121.5256821,25.0556128
1979,111,臺北市中山區錦州街30巷11號九樓之18,43,0,1,1,有,154138,False,121.52486169999999,25.0594888
2066,111,臺北市中山區建國北路二段35號六樓之2,34,1,1,1,有,255821,False,121.5373251,25.0552747
2068,111,臺北市中山區錦州街30巷11號十樓之7,43,1,0,1,有,181571,False,121.52486169999999,25.0594888
2093,111,臺北市中山區合江街69之1號六樓之1,37,3,2,2,有,216978,False,121.5393367,25.0585934
2100,111,臺北市中山區新生北路三段1號八樓之24,41,1,1,1,有,180377,False,121.52815469999999,25.062894499999995
2117,111,臺北市中山區興安街88號,36,0,0,0,有,267912,False,121.54240039999999,25.0557815
2120,111,臺北市中山區新生北路三段87巷65之1號,52,2,2,1,無,176603,False,121.5301417,25.0674302
2121,111,臺北市中山區南京東路二段108號五樓之15,12,0,0,0,有,290021,False,121.53209,25.0517765
2171,111,臺北市中山區林森北路413號七樓之5,38,2,1,1,有,140088,False,121.525773,25.059863999999997
2176,111,臺北市中山區中山北路三段53號二樓之3,1,2,2,1,有,289415,False,121.52313919999999,25.067949400000003
2177,111,臺北市中山區中山北路三段53號五樓之3,1,2,2,1,有,298593,False,121.52313919999999,25.067949400000003
2227,111,臺北市中山區合江街61巷31號三樓,42,3,2,2,無,209518,False,121.54000629999999,25.0573426
2358,111,臺北市中山區雙城街28巷16號五樓,46,2,2,1,無,224766,False,121.52328980000001,25.065814
2361,111,臺北市中山區林森北路85巷59號五樓,41,3,2,2,無,131518,False,121.52700379999999,25.0494977
2362,111,臺北市中山區新生北路三段1號五樓之2,41,1,0,1,有,195918,False,121.52815469999999,25.062894499999995
2368,111,臺北市中山區新生北路二段60巷2號九樓之3,41,1,0,1,有,158755,False,121.52717090000002,25.0555641
2370,111,臺北市中山區北安路588巷8號五樓,31,2,1,1,有,261845,False,121.54925949999998,25.0809426
2373,111,臺北市中山區天祥路16號十一樓,6,1,1,1,有,305379,False,121.52092839999999,25.061056900000004
2429,111,臺北市中山區南京東路二段108號十三樓之11,12,1,1,1,有,300300,False,121.53209,25.0517765
2440,111,臺北市中山區長安東路二段230號九樓之5,37,4,2,2,有,186713,False,121.54284789999998,25.0480798
2477,111,臺北市中山區民族東路530號四樓,41,3,2,2,無,151167,False,121.54287799999997,25.067221999999997
2555,111,臺北市中山區建國北路一段150號七樓之5,12,1,0,1,有,291527,False,121.53610399999998,25.051429199999998
2556,111,臺北市中山區建國北路一段150號七樓之3,12,1,1,0,有,289505,False,121.53610399999998,25.051429199999998
2588,111,臺北市中山區新生北路二段31之1號八樓之3,45,2,0,1,有,196666,False,121.52782739999999,25.0542013
2653,111,臺北市中山區民生東路二段83號五樓之10,42,1,1,1,有,165002,False,121.530773,25.0581662
2655,111,臺北市中山區吉林路461巷7號,52,3,1,1,無,255583,False,121.53093630000001,25.0677764
2659,111,臺北市中山區興安街80巷6號三樓,52,3,2,1,無,212016,False,121.54137290000001,25.0556494
2661,111,臺北市中山區林森北路107巷28號五樓之1,6,1,1,1,有,199818,False,121.525882,25.049980299999998
2756,111,臺北市中山區復興北路448號七樓之3,14,0,1,1,有,268722,False,121.54399439999997,25.0641073
2781,111,臺北市中山區松江路133巷50號四樓之1,18,1,1,1,有,309294,False,121.5346448,25.0542673
2796,111,臺北市中山區中山北路三段53號六樓之5,1,2,2,2,有,284944,False,121.52313919999999,25.067949400000003
2799,111,臺北市中山區中山北路三段53號三樓之3,1,2,2,1,有,292780,False,121.52313919999999,25.067949400000003
2800,111,臺北市中山區中山北路三段53號四樓之3,1,2,2,1,有,295635,False,121.52313919999999,25.067949400000003
2860,111,臺北市中山區德惠街178號五樓,37,3,2,2,有,200189,False,121.5318943,25.0664528
2884,111,臺北市中山區林森北路107巷28號四樓之1,6,1,0,1,有,206176,False,121.525882,25.049980299999998
2900,111,臺北市中山區新生北路三段1號六樓之4,41,0,0,0,有,178231,False,121.52815469999999,25.062894499999995
2924,111,臺北市中山區新生北路二段28巷3號十四樓之2,33,3,2,2,有,231249,False,121.52667489999999,25.053920799999997
2925,110,臺北市中山區民生東路二段119號二樓之7,45,4,2,2,有,173923,False,121.5317927,25.0581196
2926,111,臺北市中山區林森北路655號七樓之3,18,1,1,1,有,200508,False,121.52594749999999,25.067711499999998
2929,111,臺北市中山區民族東路520號三樓,38,3,2,2,無,164099,False,121.54256499999998,25.067497
2990,110,臺北市中山區吉林路47之3號,25,3,2,1,有,324582,False,121.53030369999999,25.0527007
2992,111,臺北市中山區中山北路三段53之6號六樓,36,3,2,2,有,226534,False,121.52296369999999,25.067946199999998
2994,111,臺北市中山區新生北路二段68巷13號十樓之2,14,1,1,1,有,240761,False,121.52620089999999,25.056578599999998
2995,111,臺北市中山區龍江路342巷2號三樓,44,3,2,2,無,153528,False,121.54067570000001,25.065460699999996
3089,111,臺北市中山區吉林路343巷44號,50,3,2,1,無,263892,False,121.5323009,25.0641918
3098,111,臺北市中山區新生北路二段137巷42號,56,0,0,0,無,241703,False,121.52917900000001,25.061199199999997
3100,111,臺北市中山區林森北路259巷9號四樓之14,38,1,0,1,有,172964,False,121.52637509999998,25.0544021
3145,111,臺北市中山區錦州街50號六樓之11,38,2,1,1,有,179609,False,121.52629970000001,25.060152199999997
3146,111,臺北市中山區復興北路60號九樓之1,42,0,0,0,有,173033,False,121.5437688,25.0502494
3148,111,臺北市中山區松江路3號八樓之4,26,1,0,1,有,201381,False,121.53320899999999,25.0462559
3198,111,臺北市中山區南京東路二段21巷19號,54,5,1,6,無,328239,False,121.52884119999999,25.052865300000004
3243,111,臺北市中山區中山北路一段53巷26號三樓之7,14,1,2,1,有,245098,False,121.52356429999999,25.0488338
3247,111,臺北市中山區吉林路254之1號五樓之1,43,1,1,1,有,214792,False,121.530033,25.059942500000002
3250,111,臺北市中山區吉林路254之1號五樓,43,1,1,1,有,210266,False,121.530033,25.059942500000002
3256,111,臺北市中山區合江街61巷8號三樓,41,3,2,2,無,209831,False,121.53968499999999,25.057163
3257,111,臺北市中山區新生北路二段96號七樓之7,40,1,1,1,有,161385,False,121.5272227,25.059176899999994
3259,111,臺北市中山區長春路247號八樓之6,14,1,1,1,有,286271,False,121.5395689,25.0548824
3316,111,臺北市中山區農安街77巷6號四樓,38,2,2,2,無,149662,False,121.5284183,25.0660652
3320,111,臺北市中山區林森北路263號八樓之12,40,2,1,1,有,186138,False,121.5256261,25.0545886
3328,111,臺北市中山區南京東路三段89巷11之1號,51,0,1,1,無,221328,False,121.5385055,25.052927699999998
3329,111,臺北市中山區吉林路26巷20號四樓之3,32,1,0,1,有,200511,False,121.52923679999999,25.0514276
3338,111,臺北市中山區新生北路二段28巷1號三樓之8,33,2,2,3,有,179406,False,121.52702400000001,25.0538951
3339,111,臺北市中山區林森北路306號十四樓,19,0,1,1,有,195978,False,121.52535100000001,25.0560304
3371,111,臺北市中山區龍江路37巷6號二樓,46,3,2,2,無,189383,False,121.54090009999999,25.048685100000004
3372,111,臺北市中山區松江路330巷63號三樓,53,2,2,2,無,196473,False,121.53095370000001,25.0612509
3414,111,臺北市中山區長春路410號十一樓之1,33,0,0,0,有,244349,False,121.5437483,25.054406999999998
3490,111,臺北市中山區新生北路三段1號八樓之19,41,1,0,1,有,153846,False,121.52815469999999,25.062894499999995
3494,111,臺北市中山區民生西路45巷5弄3號,52,1,1,1,無,373943,False,121.5209838,25.0584875
3529,111,臺北市中山區新生北路三段70號七樓之6,42,1,0,1,有,185391,False,121.5273419,25.0663122
3531,111,臺北市中山區民生東路二段147巷12弄32號,56,2,2,1,無,284422,False,121.5339744,25.060007400000003
3534,111,臺北市中山區民生東路一段54號十樓之6,37,1,1,1,有,205541,False,121.52498920000001,25.057897699999995
3536,111,臺北市中山區南京東路二段108號十二樓之20,12,0,0,0,有,313051,False,121.53209,25.0517765
3544,111,臺北市中山區中山北路二段77巷17號七樓之1,13,3,2,1,有,238796,False,121.5238553,25.0575863
3554,111,臺北市中山區民權東路二段135巷30弄16號六樓,43,4,2,2,有,183528,False,121.53436439999999,25.0641712
3556,111,臺北市中山區中原街22號七樓之2,45,1,1,1,有,221682,False,121.5287831,25.056780699999997
3615,111,臺北市中山區長春路100號四樓之11,47,1,1,1,有,201114,False,121.5279422,25.0547762
3619,111,臺北市中山區新生北路二段28巷5號三樓之5,33,3,2,2,有,182990,False,121.5263406,25.0539305
3620,111,臺北市中山區新生北路三段1號八樓之23,41,0,0,0,有,191114,False,121.52815469999999,25.062894499999995
3642,111,臺北市中山區龍江路249巷8號四樓,46,2,2,2,無,182360,False,121.54131950000001,25.0586366
3644,111,臺北市中山區四平街138號二樓之2,39,3,2,1,有,240757,False,121.53629230000001,25.053440499999994
3665,111,臺北市中山區吉林路205號三樓,50,2,2,1,無,182991,False,121.53036749999998,25.0601247
3693,111,臺北市中山區民生東路二段83號七樓之37,42,1,1,1,有,155314,False,121.530773,25.0581662
3749,111,臺北市中山區民生東路二段147巷12弄34號,56,3,1,1,無,306301,False,121.5338635,25.0599958
3752,111,臺北市中山區民生東路一段72號九樓之1,41,0,0,0,有,125612,False,121.52655740000002,25.057924699999997
3756,111,臺北市中山區松江路562號二樓之10,26,1,0,1,有,124468,False,121.53276299999997,25.0679111
3764,111,臺北市中山區復興北路400號三樓之3,36,2,2,1,有,264370,False,121.5439448,25.061613599999998
3765,111,臺北市中山區林森北路107巷30號四樓,40,1,1,2,有,167904,False,121.5259639,25.0499792
3988,111,臺北市中山區松江路2號九樓之9,41,1,1,1,有,199344,False,121.53276640000001,25.0545673
4038,111,臺北市中山區北安路573巷2弄8號,52,3,1,3,無,289394,False,121.5480918,25.081201500000002
4039,111,臺北市中山區南京東路一段60號四樓,22,3,2,2,有,241023,False,121.5248901,25.0517985
4040,111,臺北市中山區南京東路一段62號四樓,22,0,0,0,有,241129,False,121.5249003,25.0519367
4041,111,臺北市中山區松江路118號十七樓之8,1,1,1,1,有,474440,False,121.53277130000001,25.051497899999994
4045,111,臺北市中山區復興北路66號十一樓之6,43,2,1,1,有,252101,False,121.5437841,25.0506693
4101,111,臺北市中山區龍江路394巷61號三樓,38,3,2,2,無,125348,False,121.53846300000001,25.06732
4102,111,臺北市中山區錦州街353號六樓之2,38,2,2,1,有,246187,False,121.54006820000001,25.060304799999994
4105,111,臺北市中山區民族東路410巷23弄5號五樓,43,2,2,1,無,152828,False,121.538733,25.066931899999997
4199,111,臺北市中山區撫順街41巷3號六樓之6,40,1,1,1,有,242494,False,121.51939879999999,25.064213999999996
4200,111,臺北市中山區建國北路三段80巷1號十樓,34,3,2,2,有,197160,False,121.53568229999999,25.06565789999999
4230,111,臺北市中山區市民大道三段31號五樓,42,3,2,2,無,183805,False,121.53430649999999,25.0452814
4263,111,臺北市中山區長安東路一段56巷7弄34號四樓,41,3,2,2,無,163211,False,121.52972510000001,25.0469615
4267,111,臺北市中山區松江路28號十二樓之5,35,0,1,1,有,250633,False,121.53262679999999,25.0471696
4272,111,臺北市中山區中山北路二段65巷16號三樓之1,49,1,2,1,有,217577,False,121.5243641,25.0570153
4275,111,臺北市中山區松江路562號五樓之2,26,1,0,1,有,146199,False,121.53276299999997,25.0679111
4278,111,臺北市中山區新生北路一段54號五樓,34,1,1,1,有,200490,False,121.53125079999998,25.0464093
4354,111,臺北市中山區龍江路271巷5號二樓,39,4,2,2,有,209624,False,121.5411934,25.059551199999998
4418,111,臺北市中山區新生北路二段21巷5號六樓,46,3,2,2,有,186672,False,121.52805409999999,25.0534595
4427,111,臺北市中山區錦州街50號十二樓之27,38,1,1,1,有,184779,False,121.52629970000001,25.060152199999997
4428,111,臺北市中山區林森北路121號十五樓之13,14,1,2,1,有,255195,False,121.5252144,25.0507717
4487,111,臺北市中山區新生北路三段64號二樓之5,43,1,1,1,有,175084,False,121.5273502,25.065842800000002
4494,111,臺北市中山區民權東路二段92巷7弄21號二樓,53,2,1,1,無,256898,False,121.5324914,25.0607828
4498,111,臺北市中山區新生北路一段112號三樓之8,41,1,0,1,有,169600,False,121.5277895,25.050577399999998
4568,111,臺北市中山區錦州街50號七樓之11,38,1,1,1,有,150555,False,121.52629970000001,25.060152199999997
4570,111,臺北市中山區林森北路413號八樓之5,38,2,2,1,有,166591,False,121.525773,25.059863999999997
4573,111,臺北市中山區林森北路119巷88號三樓之1,34,1,0,1,有,202336,False,121.52789430000001,25.0502117
4622,111,臺北市中山區新生北路二段68巷8號九樓之10,6,2,2,1,有,283925,False,121.5268045,25.0566792
4624,111,臺北市中山區錦州街50號十一樓之5,38,1,1,1,有,153196,False,121.52629970000001,25.060152199999997
4706,111,臺北市中山區長安東路一段52巷6號四樓,56,2,1,1,無,192008,False,121.52809539999998,25.0480213
4707,111,臺北市中山區松江路164巷15號四樓,39,4,2,2,有,222571,False,121.53210549999999,25.0556681
4719,111,臺北市中山區民族東路410巷23弄25號三樓,35,3,2,2,無,180523,False,121.5393666,25.0669315
4720,111,臺北市中山區建國北路二段115號六樓,38,3,2,2,有,226757,False,121.53736160000001,25.0594543
4721,111,臺北市中山區長春路410號十一樓之6,33,1,0,1,有,238400,False,121.5437483,25.054406999999998
4727,111,臺北市中山區松江路431巷9號四樓,45,5,0,5,無,172421,False,121.53421100000001,25.0656529
4777,111,臺北市中山區合江街58巷30號三樓,40,3,2,2,無,189974,False,121.5379529,25.055714
4859,111,臺北市中山區復興北路190巷1號九樓,36,3,2,1,有,251072,False,121.54326329999999,25.0555728
4876,111,臺北市中山區民權東路二段135巷29弄12號六樓,37,3,2,2,有,167517,False,121.5357923,25.064117399999997
4932,111,臺北市中山區民權東路二段146號十一樓之3,40,2,2,1,有,260376,False,121.53435139999999,25.062164
4939,111,臺北市中山區中山北路二段85巷1號二樓之1,3,1,1,1,有,296646,False,121.52351970000001,25.0588815
4940,111,臺北市中山區農安街9號六樓之2,38,1,1,1,有,180026,False,121.52335579999999,25.0651017
4941,111,臺北市中山區新生北路二段38號九樓之7,26,2,2,1,有,225499,False,121.52726879999999,25.054595099999997
4950,111,臺北市中山區林森北路119巷21號三樓,51,2,2,1,無,175815,False,121.52594149999999,25.0506512
4970,111,臺北市中山區敬業三路162巷84號五樓,22,3,2,2,有,192976,False,121.55871439999999,25.0779833
4998,111,臺北市中山區中山北路二段65巷16號五樓,49,2,2,2,有,237801,False,121.5243641,25.0570153
5037,111,臺北市中山區龍江路328巷41號,45,3,1,1,無,316456,False,121.53851970000001,25.0651132
5067,111,臺北市中山區林森北路481號七樓之9,19,1,1,1,有,237125,False,121.5257278,25.0611307
5109,111,臺北市中山區新生北路二段60巷2號九樓之4,41,1,0,1,有,163530,False,121.52717090000002,25.0555641
5113,111,臺北市中山區民權東路二段92巷8弄13號,53,2,1,1,無,319608,False,121.53110280000001,25.060865799999995
5117,111,臺北市中山區復興北路154號六樓,42,0,0,0,有,246871,False,121.54368699999999,25.053142999999995
5118,111,臺北市中山區長安東路二段80號八樓,41,2,1,1,有,238312,False,121.534111,25.048312
5123,111,臺北市中山區林森北路85巷86號六樓之1,51,2,0,2,有,185315,False,121.5278263,25.0490629
5127,111,臺北市中山區新生北路三段88巷9號五樓,45,5,0,5,無,191888,False,121.52718709999999,25.067987700000003
5192,111,臺北市中山區龍江路331巷19號四樓,42,3,2,2,有,231001,False,121.5419764,25.0630121
5193,111,臺北市中山區復興北路288號十一樓之3,39,1,2,1,有,274120,False,121.54385419999998,25.059083700000002
5194,111,臺北市中山區合江街105號四樓之1,10,1,1,1,有,234726,False,121.53930799999998,25.0598311
5199,111,臺北市中山區林森北路105號八樓之2,41,2,1,1,有,177661,False,121.52505379999998,25.050248699999997
5319,111,臺北市中山區松江路31號十一樓之3,32,0,1,1,有,266759,False,121.5332806,25.047446299999997
5329,111,臺北市中山區遼寧街101巷14號二樓,40,5,5,5,無,206348,False,121.54324699999998,25.050678800000004
5330,111,臺北市中山區林森北路416巷1號二樓之5,46,2,1,1,有,181132,False,121.5248924,25.059956
5418,111,臺北市中山區林森北路413號五樓之19,38,1,1,1,有,182882,False,121.525773,25.059863999999997
5419,111,臺北市中山區林森北路399巷23號六樓,38,1,1,1,有,181514,False,121.52658339999999,25.0597669
5426,111,臺北市中山區新生北路三段43號三樓之28,44,3,1,2,有,185228,False,121.5280924,25.065402799999998
5428,111,臺北市中山區中山北路一段83巷9號五樓之11,48,0,1,1,有,190282,False,121.52356,25.050319
5493,111,臺北市中山區遼寧街101巷19號四樓之1,7,1,1,1,有,277561,False,121.54272979999998,25.050580999999998
5494,111,臺北市中山區建國北路二段87號六樓,40,1,0,1,有,186694,False,121.53739809999999,25.058448300000002
5518,111,臺北市中山區龍江路311號七樓,40,2,2,1,有,243929,False,121.5409698,25.061304899999996
5519,111,臺北市中山區林森北路107巷41號三樓,33,1,1,1,有,170751,False,121.52636459999998,25.0500614
5520,111,臺北市中山區中山北路三段25號四樓之8,44,2,2,1,有,187527,False,121.5219348,25.0656218
5571,111,臺北市中山區長安東路二段230號十二樓之2,37,3,2,2,有,188663,False,121.54284789999998,25.0480798
5629,111,臺北市中山區德惠街52號八樓之14,40,1,1,1,有,211506,False,121.5271013,25.066541499999996
5638,111,臺北市中山區民生東路一段81號五樓、五樓之1,44,2,1,1,無,185395,False,121.52713969999999,25.058237399999996
5669,111,臺北市中山區吉林路411號七樓之5,26,0,0,0,有,159462,False,121.53057480000001,25.0663587
5675,111,臺北市中山區新生北路三段43號四樓之8,44,1,1,1,有,173980,False,121.5280924,25.065402799999998
5712,111,臺北市中山區林森北路655號三樓之2,18,1,0,1,有,209659,False,121.52594749999999,25.067711499999998
5773,111,臺北市中山區吉林路140號三樓,45,3,2,2,有,185295,False,121.52999989999999,25.0557978
5817,111,臺北市中山區林森北路409號七樓之2,40,3,2,1,有,125803,False,121.525764,25.0594947
5823,111,臺北市中山區新生北路三段84巷15號四樓,41,3,2,1,無,182068,False,121.5269716,25.067544299999998
5827,111,臺北市中山區新生北路三段43號八樓之5,44,1,1,1,有,189445,False,121.5280924,25.065402799999998
5828,111,臺北市中山區中山北路二段77巷29號四樓之6,45,1,1,1,有,179929,False,121.52447860000001,25.057577199999997
5832,111,臺北市中山區新生北路三段88巷40號三樓,45,3,2,2,無,189983,False,121.52636349999999,25.067837599999997
5899,111,臺北市中山區新生北路二段39號七樓之5,42,2,2,1,有,173871,False,121.52791739999999,25.0551966
5900,111,臺北市中山區長春路137巷3號四樓之3,43,4,2,2,有,198210,False,121.53164739999998,25.0554389
5902,111,臺北市中山區植福路286巷26號三十八樓,8,0,0,0,有,704831,False,121.55924390000001,25.081311200000002
5903,111,臺北市中山區植福路286巷28號三十八樓,8,0,0,0,有,704855,False,121.55983339999999,25.0815748
5942,111,臺北市中山區興安街91號十四樓之2,36,3,2,2,有,230841,False,121.54321879999998,25.056218
5943,111,臺北市中山區新生北路二段96號十一樓之22,40,1,1,1,有,188061,False,121.5272227,25.059176899999994
6000,111,臺北市中山區新生北路三段43號五樓之27,44,1,1,1,有,179793,False,121.5280924,25.065402799999998
6047,111,臺北市中山區民生東路二段83號三樓之40,42,2,1,1,有,197027,False,121.530773,25.0581662
6057,111,臺北市中山區民族東路512巷13弄11號四樓,41,3,2,2,無,186907,False,121.542644,25.0672
6059,110,臺北市中山區四平街56號四樓,13,1,1,1,有,286768,False,121.53348349999999,25.053572499999998
6119,111,臺北市中山區錦州街50號九樓之5,38,1,1,1,有,133386,False,121.52629970000001,25.060152199999997
6149,111,臺北市中山區長安東路二段193號十一樓,7,2,2,2,有,257612,False,121.5432002,25.0484364
6162,111,臺北市中山區民生東路一段54號十一樓,37,9,0,9,有,128955,False,121.52498920000001,25.057897699999995
6163,111,臺北市中山區龍江路356巷56號四樓,44,3,2,1,無,150150,False,121.53875629999999,25.0658602
6192,111,臺北市中山區農安街204巷13號六樓,36,3,2,2,有,175147,False,121.53640840000001,25.0639581
6250,111,臺北市中山區吉林路98巷19號,54,3,2,2,無,207974,False,121.52944400000001,25.052532199999998
6303,111,臺北市中山區新生北路三段1號八樓之17,41,1,1,1,有,187755,False,121.52815469999999,25.062894499999995
6306,111,臺北市中山區雙城街3巷2號十五樓之1,27,1,1,1,有,194974,False,121.5244886,25.063166099999997
6313,111,臺北市中山區中山北路二段77巷29號四樓之7,45,1,1,1,有,187784,False,121.52447860000001,25.057577199999997
6315,111,臺北市中山區新生北路一段48號六樓,34,2,1,1,有,235376,False,121.53133589999999,25.0463689
6319,111,臺北市中山區農安街123號,54,3,1,3,無,267109,False,121.52976980000001,25.064938599999998
6365,111,臺北市中山區農安街8號十三樓之9,13,1,1,1,有,234166,False,121.52343,25.064822
6442,111,臺北市中山區德惠街198巷13號三樓,51,3,2,2,無,179300,False,121.53278279999999,25.0659719
6443,111,臺北市中山區伊通街19巷21號,38,3,2,1,無,303590,False,121.53563989999999,25.0489785
6455,111,臺北市中山區吉林路254號五樓,43,4,0,4,有,187482,False,121.530033,25.059942500000002
6492,111,臺北市中山區松江路31號十一樓,32,0,1,1,有,227076,False,121.5332806,25.047446299999997
6497,111,臺北市中山區中山北路二段116巷23號三樓,45,2,2,1,無,212854,False,121.52162479999998,25.061058199999998
6499,111,臺北市中山區林森北路107巷87號三樓,41,5,0,5,無,146888,False,121.5279374,25.0497983
6509,111,臺北市中山區大直街67巷1號四樓,38,3,2,2,無,230920,False,121.5466331,25.083834399999997
6545,111,臺北市中山區林森北路409號十樓之2,40,2,2,1,有,161290,False,121.525764,25.0594947
6547,111,臺北市中山區龍江路328巷4號四樓,44,3,2,2,無,171126,False,121.54059970000002,25.065050199999998
6549,111,臺北市中山區林森北路119巷85號五樓,38,4,1,1,有,151181,False,121.52784810000001,25.0503453
6550,111,臺北市中山區民生東路三段73巷2弄1號三樓,46,3,2,2,無,196098,False,121.5433923,25.058494800000002
6572,111,臺北市中山區建國北路三段81巷15號,39,0,0,0,有,186565,False,121.5379531,25.0657319
6584,111,臺北市中山區南京東路三段118號八樓之2,42,0,0,0,有,227618,False,121.54035580000001,25.051717300000004
6585,111,臺北市中山區南京東路三段118號八樓之3,42,0,0,0,有,229834,False,121.54035580000001,25.051717300000004
6629,111,臺北市中山區德惠街52號八樓之10,40,1,1,1,有,175498,False,121.5271013,25.066541499999996
6632,111,臺北市中山區中山北路二段128巷9號三樓之1,11,1,1,1,有,260518,False,121.52151149999999,25.061876200000004
6675,111,臺北市中山區中山北路一段83巷9號五樓之9,48,0,1,1,有,187391,False,121.52356,25.050319
6676,111,臺北市中山區長安東路二段178號九樓之8,34,2,2,1,有,231961,False,121.5406285,25.0482057
6678,111,臺北市中山區長安東路二段189號十一樓之8,39,1,1,1,有,263857,False,121.5429385,25.048407599999997
6680,111,臺北市中山區北安路669號二樓,5,0,0,0,有,217178,False,121.5493238,25.0850704
6682,111,臺北市中山區復興北路232號五樓之2,36,2,2,2,有,253010,False,121.54381,25.057112900000003
6683,111,臺北市中山區北安路652號四樓,46,4,2,1,無,207275,False,121.549352,25.0834679
6781,111,臺北市中山區民權東路一段38巷18弄1號四樓之5,49,3,2,2,有,148350,False,121.5237956,25.06197969999999
6806,111,臺北市中山區長安東路二段178號九樓之7,34,3,2,2,有,222471,False,121.5406285,25.0482057
6853,111,臺北市中山區新生北路二段40號十六樓之7,26,2,1,1,有,265157,False,121.52721799999999,25.054613600000003
6905,111,臺北市中山區新生北路二段76號八樓之8,14,1,1,1,有,232489,False,121.527187,25.05737059999999
6967,111,臺北市中山區復興北路430巷10號,44,0,2,2,無,322992,False,121.5434334,25.063249599999995
24,110,臺北市中山區民權西路63號十樓,4,0,0,0,有,347164,False,121.52014860000001,25.0630736
36,110,臺北市中山區雙城街37巷3號六樓,31,3,2,2,有,189304,False,121.52494089999999,25.0671867
37,110,臺北市中山區復興北路448號十一樓,13,1,1,1,有,259330,False,121.54399439999997,25.0641073
40,110,臺北市中山區合江街144巷16號四樓,51,3,2,2,無,154143,False,121.5383933,25.0598261
92,110,臺北市中山區南京東路一段132巷31號六樓之1,36,1,0,1,有,171664,False,121.5270535,25.050522700000002
95,110,臺北市中山區中山北路二段65巷16號二樓之1,48,1,1,1,無,185435,False,121.5243641,25.0570153
99,110,臺北市中山區合江街83巷22號七樓,39,5,3,3,有,232576,False,121.54046600000001,25.059032
138,110,臺北市中山區復興北路190巷13號十五樓,35,2,2,1,有,229639,False,121.54312030000001,25.0555918
140,110,臺北市中山區農安街26之2號十二樓之2、十二樓之3,37,7,2,3,有,196858,False,121.52621450000001,25.0647259
203,110,臺北市中山區民權西路65號十樓,4,0,0,0,有,347914,False,121.5200962,25.063074899999997
250,110,臺北市中山區林森北路107巷43號三樓之3,29,1,1,1,有,171801,False,121.52643680000001,25.0501456
257,110,臺北市中山區中山北路二段62巷35號五樓,3,1,1,1,有,281259,False,121.520934,25.056755
312,110,臺北市中山區林森北路483號七樓之4,18,1,1,1,有,201759,False,121.5260656,25.061126599999998
314,110,臺北市中山區民生東路一段25號九樓之2,41,1,1,1,有,135002,False,121.52469009999999,25.0582852
355,110,臺北市中山區中山北路二段168之5號三樓之3,15,2,1,1,有,276572,False,121.5222592,25.063379299999998
391,110,臺北市中山區林森北路413號十樓之6,37,2,2,1,有,130244,False,121.525773,25.059863999999997
436,110,臺北市中山區敬業三路162巷22號五樓,21,2,2,1,有,210025,False,121.5578228,25.078050800000003
438,110,臺北市中山區林森北路85巷36號五樓之7,40,1,1,1,有,179641,False,121.5260196,25.049464699999998
440,110,臺北市中山區松江路289之304號,51,4,1,2,有,204007,False,121.53338199999999,25.060486899999997
444,110,臺北市中山區林森北路107巷43號五樓之1,29,1,0,1,有,156486,False,121.52643680000001,25.0501456
507,110,臺北市中山區合江街31巷14號三樓,46,4,2,2,無,174128,False,121.54017689999999,25.0552901
570,110,臺北市中山區南京東路二段196號四樓,11,3,2,2,有,298474,False,121.53535079999999,25.051724
641,110,臺北市中山區林森北路107巷90號五樓之1、五樓之2,45,2,4,2,有,161121,False,121.528013,25.049549799999998
653,110,臺北市中山區建國北路三段113巷5號二樓,41,3,2,2,無,183080,False,121.53608759999999,25.066708700000003
655,110,臺北市中山區民族東路196號三樓,49,2,2,1,無,166199,False,121.5308797,25.068177499999997
699,110,臺北市中山區龍江路295巷9之1號,51,4,2,2,無,257913,False,121.5415451,25.0607698
709,110,臺北市中山區建國北路三段175號三樓,36,3,2,2,無,175365,False,121.53401199999999,25.0679634
716,110,臺北市中山區中山北路二段62巷35號四樓,3,1,1,1,有,290877,False,121.520934,25.056755
804,110,臺北市中山區合江街39號十一樓,3,0,0,0,有,299470,False,121.53921700000001,25.0557054
842,110,臺北市中山區合江街69之1號四樓,36,3,2,2,有,225161,False,121.5393367,25.0585934
843,110,臺北市中山區新生北路三段58號七樓之11,39,1,1,1,有,172456,False,121.5273562,25.065647600000002
846,110,臺北市中山區新生北路二段60巷2號九樓之2,40,2,1,1,有,188735,False,121.52717090000002,25.0555641
864,110,臺北市中山區北安路621巷41號二樓,41,4,2,2,無,206815,False,121.54699549999998,25.083070900000003
910,110,臺北市中山區德惠街18號六樓之3,6,1,1,1,有,272076,False,121.5251577,25.0665728
911,110,臺北市中山區民權東路一段55號十一樓,37,1,1,1,有,213873,False,121.5248663,25.062943699999998
921,110,臺北市中山區中原街22號六樓之13,44,1,1,1,有,157034,False,121.5287831,25.056780699999997
924,110,臺北市中山區中山北路二段77巷16號六樓,39,1,1,1,有,155968,False,121.52443459999999,25.057385
973,110,臺北市中山區新生北路三段87巷47號,49,3,2,1,無,268962,False,121.52960709999999,25.067443899999997
1015,110,臺北市中山區復興北路288號十二樓之1,38,3,2,1,有,242073,False,121.54385419999998,25.059083700000002
1017,110,臺北市中山區合江街144巷28號四樓,51,2,1,1,無,228898,False,121.5379113,25.059819599999997
1019,110,臺北市中山區林森北路259巷9號七樓之20,37,0,1,1,有,172623,False,121.52637509999998,25.0544021
1021,110,臺北市中山區長安東路一段56巷7弄10號四樓,53,4,2,3,無,210852,False,121.52897499999999,25.0475131
1022,110,臺北市中山區天津街37號七樓之1,34,2,1,2,有,198585,False,121.5230089,25.049773299999995
1027,110,臺北市中山區民權東路二段92巷7弄17號三樓,51,7,3,3,無,259516,False,121.532382,25.0608165
1146,110,臺北市中山區林森北路67巷24弄2號五樓,34,3,2,2,無,182510,False,121.52535639999999,25.0482147
1148,110,臺北市中山區北安路829號二樓,11,1,1,1,有,279392,False,121.5568223,25.0847588
1151,110,臺北市中山區民權東路二段26號四樓之4,37,3,2,1,有,180617,False,121.5288719,25.0623407
1156,110,臺北市中山區建國北路三段113巷31弄16號三樓,34,3,2,1,無,164112,False,121.53544099999999,25.067574000000004
1188,110,臺北市中山區新生北路一段65之2號,52,2,2,1,無,170994,False,121.5291686,25.049328499999998
1192,110,臺北市中山區松江路330巷41號二樓,51,2,2,1,無,192562,False,121.53148309999999,25.061265399999996
1230,110,臺北市中山區長春路219號十一樓之3,40,0,0,0,有,172370,False,121.53858799999999,25.054926
1286,110,臺北市中山區興安街77號四樓之3,35,3,2,2,有,246132,False,121.5432131,25.056408400000002
1332,110,臺北市中山區中原街84號,55,2,1,1,無,286187,False,121.52886070000001,25.0593248
1337,110,臺北市中山區松江路51號十一樓,32,0,0,0,有,217253,False,121.5331978,25.048130699999998
1386,110,臺北市中山區錦州街30巷11號九樓之8,42,1,1,1,有,180755,False,121.52486169999999,25.0594888
1460,110,臺北市中山區新生北路一段78號十一樓之3,33,2,1,1,有,220548,False,121.53004199999998,25.0473897
1461,110,臺北市中山區中山北路二段168之5號七樓之3,15,2,2,1,有,297475,False,121.5222592,25.063379299999998
1463,110,臺北市中山區新生北路三段93巷53號二樓,48,3,2,2,無,171607,False,121.52965809999999,25.067866899999995
1468,110,臺北市中山區林森北路259巷9號五樓之28,37,1,0,1,有,167364,False,121.52637509999998,25.0544021
1507,110,臺北市中山區民權西路69號六樓,4,0,0,0,有,344634,False,121.5199937,25.063077300000003
1511,110,臺北市中山區民生東路一段70巷6號二樓之1,14,3,1,2,有,210660,False,121.52636840000001,25.0575427
1529,110,臺北市中山區北安路805巷2之5號,43,5,1,5,有,194985,False,121.55630479999999,25.0869665
1570,110,臺北市中山區基湖路151巷21號四樓之5,17,1,1,1,無,244450,False,121.5641767,25.077642100000002
1571,110,臺北市中山區復興南路一段42號八樓,40,1,1,1,有,236183,False,121.54363790000001,25.0453067
1572,110,臺北市中山區南京東路二段108號十樓之20,11,1,1,1,有,299824,False,121.53209,25.0517765
1573,110,臺北市中山區吉林路26巷20號三樓之2,31,0,0,0,有,171587,False,121.52923679999999,25.0514276
1574,110,臺北市中山區松江路562號二樓之14,25,1,1,1,有,200052,False,121.53276299999997,25.0679111
1576,110,臺北市中山區林森北路479號二樓之1,18,2,1,1,有,200747,False,121.5257577,25.061188400000002
1606,110,臺北市中山區松江路64巷7號四樓,38,1,1,1,無,202368,False,121.5322091,25.049067599999997
1609,110,臺北市中山區林森北路536號十二樓之7,16,2,1,1,有,291046,False,121.52545359999999,25.063761600000003
1612,110,臺北市中山區民權東路三段39巷2號七樓,34,3,2,3,有,250751,False,121.5424031,25.063045499999998
1660,110,臺北市中山區南京東路二段21巷8號五樓之1,44,4,2,2,有,198854,False,121.528572,25.052562999999996
1668,110,臺北市中山區錦州街30巷11號七樓之7,42,1,1,1,有,209829,False,121.52486169999999,25.0594888
1674,110,臺北市中山區龍江路331巷23號二樓,34,3,2,2,有,232753,False,121.5421604,25.063050000000004
1683,110,臺北市中山區新生北路二段60巷2號十一樓之1,40,1,1,1,有,183064,False,121.52717090000002,25.0555641
1740,110,臺北市中山區德惠街34號七樓之18,42,1,1,1,有,204082,False,121.526429,25.066584399999996
1741,110,臺北市中山區新生北路二段60巷16號三樓之1,25,2,1,1,有,200617,False,121.52689149999998,25.0556578
1743,110,臺北市中山區新生北路二段74號六樓之8,49,1,1,1,有,133301,False,121.52789209999997,25.0586572
1794,110,臺北市中山區民生東路一段25號十二樓之20,41,0,0,0,有,159500,False,121.52469009999999,25.0582852
1797,110,臺北市中山區民權東路二段9號五樓之4,42,2,2,1,有,178539,False,121.5285046,25.0629159
1800,110,臺北市中山區民權東路二段9號五樓之6,42,2,2,1,有,178606,False,121.5285046,25.0629159
1836,110,臺北市中山區民生東路一段25號十一樓之17,41,1,1,1,有,146986,False,121.52469009999999,25.0582852
1837,110,臺北市中山區民生東路一段25號十一樓之16,41,1,1,1,有,146986,False,121.52469009999999,25.0582852
1893,110,臺北市中山區撫順街26號六樓之4,45,2,2,1,有,186400,False,121.51970689999999,25.063360199999998
1897,110,臺北市中山區林森北路557巷3號八樓之6,11,2,1,1,有,219382,False,121.52621300000001,25.064461299999998
1901,110,臺北市中山區錦州街50號五樓之23,37,1,0,1,有,161238,False,121.52629970000001,25.060152199999997
1902,110,臺北市中山區新生北路三段82巷18號四樓之2,29,1,1,1,有,190524,False,121.52690779999999,25.0669553
1903,110,臺北市中山區樂群二路86號五樓,4,0,0,0,有,458895,False,121.55460550000001,25.0796607
1905,110,臺北市中山區中山北路二段36巷24號四樓,38,3,2,2,無,220872,False,121.5211769,25.054192799999996
1907,110,臺北市中山區民權東路一段36號三樓,14,1,1,1,有,246202,False,121.52393010000002,25.062538
1909,110,臺北市中山區長春路28號七樓之1,11,1,1,1,有,260035,False,121.5248009,25.0547621
1911,110,臺北市中山區崇實路63巷1號,24,1,1,1,有,320180,False,121.5447784,25.0810214
1912,110,臺北市中山區建國北路二段35號二樓之2,33,1,1,1,有,251796,False,121.5373251,25.0552747
1953,110,臺北市中山區中原街22號七樓之20,44,1,0,1,有,168350,False,121.5287831,25.056780699999997
1958,110,臺北市中山區建國北路二段35號六樓之3,33,1,1,1,有,248873,False,121.5373251,25.0552747
1964,110,臺北市中山區新生北路三段26號十二樓之11,40,1,1,1,有,195950,False,121.5273713,25.063684499999997
2022,110,臺北市中山區中山北路二段65巷10號九樓之1,1,2,1,1,有,279883,False,121.52401470000001,25.0569626
2070,110,臺北市中山區農安街271巷2之1號五樓,36,3,2,3,無,175753,False,121.535722,25.0649908
2118,110,臺北市中山區松江路3號八樓之6,25,2,2,2,有,203381,False,121.53320899999999,25.0462559
2122,110,臺北市中山區南京東路三段106號十三樓,1,0,0,0,有,415524,False,121.5400034,25.051731499999995
2124,110,臺北市中山區伊通街129號六樓之5,19,1,1,1,有,260562,False,121.5350003,25.054460199999998
2125,110,臺北市中山區撫順街6之1號八樓之2,39,1,1,1,有,250172,False,121.52154429999999,25.0636283
2132,110,臺北市中山區撫順街41巷1之10號四樓,52,2,1,1,無,148633,False,121.5193807,25.063984799999997
2135,110,臺北市中山區新生北路二段39號七樓之5,41,2,1,1,有,169041,False,121.52791739999999,25.0551966
2201,110,臺北市中山區吉林路369號四樓,42,1,1,1,有,185833,False,121.53049209999998,25.0649891
2204,110,臺北市中山區長春路28號九樓之3,11,1,1,1,有,248166,False,121.5248009,25.0547621
2261,110,臺北市中山區長春路410號十一樓之2,32,1,1,1,有,244645,False,121.5437483,25.054406999999998
2264,110,臺北市中山區中原街22號七樓之19,44,1,1,1,有,194368,False,121.5287831,25.056780699999997
2305,110,臺北市中山區林森北路409號八樓之26,39,0,1,1,有,157017,False,121.525764,25.0594947
2368,110,臺北市中山區遼寧街101巷2弄20號二樓,49,3,2,2,無,200748,False,121.543269,25.050321999999998
2383,110,臺北市中山區德惠街45號六樓之5,42,1,1,1,有,185996,False,121.52699659999999,25.066763599999994
2389,110,臺北市中山區龍江路455號二樓,45,3,2,2,無,188835,False,121.541109,25.067520999999996
2439,110,臺北市中山區錦州街50號六樓之20,37,1,0,1,有,139519,False,121.52629970000001,25.060152199999997
2440,110,臺北市中山區林森北路119巷88號三樓之1,33,1,1,1,有,195546,False,121.52789430000001,25.0502117
2442,110,臺北市中山區新生北路一段25之2號五樓,48,6,0,3,無,231530,False,121.5315571,25.0469763
2443,110,臺北市中山區新生北路一段25之2號二樓,48,4,0,4,無,231530,False,121.5315571,25.0469763
2444,110,臺北市中山區新生北路一段25之2號四樓,48,4,0,1,無,231530,False,121.5315571,25.0469763
2450,110,臺北市中山區松江路46巷12號,51,2,1,1,無,299749,False,121.5323019,25.0478593
2451,110,臺北市中山區敬業三路162巷76號十樓,21,3,2,2,有,189759,False,121.5586454,25.0780346
2453,110,臺北市中山區中山北路二段62巷35號六樓之1,3,1,1,1,有,281214,False,121.520934,25.056755
2458,110,臺北市中山區新生北路三段61號四樓之29,45,1,1,1,有,182942,False,121.52809810000001,25.0659966
2511,110,臺北市中山區松江路133巷50號四樓之3,17,1,1,1,有,291717,False,121.5346448,25.0542673
2515,110,臺北市中山區龍江路328巷4號四樓,43,3,2,2,無,141817,False,121.54059970000002,25.065050199999998
2586,110,臺北市中山區民權西路20號三樓之9,44,1,2,1,有,193689,False,121.52169860000001,25.0625325
2653,110,臺北市中山區民權東路三段56號十四樓之1,37,0,1,0,有,241980,False,121.54202599999999,25.061977
2657,110,臺北市中山區民生東路一段29號七樓之3,38,3,1,1,有,172973,False,121.5251264,25.0581828
2659,110,臺北市中山區龍江路384巷6號三樓,42,3,2,2,無,196739,False,121.5405137,25.066696000000004
2662,110,臺北市中山區龍江路305巷8號四樓,39,3,2,2,無,185562,False,121.54134899999998,25.0609336
2664,110,臺北市中山區天祥路16號五樓之1,5,1,1,1,有,273342,False,121.52092839999999,25.061056900000004
2724,110,臺北市中山區興安街91號十樓之3,35,4,2,2,有,232114,False,121.54321879999998,25.056218
2725,110,臺北市中山區新生北路二段29號十樓,37,4,2,2,有,212552,False,121.5278252,25.053854299999994
2727,110,臺北市中山區新生北路三段70號七樓之5,41,1,0,1,有,163877,False,121.5273419,25.0663122
2773,111,臺北市中山區雙城街43巷7號六樓之7,43,0,0,0,有,177150,False,121.52492359999998,25.067561099999995
2826,110,臺北市中山區遼寧街76巷11號,14,1,1,1,無,325105,False,121.5413227,25.0511208
2830,110,臺北市中山區樂群二路200號二樓,21,3,2,2,有,187174,False,121.55883999999999,25.079589999999996
2834,110,臺北市中山區錦州街50號十二樓之27,37,0,0,0,有,127378,False,121.52629970000001,25.060152199999997
2835,110,臺北市中山區新生北路二段119巷5號三樓,48,5,1,2,無,176648,False,121.528251,25.059072500000003
2839,110,臺北市中山區新生北路二段60巷2號十樓之10,40,1,1,1,有,184251,False,121.52717090000002,25.0555641
2889,110,臺北市中山區中山北路一段121巷25號三樓,50,3,3,3,無,183252,False,121.5241975,25.051023200000003
2893,111,臺北市中山區新生北路二段74號十一樓之10,50,1,1,1,有,163089,False,121.52789209999997,25.0586572
2895,111,臺北市中山區新生北路三段16號六樓,10,1,1,1,有,226522,False,121.5273983,25.0634069
2947,110,臺北市中山區新生北路一段23號三樓之1,41,2,2,1,有,223486,False,121.5316045,25.046794600000002
2979,110,臺北市中山區錦州街159號十樓,41,2,2,1,有,182478,False,121.5298886,25.0604636
2980,110,臺北市中山區合江街39號七樓,3,2,2,1,有,287219,False,121.53921700000001,25.0557054
3022,110,臺北市中山區新生北路二段43號七樓之2,45,1,0,1,有,166412,False,121.52794499999999,25.055468899999997
3023,110,臺北市中山區新生北路二段43號七樓之3,45,1,0,1,有,169047,False,121.52794499999999,25.055468899999997
3037,110,臺北市中山區興安街77號五樓之1,35,3,2,2,有,240621,False,121.5432131,25.056408400000002
3039,110,臺北市中山區合江街188巷5號六樓,43,4,2,2,有,195482,False,121.53888729999998,25.061503599999998
3045,110,臺北市中山區民生東路二段83號六樓之27,41,1,1,1,有,163592,False,121.530773,25.0581662
3046,110,臺北市中山區民生東路一段77號十樓之1,29,1,1,1,有,168720,False,121.5269643,25.0583353
3047,110,臺北市中山區錦州街50號六樓之11,37,0,0,0,有,134707,False,121.52629970000001,25.060152199999997
3048,110,臺北市中山區大直街84巷3號,37,3,2,2,無,356211,False,121.5470969,25.0844894
3049,110,臺北市中山區大直街84巷5號,37,3,2,2,無,356211,False,121.5471587,25.084528099999996
3051,110,臺北市中山區合江街58巷19號五樓,35,7,2,5,無,189298,False,121.53795899999999,25.055898900000003
3053,110,臺北市中山區龍江路336號六樓,34,3,2,1,有,235771,False,121.5408355,25.0654598
3090,110,臺北市中山區民生東路一段87號三樓之1,25,1,0,1,有,178301,False,121.5272542,25.0582878
3095,110,臺北市中山區興安街100號九樓之4,35,2,1,1,有,246163,False,121.54292170000001,25.0558259
3131,111,臺北市中山區建國北路二段109號十一樓,37,3,2,2,有,220831,False,121.53739220000001,25.059357599999995
3133,111,臺北市中山區吉林路447巷12號四樓,38,3,2,2,無,161518,False,121.5310312,25.0672757
3174,110,臺北市中山區南京東路二段108號八樓,11,1,1,1,有,297478,False,121.53209,25.0517765
3218,110,臺北市中山區民權東路二段146號九樓之2,39,2,1,1,有,241397,False,121.53435139999999,25.062164
3230,110,臺北市中山區龍江路295巷5號四樓之1,51,3,2,1,無,152168,False,121.54125690000001,25.0608384
3240,110,臺北市中山區民權東路二段92巷7弄26號,53,3,2,2,無,327301,False,121.53240249999999,25.060711599999998
3242,110,臺北市中山區林森北路85巷86號二樓之1,50,2,2,2,有,179130,False,121.5278263,25.0490629
3280,110,臺北市中山區合江街93巷10之1號,53,4,1,2,無,550796,False,121.53980269999998,25.059394299999997
3293,110,臺北市中山區新生北路一段41號八樓,37,3,2,2,有,215332,False,121.53052160000001,25.0477058
3294,110,臺北市中山區德惠街52號八樓之2,39,1,1,1,有,197273,False,121.5271013,25.066541499999996
3300,110,臺北市中山區民生東路一段25號九樓之1,41,2,1,1,有,135999,False,121.52469009999999,25.0582852
3304,110,臺北市中山區林森北路409號十樓之2,39,2,1,1,有,163619,False,121.525764,25.0594947
3377,110,臺北市中山區錦州街298號四樓,42,3,2,2,有,201495,False,121.5359481,25.0602273
3378,110,臺北市中山區新生北路三段12號四樓之1,9,0,0,0,有,198372,False,121.5273916,25.0633339
3379,110,臺北市中山區林森北路289號七樓之1,44,3,2,1,有,158587,False,121.5256821,25.0556128
3423,110,臺北市中山區建國北路三段75巷5號六樓,38,3,2,2,有,191877,False,121.53766999999999,25.0652926
3439,110,臺北市中山區龍江路384巷6號一樓,42,3,2,2,無,231458,False,121.5405137,25.066696000000004
3440,110,臺北市中山區建國北路一段41號六樓,14,1,2,1,有,246473,False,121.5372117,25.0482065
3443,110,臺北市中山區松江路46巷12號二樓,51,2,1,1,無,220956,False,121.5323019,25.0478593
3485,110,臺北市中山區長安東路二段49號七樓,37,3,1,1,有,241331,False,121.53228589999998,25.048605000000002
3571,110,臺北市中山區農安街227巷9弄4號五樓,44,3,2,1,無,164041,False,121.53410199999999,25.06591
3612,109,臺北市中山區撫順街26號七樓之1,44,2,1,1,有,163210,False,121.51970689999999,25.063360199999998
3647,111,臺北市中山區雙城街19巷8號三樓之15,14,1,1,1,有,234899,False,121.52491599999999,25.0652457
3653,110,臺北市中山區中山北路二段137巷8號四樓,43,2,2,1,無,171556,False,121.52425219999999,25.0615989
3728,110,臺北市中山區中山北路一段121巷33號九樓之1,10,1,1,1,有,245878,False,121.52475779999999,25.0509256
3773,110,臺北市中山區中山北路二段77巷17號八樓之5,12,0,0,0,有,253931,False,121.5238553,25.0575863
3785,110,臺北市中山區濱江街172號二樓,54,0,0,1,無,136081,False,121.53779379999997,25.072448899999994
3799,110,臺北市中山區松江路118號十四樓之7,0,1,1,1,有,482090,False,121.53277130000001,25.051497899999994
3831,110,臺北市中山區民生東路二段83號三樓之40,41,1,1,1,有,147548,False,121.530773,25.0581662
3859,110,臺北市中山區新生北路三段7號十樓之3,39,2,2,2,有,198795,False,121.52807560000001,25.063364399999998
3880,110,臺北市中山區松江路38巷2號十一樓,36,3,2,2,有,240639,False,121.53260549999999,25.047464899999998
3884,110,臺北市中山區林森北路107巷30號六樓之9,39,0,0,0,有,155945,False,121.5259639,25.0499792
3922,110,臺北市中山區樂群二路192號二樓,21,3,2,2,有,154440,False,121.55863300000001,25.079551999999996
3924,110,臺北市中山區合江街73巷14號四樓,39,3,2,2,有,234892,False,121.5402807,25.0586627
3932,110,臺北市中山區大直街62巷5弄8號三樓,43,3,2,2,無,189039,False,121.544899,25.083653999999996
3935,110,臺北市中山區中山北路一段105巷21號六樓之1,26,1,1,1,有,199282,False,121.52418099999998,25.050633799999996
3971,110,臺北市中山區林森北路416巷1號二樓之4,45,4,4,2,有,165667,False,121.5248924,25.059956
3976,110,臺北市中山區松江路428號二樓之1,15,1,1,1,有,317765,False,121.5330248,25.065066599999994
3994,110,臺北市中山區民生東路一段54號十樓之3,36,1,1,1,有,203268,False,121.52498920000001,25.057897699999995
3997,110,臺北市中山區新生北路三段56巷1號九樓之12,40,1,1,1,有,175492,False,121.52734950000001,25.065452
4042,110,臺北市中山區龍江路342巷38號四樓,43,3,2,2,無,178517,False,121.538918,25.065488
4089,110,臺北市中山區新生北路三段43號十樓之16,43,1,1,1,有,154649,False,121.5280924,25.065402799999998
4092,110,臺北市中山區德惠街45號九樓之5,42,1,1,1,有,221675,False,121.52699659999999,25.066763599999994
4160,111,臺北市中山區南京東路一段132巷30號四樓之1,20,0,0,1,有,181231,False,121.52661909999999,25.0500406
4161,111,臺北市中山區錦州街159號六樓之4,42,1,1,1,有,194074,False,121.5298886,25.0604636
4163,110,臺北市中山區錦州街159號七樓之1,41,2,1,1,有,199503,False,121.5298886,25.0604636
4215,110,臺北市中山區吉林路476號四樓,48,4,2,4,無,195214,False,121.5303172,25.067676999999996
4218,110,臺北市中山區龍江路292巷3號六樓,25,3,2,2,有,252717,False,121.54045300000001,25.061576
4237,110,臺北市中山區中山北路三段29號三樓,44,4,2,2,有,200018,False,121.5227302,25.0650811
4238,110,臺北市中山區合江街19號三樓,50,2,2,3,無,190718,False,121.5391887,25.0551966
4242,110,臺北市中山區龍江路244之1號三樓,35,3,2,2,有,216408,False,121.54051550000001,25.0589714
4244,110,臺北市中山區建國北路三段113巷1號四樓,41,3,2,2,無,166342,False,121.53597939999999,25.0666837
4341,110,臺北市中山區林森北路536號二樓之6,16,2,1,1,有,233281,False,121.52545359999999,25.063761600000003
4342,110,臺北市中山區林森北路306號十樓之1,18,1,0,1,有,217214,False,121.52535100000001,25.0560304
4346,111,臺北市中山區德惠街34號十一樓之2,43,1,0,1,有,157826,False,121.526429,25.066584399999996
4407,110,臺北市中山區林森北路399巷21號六樓之1,37,5,1,4,有,150491,False,121.5263856,25.0596288
4410,111,臺北市中山區農安街45號八樓之3,46,1,1,1,有,196489,False,121.5265509,25.0649835
4415,111,臺北市中山區新生北路三段82巷18號二樓之6,30,2,1,1,有,200701,False,121.52690779999999,25.0669553
4434,110,臺北市中山區錦州街21號十樓之7,39,2,1,1,有,228595,False,121.52508919999998,25.060448100000002
4437,110,臺北市中山區樂群二路186號六樓,21,3,2,2,有,187645,False,121.55846839999998,25.0795347
4466,110,臺北市中山區林森北路145巷36號五樓,37,3,2,1,無,183400,False,121.52636709999999,25.05114
4467,110,臺北市中山區北安路627號二樓,35,4,0,4,無,202745,False,121.548919,25.083404
4483,110,臺北市中山區林森北路481號七樓之9,18,1,2,1,有,210575,False,121.5257278,25.0611307
4491,110,臺北市中山區復興南路一段44號九樓之1,40,1,0,1,有,250382,False,121.5436362,25.0452637
4493,111,臺北市中山區新生北路三段1號七樓之15,41,1,1,1,有,204025,False,121.52815469999999,25.062894499999995
4539,110,臺北市中山區龍江路271巷5號七樓,38,4,2,2,有,243777,False,121.5411934,25.059551199999998
4540,110,臺北市中山區遼寧街223號三樓,35,3,2,1,有,177587,False,121.5422563,25.055383799999994
4541,110,臺北市中山區林森北路416巷1號四樓之5,45,1,1,1,有,145912,False,121.5248924,25.059956
4542,110,臺北市中山區新生北路三段82巷17號五樓,39,3,2,2,無,194946,False,121.526943,25.067136899999998
4543,110,臺北市中山區新生北路二段39號七樓之1,41,2,2,2,有,162665,False,121.52791739999999,25.0551966
4545,110,臺北市中山區中山北路二段77巷37號十二樓,42,1,1,1,有,154416,False,121.52488559999999,25.057774199999997
4547,111,臺北市中山區民生東路一段72號十樓之1,41,0,0,0,有,147798,False,121.52655740000002,25.057924699999997
4586,110,臺北市中山區建國北路二段35號八樓之2,33,1,1,1,有,232251,False,121.5373251,25.0552747
4589,111,臺北市中山區四平街107號六樓之1,21,0,0,0,有,249293,False,121.5358244,25.053760999999998
4591,110,臺北市中山區安東街19號二樓之9、二樓之10,40,2,2,1,有,224996,False,121.54237289999999,25.045183299999998
4648,110,臺北市中山區新生北路二段127巷24號,55,2,2,1,無,177329,False,121.52927960000001,25.0597315
4650,110,臺北市中山區新生北路二段127巷24號,55,2,2,1,無,286455,False,121.52927960000001,25.0597315
4667,110,臺北市中山區興安街63號六樓之2,35,3,2,2,有,236126,False,121.54251639999998,25.0562124
4687,110,臺北市中山區五常街53巷1號四樓,44,3,2,1,無,159585,False,121.53971759999999,25.0645415
4688,111,臺北市中山區復興北路402巷12號四樓,38,3,2,2,有,266188,False,121.54318099999998,25.061672599999998
4699,111,臺北市中山區林森北路413號八樓之5,38,2,1,1,有,144631,False,121.525773,25.059863999999997
4703,111,臺北市中山區林森北路306號十四樓之7,19,1,1,1,有,202461,False,121.52535100000001,25.0560304
4704,111,臺北市中山區錦西街31號六樓之2,45,1,1,1,有,202713,False,121.5207306,25.060451900000004
4715,110,臺北市中山區林森北路413號十一樓之11,37,2,1,1,有,170629,False,121.525773,25.059863999999997
4756,111,臺北市中山區伊通街129號八樓之5,20,1,1,1,有,243557,False,121.5350003,25.054460199999998
4824,110,臺北市中山區中原街22號四樓之25,44,1,1,1,有,196296,False,121.5287831,25.056780699999997
4829,111,臺北市中山區林森北路107巷81號六樓,36,1,1,1,有,164490,False,121.5277702,25.049815
4874,111,臺北市中山區民生東路二段147巷12弄26號二樓,56,3,2,1,無,182322,False,121.53406770000001,25.060005299999997
4889,110,臺北市中山區敬業三路162巷60號五樓,21,3,2,2,有,230179,False,121.5585884,25.0780561
4893,111,臺北市中山區林森北路483號二樓之2,19,1,1,1,有,194929,False,121.5260656,25.061126599999998
4895,110,臺北市中山區雙城街49巷18號,7,2,1,1,有,278025,False,121.52542539999999,25.067877499999994
4898,110,臺北市中山區錦州街50號八樓之6,37,2,1,1,有,179609,False,121.52629970000001,25.060152199999997
4906,111,臺北市中山區樂群二路180號七樓,22,3,2,2,有,198713,False,121.55816290000001,25.079455
4945,111,臺北市中山區民權東路二段26號十一樓,38,2,2,1,有,198638,False,121.5288719,25.0623407
4948,111,臺北市中山區復興北路66號十一樓,43,2,2,1,有,257043,False,121.5437841,25.0506693
4990,111,臺北市中山區中山北路二段26巷24號三樓,11,2,2,2,有,232385,False,121.521153,25.053892299999998
5026,110,臺北市中山區農安街77巷9弄18號,53,3,1,2,無,258464,False,121.5289818,25.0661605
5033,111,臺北市中山區林森北路409號十樓,40,2,2,1,有,141406,False,121.525764,25.0594947
5036,110,臺北市中山區林森北路85巷88號三樓之2,50,2,0,2,有,158960,False,121.52785759999999,25.0490669
5076,110,臺北市中山區中山北路三段51之5號,0,2,2,1,有,313690,False,121.52286840000001,25.0675563
5077,110,臺北市中山區建國北路一段33巷41號二樓,40,3,2,2,有,192830,False,121.53973309999998,25.047821100000004
5078,111,臺北市中山區新生北路一段47巷8號,53,0,0,0,無,243526,False,121.530522,25.0479156
5082,110,臺北市中山區南京東路二段108號十三樓,11,1,1,1,有,307567,False,121.53209,25.0517765
5086,111,臺北市中山區錦州街50號六樓之25,38,1,1,1,有,142535,False,121.52629970000001,25.060152199999997
5088,111,臺北市中山區雙城街43巷21號五樓之4,28,1,0,1,有,195227,False,121.5251277,25.0675857
5099,111,臺北市中山區吉林路456巷37號三樓,54,3,2,2,無,178218,False,121.52863069999998,25.0670958
5174,111,臺北市中山區撫順街23號五樓之3,18,2,1,2,有,182281,False,121.52045299999999,25.063649800000004
5176,111,臺北市中山區龍江路318巷25號五樓,45,3,2,1,無,155966,False,121.539059,25.064878999999998
5209,110,臺北市中山區錦州街164號三樓,52,2,2,1,無,191433,False,121.5296258,25.0602141
5212,111,臺北市中山區林森北路409號八樓之24,40,0,1,1,有,90931,False,121.525764,25.0594947
5219,110,臺北市中山區農安街237號五樓,39,4,2,3,無,184839,False,121.5343926,25.064799800000003
5229,110,臺北市中山區北安路662號五樓,27,3,2,2,有,216042,False,121.54939999999999,25.083693
5269,111,臺北市中山區林森北路308號五樓,12,1,1,1,有,216049,False,121.525367,25.056147
5270,111,臺北市中山區民生東路二段83號六樓之35,42,1,1,1,有,205579,False,121.530773,25.0581662
5271,111,臺北市中山區錦州街30巷11號十樓之15,43,1,1,1,有,152569,False,121.52486169999999,25.0594888
5331,111,臺北市中山區南京東路二段108號十一樓之3,12,1,1,1,有,299341,False,121.53209,25.0517765
5333,111,臺北市中山區林森北路481號九樓之6,19,1,1,1,有,219653,False,121.5257278,25.0611307
5386,111,臺北市中山區合江街93巷23號四樓,40,3,1,1,無,190754,False,121.54025239999999,25.059565499999994
5391,110,臺北市中山區農安街34號四樓之1,42,1,1,1,有,183290,False,121.52686329999997,25.064770099999997
5489,111,臺北市中山區新生北路三段56巷1號八樓之14,41,0,0,0,有,177350,False,121.52734950000001,25.065452
5490,110,臺北市中山區松江路2號九樓之6,40,1,1,1,有,226079,False,121.53276640000001,25.0545673
5528,110,臺北市中山區錦州街50號九樓之9,37,2,1,1,有,184363,False,121.52629970000001,25.060152199999997
5529,110,臺北市中山區吉林路200巷22號,55,2,3,2,無,286750,False,121.5293438,25.058489400000003
5531,111,臺北市中山區天祥路16巷15號四樓之4,52,1,1,1,有,196166,False,121.52103299999999,25.0613341
5538,111,臺北市中山區新生北路二段76號八樓,14,1,1,1,有,231564,False,121.527187,25.05737059999999
5545,110,臺北市中山區長安東路一段56巷3號四樓,18,1,1,1,有,225509,False,121.5286871,25.0477845
5618,111,臺北市中山區雙城街3巷2號八樓之6,27,1,1,1,有,187882,False,121.5244886,25.063166099999997
5627,111,臺北市中山區民生東路一段72號十樓之2,41,1,0,1,有,160550,False,121.52655740000002,25.057924699999997
5654,110,臺北市中山區合江街17巷7號,48,5,2,2,無,257859,False,121.53942769999998,25.055204900000003
5658,111,臺北市中山區德惠街45號五樓之10,43,0,0,0,有,145879,False,121.52699659999999,25.066763599999994
5702,111,臺北市中山區建國北路三段113巷7弄1號四樓,42,3,2,2,無,159756,False,121.5359118,25.066791299999995
5705,111,臺北市中山區林森北路286號十一樓之8,34,1,1,1,有,163619,False,121.5252818,25.055720700000002
5712,111,臺北市中山區新生北路三段43號九樓之2,44,1,1,1,有,187125,False,121.5280924,25.065402799999998
5718,111,臺北市中山區吉林路98巷24號,54,3,1,2,無,175102,False,121.52942499999999,25.052468100000002
5798,111,臺北市中山區德惠街45號六樓之21,43,1,1,1,有,180573,False,121.52699659999999,25.066763599999994
5799,111,臺北市中山區林森北路119巷88號七樓之1,34,0,1,1,有,187466,False,121.52789430000001,25.0502117
5950,111,臺北市中山區中山北路二段59巷45號十三樓之11,23,1,1,1,有,244344,False,121.5245789,25.0560233
5951,111,臺北市中山區復興北路190巷13號九樓之2,36,3,2,1,有,203149,False,121.54312030000001,25.0555918
6010,111,臺北市中山區民生東路二段83號五樓之9,42,1,1,1,有,189751,False,121.530773,25.0581662
6115,111,臺北市中山區德惠街3巷1號四樓,16,0,0,0,有,236967,False,121.5231105,25.067017999999997
6186,111,臺北市中山區民族東路512巷13弄49號五樓,41,3,2,1,無,168109,False,121.54377339999999,25.0662084
14,110,臺北市中山區松江路562號四樓之7,25,2,1,1,有,138660,False,121.53276299999997,25.0679111
15,110,臺北市中山區中山北路二段39巷6號八樓之2,20,1,1,1,有,242028,False,121.52348099999999,25.0539225
16,110,臺北市中山區民生東路一段25號七樓之10,41,1,1,1,有,169858,False,121.52469009999999,25.0582852
17,110,臺北市中山區新生北路二段72巷17號八樓之3,45,1,1,1,有,168269,False,121.52676360000001,25.0572014
41,110,臺北市中山區吉林路258號二樓之1,7,2,2,1,有,252755,False,121.5300424,25.0601795
43,110,臺北市中山區明水路397巷7弄80號八樓,27,3,2,1,有,273764,False,121.5513662,25.0787106
78,110,臺北市中山區林森北路107巷25號七樓,34,4,0,4,有,180696,False,121.52590649999998,25.0501915
79,110,臺北市中山區松江路160巷16號四樓,56,2,2,1,無,203356,False,121.53103949999999,25.055229
143,110,臺北市中山區吉林路119巷1號五樓之1,36,1,2,1,有,229115,False,121.53040889999998,25.056905399999998
179,110,臺北市中山區林森北路107巷90號二樓之1、二樓之2,45,2,2,2,有,163119,False,121.528013,25.049549799999998
183,110,臺北市中山區新生北路一段56號五樓,33,2,2,1,有,191259,False,121.53124740000001,25.046432499999998
283,110,臺北市中山區吉林路176號五樓,39,3,2,2,有,208481,False,121.5300532,25.057217899999994
285,110,臺北市中山區五常街11巷5號十四樓之2,2,1,1,1,有,245656,False,121.53791399999999,25.064653
293,110,臺北市中山區北安路595巷4號五樓,29,3,2,2,無,194010,False,121.5481965,25.082087800000004
294,110,臺北市中山區民權東路三段88號十三樓之2,35,3,2,2,有,223885,False,121.543746,25.0619792
342,110,臺北市中山區林森北路399巷23號六樓,37,0,0,0,有,136275,False,121.52658339999999,25.0597669
345,110,臺北市中山區民族東路260號三樓,36,3,2,2,無,163820,False,121.53488550000002,25.067986100000002
402,110,臺北市中山區合江街69之1號六樓之1,36,3,2,2,有,196785,False,121.5393367,25.0585934
409,110,臺北市中山區遼寧街105巷37號六樓之1,41,2,2,1,有,272365,False,121.54335139999998,25.0512132
441,110,臺北市中山區復興南路一段32號七樓,41,3,2,2,有,273722,False,121.54368,25.046342000000003
447,110,臺北市中山區合江街41巷6號,46,0,0,0,無,265215,False,121.5395645,25.055658799999996
486,110,臺北市中山區林森北路483號九樓之4,18,1,1,1,有,204863,False,121.5260656,25.061126599999998
488,110,臺北市中山區龍江路412巷28號,39,0,0,0,無,238450,False,121.5397562,25.0674846
500,110,臺北市中山區復興北路400號十樓之6,35,1,1,1,有,279134,False,121.5439448,25.061613599999998
503,110,臺北市中山區安東街16巷34之2號,38,3,2,2,有,213530,False,121.5401091,25.0452563
539,110,臺北市中山區松江路431巷27號五樓,32,2,1,2,有,180155,False,121.534886,25.0657112
546,110,臺北市中山區龍江路356巷87號五樓,43,6,1,6,無,171712,False,121.5374943,25.0661466
599,110,臺北市中山區吉林路12巷20號五樓,43,11,1,7,無,189481,False,121.5290005,25.050081100000003
648,110,臺北市中山區新生北路三段82巷29號五樓,29,1,1,1,有,199406,False,121.5264503,25.067141100000004
649,110,臺北市中山區中山北路一段83巷13號四樓之10,36,1,1,1,有,164103,False,121.5241003,25.050075
650,110,臺北市中山區建國北路一段23巷53號七樓,27,1,1,1,有,220183,False,121.5398771,25.0474423
700,110,臺北市中山區民生東路三段9巷15號六樓,37,4,2,2,有,211503,False,121.53768209999998,25.0597088
704,110,臺北市中山區復興北路190巷25號五樓之5,35,3,2,1,有,254749,False,121.5426103,25.055677799999994
731,110,臺北市中山區中山北路二段59巷9號六樓之2,44,2,2,1,有,213434,False,121.5236422,25.055918799999997
734,110,臺北市中山區林森北路107巷30號二樓,39,1,1,1,有,161622,False,121.5259639,25.0499792
736,110,臺北市中山區林森北路282號六樓之12,47,2,1,1,有,203887,False,121.52532459999999,25.055644299999997
786,110,臺北市中山區松江路100巷19號底樓,47,0,0,0,無,296313,False,121.53063770000001,25.051099999999998
829,110,臺北市中山區林森北路655號六樓之2,17,1,1,1,有,196532,False,121.52594749999999,25.067711499999998
876,110,臺北市中山區民生東路三段88巷4號四樓之2,35,3,2,2,有,229531,False,121.5425399,25.057463799999994
884,110,臺北市中山區松江路431巷25號五樓,32,2,2,1,有,185691,False,121.53483030000001,25.0657
913,110,臺北市中山區吉林路407巷3號六樓,37,3,2,2,有,190892,False,121.53069939999997,25.066158800000004
954,110,臺北市中山區民權東路二段135巷30弄16號五樓,42,4,2,2,有,168717,False,121.53436439999999,25.0641712
955,110,臺北市中山區林森北路107巷23號七樓,34,4,0,4,有,180736,False,121.52588759999998,25.0502304
963,110,臺北市中山區德惠街3巷1號二樓之1,15,1,1,1,有,209981,False,121.5231105,25.067017999999997
1008,110,臺北市中山區興安街30號二樓,26,3,2,1,有,223045,False,121.5385343,25.0560178
1012,110,臺北市中山區林森北路263號七樓之2,39,1,1,1,有,157618,False,121.5256261,25.0545886
1071,110,臺北市中山區建國北路二段65號九樓,32,5,1,2,有,202819,False,121.53724559999998,25.0558943
1072,110,臺北市中山區農安街77巷1弄20號,54,2,1,2,無,237099,False,121.5290112,25.065245299999994
1080,110,臺北市中山區林森北路96號十一樓之1,39,1,1,1,有,186794,False,121.5246548,25.0499722
1124,110,臺北市中山區八德路二段69號六樓之3,35,0,2,2,有,190262,False,121.5351101,25.0454604
1136,110,臺北市中山區四平街138號六樓,38,3,1,1,有,233797,False,121.53629230000001,25.053440499999994
1181,110,臺北市中山區林森北路416巷1號六樓之3,45,1,1,1,有,160398,False,121.5248924,25.059956
1185,110,臺北市中山區中山北路二段77巷37號十樓之5,42,1,1,1,有,184366,False,121.52488559999999,25.057774199999997
1190,110,臺北市中山區農安街77巷1弄18號二樓,54,2,2,1,無,122455,False,121.5289829,25.065246800000004
1191,110,臺北市中山區大直街67巷27號,45,4,1,2,無,211749,False,121.54776499999998,25.083855
1227,110,臺北市中山區新生北路一段48號十三樓之2,33,3,2,1,有,233952,False,121.53133589999999,25.0463689
1229,110,臺北市中山區龍江路356巷84號三樓,38,3,2,2,有,150736,False,121.53747999999999,25.0659
1266,110,臺北市中山區龍江路328巷30號五樓,44,3,2,2,無,131774,False,121.538959,25.065102899999996
1267,110,臺北市中山區林森北路259巷9號四樓之15,37,1,0,1,有,154337,False,121.52637509999998,25.0544021
1269,110,臺北市中山區錦州街21號七樓之2,39,1,1,1,有,206057,False,121.52508919999998,25.060448100000002
1310,110,臺北市中山區民生東路一段70巷7號四樓之2,14,0,0,0,有,222157,False,121.52651139999999,25.057418499999997
1313,110,臺北市中山區龍江路342巷51號五樓,37,2,2,1,有,170679,False,121.53850200000001,25.065671
1317,110,臺北市中山區新生北路二段73號五樓之7,42,1,0,1,有,166474,False,121.52793570000001,25.0567173
1355,110,臺北市中山區松江路194巷52號四樓,52,1,2,1,無,202073,False,121.5308712,25.0570834
1359,110,臺北市中山區龍江路412巷35號四樓,39,3,2,2,無,162215,False,121.53934450000001,25.0677175
1400,110,臺北市中山區明水路539號十樓之2,28,2,2,1,有,266935,False,121.5517957,25.078493
1405,110,臺北市中山區復興南路一段30巷5號三樓,50,3,2,1,無,235532,False,121.543367,25.046411000000003
1451,110,臺北市中山區林森北路119巷6號四樓,48,3,1,1,無,148244,False,121.5254439,25.0505991
1496,110,臺北市中山區林森北路107巷41號三樓之7,32,2,1,1,有,156548,False,121.52636459999998,25.0500614
1498,110,臺北市中山區林森北路85巷85號五樓之1,42,3,2,2,有,194673,False,121.52791230000001,25.0491779
1499,110,臺北市中山區民權東路二段92巷7弄26號,53,3,2,2,無,313824,False,121.53240249999999,25.060711599999998
1507,110,臺北市中山區德惠街34號八樓之26,42,1,1,1,有,199381,False,121.526429,25.066584399999996
1551,110,臺北市中山區民權東路二段135巷19號二樓,44,3,2,1,無,174956,False,121.5351656,25.063965200000002
1594,110,臺北市中山區新生北路二段28巷1號十五樓之5,32,1,1,1,有,233668,False,121.52702400000001,25.0538951
1596,110,臺北市中山區林森北路85巷85號五樓,42,3,2,2,有,186904,False,121.52791230000001,25.0491779
1598,110,臺北市中山區民權東路一段53號八樓,37,1,0,1,有,211172,False,121.5248117,25.0629349
1602,110,臺北市中山區新生北路二段76號六樓之2,13,1,1,1,有,219076,False,121.527187,25.05737059999999
1640,110,臺北市中山區中山北路二段62巷35號七樓,3,1,1,1,有,307147,False,121.520934,25.056755
1644,110,臺北市中山區新生北路一段58號二樓,33,4,2,2,有,186897,False,121.531088,25.046379400000003
1645,110,臺北市中山區吉林路128號,54,0,1,1,無,408245,False,121.5299611,25.055161200000004
1684,110,臺北市中山區北安路573巷9號二樓,48,3,2,1,無,207952,False,121.54792359999999,25.0814234
1692,110,臺北市中山區敬業三路162巷89號三樓,21,3,2,2,有,179810,False,121.55903389999999,25.0791114
1696,110,臺北市中山區民生東路一段87號三樓之2,25,1,0,1,有,178651,False,121.5272542,25.0582878
1697,110,臺北市中山區南京東路三段194巷5號二樓之1,31,1,1,1,有,213429,False,121.5426981,25.051264100000004
1700,110,臺北市中山區渭水路3巷6號四樓,31,3,2,2,無,172811,False,121.53354350000001,25.045909599999998
1702,110,臺北市中山區復興北路436號四樓之1,44,3,2,1,有,197678,False,121.54402160000001,25.0635842
1756,110,臺北市中山區松江路100巷6號三樓,46,4,2,2,有,265283,False,121.53181169999999,25.050892299999997
1758,110,臺北市中山區長春路26號八樓之4,37,0,1,1,有,182474,False,121.52446189999999,25.054852
1760,110,臺北市中山區明水路397巷7弄7號,29,4,2,2,有,274427,False,121.548076,25.078116599999994
1763,110,臺北市中山區林森北路575號七樓之21,44,1,1,1,有,205942,False,121.52583249999999,25.065062599999997
1764,110,臺北市中山區林森北路538號十四樓之3,16,1,1,1,有,278055,False,121.52537339999999,25.0638121
1765,110,臺北市中山區明水路537號八樓之2,28,2,1,1,有,259893,False,121.55173970000001,25.07833
1807,110,臺北市中山區民生東路二段83號四樓之9,41,1,1,1,有,186106,False,121.530773,25.0581662
1882,110,臺北市中山區林森北路107巷18號七樓之2,22,1,1,1,有,151544,False,121.5256218,25.050078799999998
1889,110,臺北市中山區林森北路85巷11號四樓,34,1,1,1,有,159158,False,121.52552870000001,25.049717899999997
1941,110,臺北市中山區民族東路410巷26號五樓,44,3,2,2,無,168445,False,121.53824429999999,25.0654118
1966,110,臺北市中山區中原街22號二樓之28,44,0,0,0,有,153534,False,121.5287831,25.056780699999997
1968,110,臺北市中山區新生北路二段36號十三樓之2,25,2,1,1,有,208867,False,121.5272993,25.054595
1979,110,臺北市中山區錦州街30巷12號九樓之7,24,2,1,1,有,196078,False,121.52468350000001,25.059551199999998
2038,110,臺北市中山區松江路289之504號,51,4,2,2,有,185738,False,121.53338199999999,25.060486899999997
2039,110,臺北市中山區民權東路一段42號八樓之3,14,1,1,1,有,237079,False,121.52410409999999,25.0625397
2109,110,臺北市中山區德惠街15號十樓,37,0,0,0,有,174319,False,121.52600339999998,25.066780599999994
2111,110,臺北市中山區林森北路409號八樓之28,39,1,1,1,有,186457,False,121.525764,25.0594947
2115,110,臺北市中山區遼寧街112號六樓之6,37,2,2,1,有,229194,False,121.541847,25.052575899999997
2117,110,臺北市中山區北安路578巷8弄7號四樓,39,3,2,2,無,191197,False,121.548785,25.080526000000003
2120,110,臺北市中山區錦州街50號七樓之19,37,1,1,1,有,124808,False,121.52629970000001,25.060152199999997
2122,110,臺北市中山區松江路372巷10號二樓,37,3,2,2,有,169388,False,121.5325754,25.0630231
2124,110,臺北市中山區北安路595巷30號五樓,37,3,2,2,無,206557,False,121.5470694,25.0820363
2177,110,臺北市中山區八德路二段59號四樓,41,3,2,2,無,169951,False,121.5347894,25.045196999999998
2178,110,臺北市中山區南京東路二段108號九樓之11,11,1,1,1,有,287487,False,121.53209,25.0517765
2186,110,臺北市中山區新生北路三段1號三樓之24,40,0,1,1,有,183563,False,121.52815469999999,25.062894499999995
2192,110,臺北市中山區錦州街21號十樓之7,39,1,1,1,有,145470,False,121.52508919999998,25.060448100000002
2237,110,臺北市中山區明水路555號三樓之35,25,1,1,1,有,269006,False,121.55196769999999,25.0787163
2238,110,臺北市中山區新生北路三段16號七樓,9,1,1,1,有,225342,False,121.5273983,25.0634069
2268,110,臺北市中山區南京東路二段108號十一樓之2,11,1,1,1,有,283377,False,121.53209,25.0517765
2279,110,臺北市中山區中山北路三段29號三樓,44,4,2,2,有,184227,False,121.5227302,25.0650811
2337,110,臺北市中山區雙城街18巷16號四樓,45,5,2,3,無,147011,False,121.52316189999999,25.065369799999996
2387,110,臺北市中山區新生北路三段1號十三樓,40,1,0,1,有,174672,False,121.52815469999999,25.062894499999995
2393,110,臺北市中山區德惠街167巷10之1號四樓,49,3,1,1,無,189510,False,121.5317456,25.067003
2434,110,臺北市中山區新生北路二段133巷18號五樓之8,41,0,0,0,有,194702,False,121.52847039999999,25.0607564
2436,110,臺北市中山區新生北路三段11巷18號,55,7,3,3,無,170080,False,121.52841009999999,25.063523300000004
2504,110,臺北市中山區建國北路二段35號十二樓之8,33,0,1,1,有,236030,False,121.5373251,25.0552747
2548,110,臺北市中山區遼寧街177巷43號,54,3,2,2,無,1447632,False,121.54218089999999,25.053121299999997
2555,110,臺北市中山區南京東路二段108號八樓之12,11,1,1,1,有,291350,False,121.53209,25.0517765
2566,110,臺北市中山區松江路372巷10號四樓,37,3,2,2,有,174627,False,121.5325754,25.0630231
2569,110,臺北市中山區中原街111號二樓,47,4,1,2,無,189341,False,121.5290455,25.0618126
2573,110,臺北市中山區八德路二段86號三樓,46,3,0,1,無,211687,False,121.53578230000001,25.0455473
2574,110,臺北市中山區新生北路二段41巷6號五樓,44,3,2,2,有,194686,False,121.5280558,25.0554877
2640,110,臺北市中山區新生北路三段43號十樓之9,43,2,1,1,有,211869,False,121.5280924,25.065402799999998
2646,110,臺北市中山區林森北路85巷95號七樓之3,37,1,1,1,有,169202,False,121.52828099999999,25.049177699999998
2648,110,臺北市中山區林森北路50號十一樓之8,43,0,0,0,有,187485,False,121.5242353,25.048497399999995
2681,110,臺北市中山區中山北路二段36巷24號四樓,38,5,2,2,無,220888,False,121.5211769,25.054192799999996
2685,110,臺北市中山區大直街52巷13號二樓,38,3,2,2,無,227292,False,121.545514,25.082578899999998
2732,110,臺北市中山區北安路621巷6弄11號,45,3,2,1,無,271162,False,121.5479529,25.082669
2734,110,臺北市中山區新生北路二段133巷18號四樓之6,41,1,1,1,有,185244,False,121.52847039999999,25.0607564
2741,110,臺北市中山區林森北路409號九樓之23,39,1,0,1,有,147203,False,121.525764,25.0594947
2792,110,臺北市中山區復興北路66號十一樓之2,42,1,1,1,有,227979,False,121.5437841,25.0506693
2794,110,臺北市中山區錦州街50號八樓之6,37,1,0,1,有,134179,False,121.52629970000001,25.060152199999997
2835,110,臺北市中山區民生西路45巷5弄24號,51,1,1,1,無,297177,False,121.52162039999999,25.058280699999997
2839,110,臺北市中山區農安街8號十二樓之1,12,1,1,1,有,215517,False,121.52343,25.064822
2846,110,臺北市中山區新生北路二段40號十二樓,25,1,1,1,有,201301,False,121.52721799999999,25.054613600000003
2867,110,臺北市中山區龍江路356巷40號二樓,43,4,2,2,無,172414,False,121.53930999999999,25.065838000000003
2874,110,臺北市中山區新生北路三段56巷1號十一樓之3,40,1,1,1,有,181143,False,121.52734950000001,25.065452
2939,110,臺北市中山區林森北路259巷9號七樓之1,37,1,1,1,有,164010,False,121.52637509999998,25.0544021
3077,110,臺北市中山區長安東路二段193號四樓,6,2,2,2,有,224011,False,121.5432002,25.0484364
3119,110,臺北市中山區錦州街187號二樓,48,3,2,2,無,214866,False,121.53116820000001,25.0604326
3122,110,臺北市中山區民族東路410巷2弄12號三樓,43,3,2,1,無,139288,False,121.537678,25.066730000000003
3198,110,臺北市中山區農安街6號十三樓之7,12,1,1,1,有,211147,False,121.5234977,25.064714900000002
3283,110,臺北市中山區新生北路一段48號五樓,33,2,1,1,有,215877,False,121.53133589999999,25.0463689
3290,110,臺北市中山區林森北路107巷25號三樓之3,34,1,0,1,有,174227,False,121.52590649999998,25.0501915
3297,110,臺北市中山區新生北路二段141巷33號三樓,47,4,2,2,無,187213,False,121.5291002,25.061690299999995
3299,110,臺北市中山區林森北路413號八樓之2,37,2,2,1,有,149629,False,121.525773,25.059863999999997
3327,110,臺北市中山區民生東路一段29號八樓之4,38,3,2,1,有,139984,False,121.5251264,25.0581828
3329,110,臺北市中山區建國北路二段6巷15號二樓,53,3,2,1,無,191157,False,121.53563849999999,25.052694
3330,110,臺北市中山區建國北路三段107號四樓,41,4,2,2,無,143001,False,121.5361658,25.0662913
3379,110,臺北市中山區錦州街16號七樓之4,37,1,1,1,有,174459,False,121.52398559999999,25.0602424
3424,110,臺北市中山區松江路313巷12號三樓,40,3,2,2,有,204215,False,121.53440009999998,25.0616898
3426,110,臺北市中山區合江街73巷5號六樓,26,3,2,2,有,266335,False,121.53958369999998,25.058904899999998
3443,110,臺北市中山區雙城街43巷7號七樓之5,42,0,1,1,有,178571,False,121.52492359999998,25.067561099999995
3474,110,臺北市中山區南京東路三段106號十樓,1,0,0,0,有,406099,False,121.5400034,25.051731499999995
3479,110,臺北市中山區吉林路396號二樓,47,1,2,1,無,204692,False,121.5301974,25.0652589
3560,110,臺北市中山區林森北路655號八樓,17,1,1,1,有,193611,False,121.52594749999999,25.067711499999998
3562,110,臺北市中山區新生北路二段38號十六樓之6,25,3,2,1,有,251175,False,121.52726879999999,25.054595099999997
3563,110,臺北市中山區林森北路107巷43號三樓之4,29,1,1,1,有,167195,False,121.52643680000001,25.0501456
3596,110,臺北市中山區民權東路二段135巷30弄10號,43,1,1,2,無,260892,False,121.5346682,25.0641481
3598,110,臺北市中山區民生東路三段65巷2弄7號二樓,52,3,2,1,無,186927,False,121.54158229999999,25.0582358
3600,110,臺北市中山區吉林路456巷15號四樓,49,3,2,1,無,157506,False,121.5291653,25.067065700000004
3661,110,臺北市中山區新生北路三段57號,45,0,1,1,有,170659,False,121.5280976,25.065808399999995
3669,110,臺北市中山區南京東路二段108號十樓之22,11,1,1,1,有,306876,False,121.53209,25.0517765
3672,110,臺北市中山區北安路805巷2號二樓之7,43,3,2,1,有,223912,False,121.5542268,25.085840899999997
3674,110,臺北市中山區錦州街340號三樓,36,5,2,2,有,195399,False,121.53894240000001,25.060145100000003
3679,110,臺北市中山區長春路258巷32號二樓之1,24,1,1,1,有,196634,False,121.53891960000001,25.0531142
3680,110,臺北市中山區合江街73巷8號五樓,39,3,2,2,有,237969,False,121.54002419999999,25.058665599999994
3707,110,臺北市中山區林森北路107巷46號三樓之1,36,3,2,2,有,161110,False,121.52642609999998,25.049893399999995
3745,110,臺北市中山區錦州街50號九樓之9,37,1,1,1,有,129424,False,121.52629970000001,25.060152199999997
3749,110,臺北市中山區松江路194巷10號五樓,28,1,1,1,無,231986,False,121.5322069,25.057001999999997
3786,110,臺北市中山區北安路841巷30號四樓,33,3,2,2,無,193032,False,121.556422,25.086421200000004
3789,110,臺北市中山區中山北路二段11巷11之1號四樓之2,42,1,1,1,無,212466,False,121.523912,25.0528256
3790,110,臺北市中山區吉林路393巷8號三樓,48,3,2,1,無,194522,False,121.53088819999999,25.0655926
3791,110,臺北市中山區中山北路二段11巷11之1號四樓之3,42,1,1,1,無,211957,False,121.523912,25.0528256
3802,110,臺北市中山區建國北路一段150號十二樓之8,11,1,2,1,有,281759,False,121.53610399999998,25.051429199999998
3805,110,臺北市中山區中山北路一段83巷36號五樓之2,13,1,1,1,有,229873,False,121.5242672,25.049823099999994
3857,110,臺北市中山區民生東路二段127巷5號四樓,45,4,2,2,無,157340,False,121.53226660000001,25.058779899999998
3859,110,臺北市中山區龍江路397巷4號,37,3,2,2,無,272066,False,121.5413617,25.065428999999998
3896,110,臺北市中山區農安街125巷7號三樓,50,3,2,1,無,190039,False,121.5299376,25.0652161
3899,110,臺北市中山區新生北路三段61號四樓之6,45,2,2,2,有,132436,False,121.52809810000001,25.0659966
3900,110,臺北市中山區南京東路一段13巷7弄2之6號四樓,53,3,0,3,無,151317,False,121.52433280000001,25.053666099999997
3901,110,臺北市中山區復興北路214號七樓之3,35,3,2,2,有,220920,False,121.54380940000001,25.0564151
3934,110,臺北市中山區林森北路409號十一樓之39,39,0,0,0,有,148340,False,121.525764,25.0594947
3961,110,臺北市中山區中山北路一段101號十樓,12,3,2,3,有,234536,False,121.5223584,25.050877899999996
3980,110,臺北市中山區吉林路461巷22號五樓,37,3,2,2,無,190029,False,121.5321177,25.067658499999997
4056,110,臺北市中山區建國北路三段74號八樓,35,2,2,1,有,187916,False,121.53586589999999,25.0655567
4057,110,臺北市中山區民生東路二段115巷25弄6號,55,11,0,11,無,190200,False,121.5318032,25.059213500000002
4059,110,臺北市中山區吉林路22巷23號五樓之1,44,4,2,2,有,185741,False,121.52867699999999,25.051141299999998
4092,110,臺北市中山區德惠街182號五樓之1,38,2,2,2,無,193025,False,121.53226120000001,25.0664441
4136,110,臺北市中山區合江街17巷15號六樓之5,28,2,1,1,有,213990,False,121.53953299999998,25.0550867
4138,110,臺北市中山區合江街58巷20號三樓,18,2,2,2,有,227422,False,121.53853710000001,25.0557022
4139,110,臺北市中山區新生北路三段1號九樓之22,40,0,0,0,有,174672,False,121.52815469999999,25.062894499999995
4165,110,臺北市中山區松江路506號四樓之3,37,3,2,2,有,207301,False,121.53303059999998,25.0658589
4169,110,臺北市中山區松江路150巷26之1號五樓,41,3,2,1,無,216390,False,121.5306914,25.0539651
4170,110,臺北市中山區林森北路409號八樓之34,39,1,1,1,有,141664,False,121.525764,25.0594947
4171,110,臺北市中山區中山北路一段53巷8號十一樓之8,13,1,1,1,有,250855,False,121.5221491,25.0491302
4181,110,臺北市中山區新生北路二段68巷15號二樓之2,13,1,1,1,有,198561,False,121.5261849,25.056559600000003
4199,110,臺北市中山區錦州街110號二樓,37,3,2,1,有,155866,False,121.5281622,25.060235
4202,110,臺北市中山區五常街83號,44,0,1,1,無,279627,False,121.5406037,25.064464700000002
4207,110,臺北市中山區中山北路一段135巷29號,53,0,1,1,無,354671,False,121.5242989,25.0513883
4254,110,臺北市中山區吉林路315巷21號三樓,50,4,1,1,無,180202,False,121.5310894,25.0635539
4280,110,臺北市中山區新生北路一段108之3號十樓之6,43,1,0,1,有,212286,False,121.52828269999998,25.049564099999994
4281,110,臺北市中山區龍江路298巷23號十樓之1,33,3,2,2,有,247133,False,121.53938869999998,25.061931299999998
4319,110,臺北市中山區中原街34號二樓,47,4,2,2,無,196041,False,121.52878390000001,25.0573064
4346,110,臺北市中山區新生北路一段108之3號十樓之2,43,1,1,1,有,138547,False,121.52828269999998,25.049564099999994
4381,110,臺北市中山區中山北路一段105巷10號六樓之3,39,2,1,1,有,173822,False,121.5234941,25.050628499999995
4382,110,臺北市中山區林森北路259巷9號四樓之15,37,1,1,1,有,172964,False,121.52637509999998,25.0544021
4383,110,臺北市中山區林森北路416巷1號二樓之2,45,1,1,1,有,167936,False,121.5248924,25.059956
4437,110,臺北市中山區民生東路一段77號十樓之7,29,2,1,1,有,147808,False,121.5269643,25.0583353
4438,110,臺北市中山區錦州街113號四樓,53,4,0,4,無,221381,False,121.52861279999999,25.060524899999997
4442,110,臺北市中山區新生北路三段74號十一樓之1,39,1,1,1,有,166320,False,121.52736510000001,25.066432899999995
4473,110,臺北市中山區林森北路655號五樓,17,0,0,0,有,180703,False,121.52594749999999,25.067711499999998
4514,110,臺北市中山區五常街93號二樓,35,3,2,2,有,217706,False,121.54131489999999,25.064489299999995
4515,110,臺北市中山區松江路156巷10號二樓之1,20,1,1,1,有,256773,False,121.53207400000001,25.054254999999998
4548,110,臺北市中山區龍江路37巷9號,52,2,1,1,無,332231,False,121.54091439999999,25.0489064
4550,110,臺北市中山區民生東路二段83號六樓之35,41,1,1,1,有,158798,False,121.530773,25.0581662
4551,110,臺北市中山區民權東路三段72號四樓之2,35,3,2,2,有,216270,False,121.5431066,25.061972899999997
4552,110,臺北市中山區長春路28號六樓之2,11,1,1,1,有,267156,False,121.5248009,25.0547621
4554,110,臺北市中山區建國北路一段150號十樓之10,11,0,0,0,有,284771,False,121.53610399999998,25.051429199999998
4601,110,臺北市中山區北安路841巷26弄7號五樓,33,3,2,2,無,172997,False,121.55622089999999,25.086210200000004
4603,110,臺北市中山區建國北路二段35號八樓之1,33,1,1,1,有,231044,False,121.5373251,25.0552747
4608,110,臺北市中山區復興北路402巷14號四樓,37,2,2,2,有,236635,False,121.543061,25.0617146
4675,110,臺北市中山區合江街73巷5號六樓之1,26,3,2,2,有,262797,False,121.53958369999998,25.058904899999998
4679,110,臺北市中山區長安東路二段80號八樓之4,40,4,1,1,有,216948,False,121.534111,25.048312
4744,110,臺北市中山區民權東路二段146號十一樓之3,39,2,2,1,有,241439,False,121.53435139999999,25.062164
4746,110,臺北市中山區五常街63號三樓,44,3,1,1,無,204778,False,121.54000190000001,25.0644068
4776,110,臺北市中山區林森北路85巷11號二樓之5,34,2,1,1,有,205296,False,121.52552870000001,25.049717899999997
4777,110,臺北市中山區長春路247號九樓之3,13,1,1,1,有,248298,False,121.5395689,25.0548824
4828,110,臺北市中山區民生東路二段90巷8號三樓,52,3,2,2,無,206293,False,121.5305989,25.057468699999998
4831,110,臺北市中山區農安街19號三樓之9,18,1,1,1,有,205279,False,121.5239116,25.0650632
4832,110,臺北市中山區新生北路二段68巷30號二樓之13,43,2,2,1,有,164897,False,121.5262207,25.0566905
4882,110,臺北市中山區吉林路22巷8號,47,0,0,0,有,272903,False,121.52924999999999,25.050969
4946,110,臺北市中山區林森北路306號十樓之8,18,1,1,1,有,209917,False,121.52535100000001,25.0560304
4947,110,臺北市中山區錦州街418巷6號三樓,45,3,2,2,無,173540,False,121.54191759999998,25.0596738
4951,110,臺北市中山區雙城街43巷7號六樓之7,42,0,0,0,有,170732,False,121.52492359999998,25.067561099999995
4952,110,臺北市中山區民生東路一段54號八樓之7,36,1,1,1,有,164960,False,121.52498920000001,25.057897699999995
4953,110,臺北市中山區長春路100號十一樓之11,46,2,1,1,有,219449,False,121.5279422,25.0547762
4989,110,臺北市中山區北安路805巷2號五樓之3,43,3,1,1,有,253988,False,121.5542268,25.085840899999997
5025,110,臺北市中山區林森北路105號九樓之2,40,2,1,1,有,166227,False,121.52505379999998,25.050248699999997
5031,110,臺北市中山區大直街34巷5號二樓,35,0,1,1,無,214269,False,121.54579029999998,25.081784
5049,110,臺北市中山區錦州街50號五樓之24,37,1,1,1,有,141245,False,121.52629970000001,25.060152199999997
5050,110,臺北市中山區林森北路107巷82號五樓,27,1,1,1,有,167384,False,121.52760959999999,25.049661200000003
5097,110,臺北市中山區龍江路329號七樓,35,5,2,2,有,270022,False,121.54103999999998,25.0626817
5111,110,臺北市中山區民權東路二段71巷18號四樓,53,2,1,1,無,210205,False,121.5315556,25.0637272
5117,110,臺北市中山區中山北路一段121巷25號三樓,50,2,1,1,無,151210,False,121.5241975,25.051023200000003
5119,110,臺北市中山區新生北路二段68巷15號十二樓之2,13,1,1,1,有,229277,False,121.5261849,25.056559600000003
5122,110,臺北市中山區新生北路二段70之1號十樓之2,24,1,1,1,有,173822,False,121.52719320000001,25.0567995
5168,110,臺北市中山區龍江路331巷8號三樓,46,3,2,2,無,172601,False,121.5414835,25.062863399999994
5191,110,臺北市中山區新生北路三段82巷17號五樓,39,3,2,2,無,180505,False,121.526943,25.067136899999998
5192,110,臺北市中山區新生北路二段96號十一樓之20,39,0,1,1,有,164138,False,121.5272227,25.059176899999994
5193,110,臺北市中山區林森北路399巷21號九樓之2,37,2,1,1,有,166403,False,121.5263856,25.0596288
5251,110,臺北市中山區復興北路214號三樓之3,35,3,2,2,有,238954,False,121.54380940000001,25.0564151
5256,110,臺北市中山區中山北路一段72號八樓之9,35,2,2,1,有,180596,False,121.5208361,25.0487863
5264,110,臺北市中山區合江街130巷27號三樓,51,3,2,2,無,204520,False,121.5379189,25.0596072
5336,110,臺北市中山區新生北路三段87巷11號四樓,1,2,1,1,有,191914,False,121.52846319999999,25.067427499999997
5341,110,臺北市中山區德惠街3巷1號二樓之1,15,1,1,1,有,230071,False,121.5231105,25.067017999999997
5401,110,臺北市中山區中山北路二段115巷38號四樓,48,2,1,1,無,162056,False,121.52498290000001,25.0611304
5402,110,臺北市中山區大直街129號五樓,35,7,1,4,無,194617,False,121.548843,25.084100000000003
5420,110,臺北市中山區德惠街34號十樓之6,42,1,1,1,有,184397,False,121.526429,25.066584399999996
5458,110,臺北市中山區松江路76號十二樓,37,0,0,0,有,237747,False,121.53271799999999,25.049693999999995
5463,110,臺北市中山區新生北路三段12號十一樓,9,0,1,1,有,241859,False,121.5273916,25.0633339
5467,110,臺北市中山區林森北路96號八樓之7,39,1,1,1,有,182796,False,121.5246548,25.0499722
5469,110,臺北市中山區樂群二路176號二樓,21,3,2,2,有,186822,False,121.5580329,25.0796109
5478,110,臺北市中山區林森北路102號十樓之2,33,1,1,1,有,173724,False,121.52486999999999,25.050722500000003
5503,110,臺北市中山區林森北路85巷86號五樓,50,2,2,2,有,165034,False,121.5278263,25.0490629
5516,110,臺北市中山區民族東路410巷17號二樓,45,4,2,2,無,147508,False,121.5384278,25.067325500000003
5517,110,臺北市中山區德惠街45號七樓之13,42,0,0,0,有,108680,False,121.52699659999999,25.066763599999994
5521,110,臺北市中山區五常街31號三樓之1,5,2,1,1,有,280441,False,121.53851999999999,25.064421
5588,110,臺北市中山區復興北路516號六樓之2,38,3,2,2,有,209568,False,121.54411929999999,25.0660785
5590,110,臺北市中山區龍江路345巷8號五樓,42,3,2,2,無,134355,False,121.5414718,25.063263900000003
5591,110,臺北市中山區雙城街49巷12號四樓之3,32,1,1,1,有,184894,False,121.5251987,25.067827999999995
5631,110,臺北市中山區民生東路一段54號十樓之3,36,1,1,1,有,165405,False,121.52498920000001,25.057897699999995
5636,110,臺北市中山區興安街91號七樓之2,35,3,2,2,有,239391,False,121.54321879999998,25.056218
5638,110,臺北市中山區林森北路409號十二樓之4,39,2,2,1,有,137363,False,121.525764,25.0594947
5643,110,臺北市中山區民權東路三段16號六樓之1,25,3,2,2,有,250367,False,121.54013080000001,25.0621173
5653,110,臺北市中山區錦州街157巷15號四樓,43,4,2,2,無,150943,False,121.5297985,25.0614269
5692,110,臺北市中山區北安路639號五樓,35,2,2,2,無,201176,False,121.54904699999999,25.083765
5697,110,臺北市中山區錦州街30巷11號十樓之5,42,1,1,1,有,154611,False,121.52486169999999,25.0594888
5703,110,臺北市中山區錦州街50號九樓之27,37,1,0,1,有,145114,False,121.52629970000001,25.060152199999997
5705,110,臺北市中山區林森北路483號二樓之3,18,1,1,1,有,194105,False,121.5260656,25.061126599999998
5753,110,臺北市中山區新生北路一段41號八樓,37,3,2,2,有,210149,False,121.53052160000001,25.0477058
5771,110,臺北市中山區復興北路514巷53號四樓,45,5,3,2,無,176830,False,121.5418882,25.066107700000003
5773,110,臺北市中山區雙城街19巷8號五樓之8,13,2,1,1,有,186765,False,121.52491599999999,25.0652457
5807,110,臺北市中山區新生北路三段93巷31號二樓,52,2,1,1,無,147116,False,121.5289652,25.0678702
5811,110,臺北市中山區新生北路三段1號十二樓之14,40,1,1,1,有,181575,False,121.52815469999999,25.062894499999995
5946,110,臺北市中山區新生北路二段28巷1號七樓之4,32,2,2,1,有,213548,False,121.52702400000001,25.0538951
5950,110,臺北市中山區復興北路190巷35號,35,3,2,2,有,304723,False,121.5427573,25.0555588
5981,110,臺北市中山區合江街130巷12號二樓,48,3,2,2,無,190303,False,121.5385853,25.0594374
5984,110,臺北市中山區農安街45號三樓之2,45,1,1,1,有,181759,False,121.5265509,25.0649835
5985,110,臺北市中山區龍江路412巷26號四樓,39,3,2,2,無,169396,False,121.5398424,25.067464199999996
5986,110,臺北市中山區合江街20巷10號,46,1,1,1,無,317621,False,121.53863100000001,25.055063
6043,110,臺北市中山區新生北路三段1號四樓之21,40,1,1,1,有,166623,False,121.52815469999999,25.062894499999995
6048,110,臺北市中山區農安街24之3號六樓之6,32,1,1,1,有,172846,False,121.525394,25.064800899999998
6050,110,臺北市中山區農安街24之3號六樓之7,32,1,1,1,有,172199,False,121.525394,25.064800899999998
6053,110,臺北市中山區新生北路三段82巷29號四樓之1,29,2,2,1,有,208656,False,121.5264503,25.067141100000004
6054,110,臺北市中山區民權東路二段148號十一樓之2,39,2,2,1,有,226244,False,121.53440030000002,25.0622215
6057,110,臺北市中山區民生東路三段9巷17號七樓,37,4,2,2,有,213550,False,121.537683,25.0597885
6094,110,臺北市中山區松江路235巷33號六樓,42,3,2,2,有,231210,False,121.5349501,25.0589479
6101,110,臺北市中山區新生北路三段12號九樓,9,1,0,1,有,231477,False,121.5273916,25.0633339
6114,110,臺北市中山區龍江路370巷16號五樓,38,5,1,5,無,178218,False,121.5402437,25.066283799999997
6175,110,臺北市中山區長安東路一段56巷1弄2號二樓,50,5,5,5,無,200973,False,121.5289592,25.0477058
6195,110,臺北市中山區民生東路一段87號三樓之3,25,1,1,1,有,170268,False,121.5272542,25.0582878
6197,110,臺北市中山區農安街125巷23號三樓,52,3,2,2,無,179599,False,121.53000650000001,25.065633599999998
6199,110,臺北市中山區林森北路409號十一樓之12,39,0,0,0,有,105499,False,121.525764,25.0594947
6279,110,臺北市中山區北安路621巷3號,40,0,0,0,有,313445,False,121.54871179999999,25.0830002
6357,110,臺北市中山區林森北路286號十樓之2,33,1,1,1,有,186329,False,121.5252818,25.055720700000002
6358,110,臺北市中山區中山北路二段62巷35號五樓之1,3,1,1,1,有,281013,False,121.520934,25.056755
6428,110,臺北市中山區農安街204巷5號四樓之1,30,1,1,1,無,180426,False,121.53629919999999,25.0642593
28,110,合江街93巷23號,39,2,2,1,無,308189,False,121.54025239999999,25.059565499999994
30,110,新生北路三段88巷16號三樓,55,3,2,2,無,152621,False,121.5270292,25.0678108
31,110,復興北路514巷42號四樓,37,3,2,2,無,156704,False,121.54220249999999,25.0658572
85,110,吉林路433巷15號三樓,51,3,2,1,無,172251,False,121.5312193,25.0670274
136,110,新生北路二段36號十五樓,25,1,1,1,有,210631,False,121.5272993,25.054595
137,110,新生北路二段62巷16號八樓之3,5,3,2,1,有,276827,False,121.52680949999998,25.0560624
200,110,松江路562號四樓之13,25,1,1,1,有,159351,False,121.53276299999997,25.0679111
201,110,雙城街4巷2號五樓之6,27,2,1,1,有,203076,False,121.52413770000001,25.063263900000003
204,110,林森北路286號七樓之2,33,1,1,1,有,155680,False,121.5252818,25.055720700000002
255,110,松江路140巷6之2號,53,2,2,2,無,314841,False,121.53217909999998,25.053245699999998
262,110,民生東路二段127巷6號五樓之7,45,4,2,2,有,175559,False,121.5320325,25.0583695
339,110,中山北路二段72巷9號三樓之5,13,4,1,1,有,254952,False,121.5221806,25.057145199999997
357,110,長安東路一段101號七樓,28,2,2,1,有,217143,False,121.52899389999999,25.048346099999996
406,110,龍江路356巷23號二樓,43,5,2,1,無,151599,False,121.5399647,25.066124000000002
408,110,中山北路二段39巷14之1號三樓,38,0,0,0,有,192355,False,121.5239972,25.053873099999997
414,110,雙城街19巷5號三樓,48,4,2,2,無,158956,False,121.5246519,25.0654601
422,110,撫順街2號八樓之1、八樓之2,26,1,2,1,有,202724,False,121.52198999999997,25.063724899999997
425,110,北安路829號五樓,11,1,1,1,有,261194,False,121.5568223,25.0847588
475,110,南京東路二段108號十八樓之17,11,1,1,1,有,316111,False,121.53209,25.0517765
479,110,明水路397巷7弄46號四樓之2,29,1,2,1,有,281162,False,121.55033560000001,25.0779818
488,110,明水路589號三樓之1,23,3,1,1,有,235052,False,121.55151359999999,25.0807367
544,110,中山北路二段115巷38號,48,0,1,1,無,218734,False,121.52498290000001,25.0611304
597,110,錦州街449號四樓,44,5,3,3,無,201853,False,121.54324570000001,25.060311199999997
608,110,新生北路二段141巷5號二樓,54,4,1,2,無,186499,False,121.52819179999997,25.061723
609,110,天祥路80號五樓,17,1,1,1,有,295983,False,121.52043180000001,25.0639891
610,110,新生北路二段68巷13號四樓之1,13,1,1,1,有,205663,False,121.52620089999999,25.056578599999998
646,110,新生北路三段88巷6號三樓,55,2,1,1,無,143678,False,121.5272438,25.067860299999996
691,110,民生東路二段83號三樓之22,41,1,1,1,有,158184,False,121.530773,25.0581662
692,110,長安東路二段184號十二樓之1,38,1,1,1,有,274669,False,121.54135699999999,25.0482033
722,110,龍江路209巷23號二樓,51,4,1,2,無,178468,False,121.5416035,25.056596499999998
779,110,大直街12號三樓,50,1,1,1,無,227273,False,121.54627800000002,25.0811939
780,110,大直街14號三樓,50,1,2,1,無,227273,False,121.54628400000001,25.08124
783,110,錦州街442號三樓,52,3,2,1,無,210722,False,121.54306969999998,25.060085999999995
831,110,林森北路289號五樓之7,44,1,1,1,有,175520,False,121.5256821,25.0556128
833,110,復興北路448號七樓之10,13,2,1,1,有,274529,False,121.54399439999997,25.0641073
846,110,民生東路一段25號七樓之34,41,1,1,1,有,136232,False,121.52469009999999,25.0582852
848,110,民生東路一段72號九樓之6,40,1,1,1,有,143006,False,121.52655740000002,25.057924699999997
893,110,吉林路22巷23號七樓之2,44,3,2,2,有,180843,False,121.52867699999999,25.051141299999998
902,110,林森北路416巷1號二樓之6,45,1,0,1,有,146109,False,121.5248924,25.059956
956,110,長安東路一段53巷16號七樓,34,0,1,1,有,176621,False,121.52659680000001,25.049682999999998
961,110,錦州街50號五樓之26,37,1,1,1,有,145114,False,121.52629970000001,25.060152199999997
962,110,復興北路514巷62號七樓,34,2,1,2,有,215031,False,121.54142739999998,25.065868
969,110,雙城街12巷3號五樓之5,40,1,2,1,有,174309,False,121.5232641,25.0645736
972,110,中山北路三段55巷4號八樓之2,42,2,1,1,有,227451,False,121.52337999999997,25.0678652
1026,110,新生北路二段31之1號四樓之6,44,3,1,2,有,207094,False,121.52782739999999,25.0542013
1028,110,林森北路381號七樓之11,36,1,1,1,有,185240,False,121.52569999999999,25.058497499999994
1039,110,新生北路三段74號八樓之1,39,1,1,1,有,167983,False,121.52736510000001,25.066432899999995
1040,110,松江路330巷9號四樓,50,6,4,5,無,209318,False,121.5323267,25.061288299999998
1092,110,臺北市中山區龍江路367號二樓,35,3,2,1,有,214133,False,121.54106750000001,25.0644615
1095,110,農安街243號七樓,38,3,2,2,有,240748,False,121.5346807,25.064789899999997
1097,110,臺北市中山區北安路621巷6弄20號四樓,45,3,2,1,無,197971,False,121.54806830000001,25.0824911
1126,110,民生東路二段83號五樓之55,41,1,1,1,有,162950,False,121.530773,25.0581662
1220,110,臺北市中山區林森北路85巷11號二樓之5,34,0,0,0,有,143343,False,121.52552870000001,25.049717899999997
1226,110,臺北市中山區新生北路三段1號九樓之16,40,1,1,1,有,185034,False,121.52815469999999,25.062894499999995
1231,110,臺北市中山區龍江路1號七樓之2,16,2,2,1,有,272184,False,121.54053820000001,25.0470728
1290,110,臺北市中山區吉林路393巷29號四樓,42,3,2,2,無,166054,False,121.53152460000001,25.0657385
1336,110,臺北市中山區樂群二路218號九樓,21,3,2,2,有,177122,False,121.5600475,25.079667699999995
1340,110,臺北市中山區雙城街3巷2號十四樓之1,26,1,1,1,有,190265,False,121.5244886,25.063166099999997
1440,110,臺北市中山區新生北路三段87巷36號,54,2,1,1,無,173403,False,121.5291071,25.0672852
1441,110,臺北市中山區北安路458巷47弄14號二樓,38,3,2,2,有,231770,False,121.54557720000001,25.078115999999998
1478,110,臺北市中山區林森北路119巷80號十樓之3,33,4,2,2,有,185415,False,121.5277406,25.050112700000003
1479,110,臺北市中山區松江路133巷50號五樓,17,1,1,1,有,300702,False,121.5346448,25.0542673
1484,110,臺北市中山區長春路100號十一樓之11,46,1,1,1,有,161360,False,121.5279422,25.0547762
1499,110,臺北市中山區民權東路二段135巷33號七樓,38,3,2,2,有,154287,False,121.5351244,25.064330399999996
1541,110,臺北市中山區龍江路397巷42號五樓,43,3,2,2,無,163596,False,121.54335820000001,25.065458299999996
1622,110,臺北市中山區林森北路259巷9號五樓之9,37,1,0,1,有,167571,False,121.52637509999998,25.0544021
1673,110,臺北市中山區松江路85巷7號六樓,45,4,0,4,有,308416,False,121.5341131,25.050321099999998
1676,110,臺北市中山區林森北路85巷85號二樓,42,2,2,2,有,156842,False,121.52791230000001,25.0491779
1685,110,臺北市中山區民生東路二段83號七樓之47,41,1,1,1,有,144014,False,121.530773,25.0581662
1712,110,臺北市中山區農安街32號十樓之12、十樓之13,42,2,2,1,有,183824,False,121.5265071,25.0647943
1713,110,臺北市中山區錦州街30巷11號六樓之20,42,1,1,1,有,187701,False,121.52486169999999,25.0594888
1771,110,臺北市中山區南京東路二段108號六樓之3,11,1,1,1,有,286286,False,121.53209,25.0517765
1772,110,臺北市中山區錦州街30巷11號九樓之4,42,1,0,1,有,183086,False,121.52486169999999,25.0594888
1774,110,臺北市中山區新生北路三段43號七樓之9,43,1,1,1,有,189445,False,121.5280924,25.065402799999998
1803,110,臺北市中山區林森北路286號十二樓之2,33,1,1,1,有,170275,False,121.5252818,25.055720700000002
1806,110,臺北市中山區五常街11巷3號十二樓之1,2,2,1,2,有,289471,False,121.53791899999999,25.064588999999998
1897,110,臺北市中山區中山北路二段115巷38號三樓,48,0,1,1,無,156268,False,121.52498290000001,25.0611304
1898,110,臺北市中山區建國北路三段22巷17號五樓,29,1,1,1,有,142023,False,121.53552040000001,25.063877899999998
1899,110,臺北市中山區雙城街4巷2號五樓之12,27,1,0,1,有,197917,False,121.52413770000001,25.063263900000003
1944,110,臺北市中山區長春路28號六樓之7,11,2,1,1,有,233694,False,121.5248009,25.0547621
1947,110,臺北市中山區南京東路二段108號十八樓,11,1,1,1,有,313112,False,121.53209,25.0517765
1981,110,臺北市中山區長安東路二段67號九樓,40,0,1,1,有,221143,False,121.53403209999999,25.0485971
2028,110,臺北市中山區民權東路三段60巷17號七樓,41,4,2,2,有,241102,False,121.54257549999998,25.0605445
2053,110,臺北市中山區龍江路243巷22號,52,3,2,2,無,287055,False,121.5417521,25.058312
2057,110,臺北市中山區五常街57號四樓,44,3,2,1,無,194560,False,121.53978979999998,25.064425199999995
2058,110,臺北市中山區長安東路二段105號八樓之7,13,1,1,1,有,259924,False,121.53520789999999,25.0486066
2082,110,臺北市中山區龍江路209巷3號三樓,45,3,2,1,無,189000,False,121.5408594,25.056667099999995
2110,110,臺北市中山區合江街36巷34之1號二樓,44,2,2,1,無,210294,False,121.53809460000001,25.055388699999998
2120,110,臺北市中山區長安東路二段105號八樓之8,13,0,1,1,有,230935,False,121.53520789999999,25.0486066
2189,110,臺北市中山區農安街227巷3弄7號五樓,44,3,2,2,無,193306,False,121.5342645,25.0652466
2191,110,臺北市中山區林森北路308號六樓,11,1,1,1,有,214947,False,121.525367,25.056147
2254,110,臺北市中山區朱崙街67號三樓,49,3,2,2,無,227085,False,121.5423503,25.050064
2314,110,臺北市中山區民族東路108號三樓,47,4,2,1,無,145061,False,121.5274226,25.0682075
2350,110,臺北市中山區中山北路二段65巷19號三樓,54,2,1,1,無,196439,False,121.5242846,25.057160399999997
2351,110,臺北市中山區中山北路二段65巷19號四樓,54,2,1,1,無,178737,False,121.5242846,25.057160399999997
2400,110,臺北市中山區新生北路三段26號六樓之11,40,1,1,1,有,160428,False,121.5273713,25.063684499999997
2424,110,臺北市中山區松江路69巷8號六樓,42,4,2,3,有,225251,False,121.5338112,25.049243200000003
2426,110,臺北市中山區中原街34號二樓,47,4,2,2,無,191259,False,121.52878390000001,25.0573064
2430,110,臺北市中山區中山北路二段77巷17號三樓,12,1,1,1,有,238619,False,121.5238553,25.0575863
2434,110,臺北市中山區林森北路107巷43號三樓,29,1,1,1,有,155411,False,121.52643680000001,25.0501456
2466,110,臺北市中山區錦州街333號二樓之2,36,3,2,2,有,184038,False,121.5390505,25.0603309
2467,110,臺北市中山區錦州街21號七樓之2,39,1,1,1,有,152982,False,121.52508919999998,25.060448100000002
2515,110,臺北市中山區松江路132巷7號三樓,48,4,2,2,無,212628,False,121.5319742,25.053063100000003
2517,110,臺北市中山區大直街21巷9號五樓,37,5,3,3,無,211728,False,121.5471285,25.0817876
2552,110,臺北市中山區敬業三路162巷119號二樓,21,3,2,2,有,188255,False,121.55943560000001,25.0795035
2555,109,臺北市中山區中山北路二段118號八樓之1,1,2,1,1,有,278334,False,121.52275679999998,25.061022299999998
2558,110,臺北市中山區民權東路三段20號八樓之2,25,2,2,2,有,242497,False,121.54048619999998,25.0621273
2584,110,臺北市中山區龍江路412巷17號三樓,39,3,2,2,無,167674,False,121.54027760000001,25.067694
2585,110,臺北市中山區大直街94巷1弄29號四樓,33,4,2,2,無,177845,False,121.54883999999998,25.084747999999998
2588,110,臺北市中山區民生東路一段29號九樓,38,4,1,1,有,132271,False,121.5251264,25.0581828
2592,110,臺北市中山區撫順街31號六樓之4,45,1,1,1,有,197781,False,121.5200876,25.063556999999996
2595,110,臺北市中山區天祥路86巷6弄4號三樓,53,3,2,2,無,159134,False,121.5198836,25.063968499999998
2637,110,臺北市中山區農安街45號二樓之2,45,5,3,3,有,168841,False,121.5265509,25.0649835
2638,110,臺北市中山區長安東路二段230號十樓之9,36,1,1,1,有,224565,False,121.54284789999998,25.0480798
2672,110,臺北市中山區北安路458巷47弄16號三樓,38,3,2,2,有,235864,False,121.54557899999999,25.078111000000003
2711,110,臺北市中山區林森北路107巷86號,49,0,0,0,有,431121,False,121.52782909999999,25.049598999999997
2715,110,臺北市中山區復興北路514巷42之1號五樓,37,2,2,2,無,157600,False,121.54220249999999,25.0658572
2717,110,臺北市中山區龍江路394巷61號五樓,37,5,3,3,無,139276,False,121.53846300000001,25.06732
2737,110,臺北市中山區吉林路461巷8號二樓,50,3,2,2,無,131841,False,121.53107059999999,25.0676588
2740,110,臺北市中山區北安路621巷6弄18號三樓,45,1,2,1,無,188017,False,121.54805420000001,25.0824905
2784,110,臺北市中山區雙城街34號七樓之1,19,3,2,2,有,180627,False,121.5242017,25.066376399999996
2821,110,臺北市中山區錦州街8號七樓之2,38,0,0,0,有,156372,False,121.52365739999999,25.0602332
2824,110,臺北市中山區龍江路370巷18號五樓,43,3,2,2,無,145004,False,121.5401376,25.066303699999995
2851,110,臺北市中山區民族東路414號五樓,39,3,2,2,無,154766,False,121.53860159999999,25.0679937
2853,110,臺北市中山區農安街77巷9弄3號四樓,52,6,0,6,無,224022,False,121.5286467,25.066330300000004
2857,110,臺北市中山區明水路397巷7弄8號五樓之2,26,1,1,1,有,277488,False,121.54820699999998,25.077872
2892,110,臺北市中山區北安路621巷3號二樓,40,1,1,1,有,240616,False,121.54871179999999,25.0830002
2893,110,臺北市中山區新生北路三段82巷15號五樓,38,4,2,2,無,147097,False,121.526988,25.067134
2897,110,臺北市中山區農安街204巷5號四樓之1,30,1,1,1,無,156125,False,121.53629919999999,25.0642593
2998,110,臺北市中山區松江路150巷6號,50,0,0,1,無,299647,False,121.5323279,25.0539306
2999,110,臺北市中山區中山北路二段39巷8號五樓,45,5,2,3,有,191485,False,121.5235636,25.053906700000002
3000,110,臺北市中山區明水路397巷7弄55號,31,4,2,2,有,318714,False,121.5506525,25.0783138
3001,110,臺北市中山區新生北路三段61號七樓之18,45,3,2,2,有,161807,False,121.52809810000001,25.0659966
3041,110,臺北市中山區新生北路二段133巷18號二樓之8,41,1,0,1,有,177147,False,121.52847039999999,25.0607564
3072,110,臺北市中山區敬業三路162巷194號六樓,21,3,2,2,有,189265,False,121.560156,25.079006
3077,110,臺北市中山區民生東路二段147巷5弄5號四樓,55,2,2,1,無,259868,False,121.53506399999999,25.059325299999998
3104,110,臺北市中山區錦州街50號十一樓之29,37,2,1,1,有,170128,False,121.52629970000001,25.060152199999997
3151,110,臺北市中山區新生北路一段108號五樓之1,44,2,1,1,有,210217,False,121.52827059999998,25.049629799999998
3152,110,臺北市中山區長春路220號十二樓,27,1,1,1,有,206061,False,121.537761,25.054565
3153,110,臺北市中山區林森北路282號四樓之13,47,2,2,1,有,137322,False,121.52532459999999,25.055644299999997
3159,110,臺北市中山區德惠街34號八樓之26,42,1,1,1,有,161568,False,121.526429,25.066584399999996
3197,110,臺北市中山區中山北路一段72號九樓之5,35,1,1,1,有,220716,False,121.5208361,25.0487863
3226,110,臺北市中山區錦州街50號十樓之19,37,2,1,1,有,165163,False,121.52629970000001,25.060152199999997
3260,110,臺北市中山區林森北路413號十一樓之8,37,2,1,1,有,119142,False,121.525773,25.059863999999997
3261,110,臺北市中山區新生北路一段110號四樓,33,1,1,1,有,164909,False,121.52801819999999,25.050147799999998
3316,110,臺北市中山區林森北路409號八樓之28,39,0,0,0,有,130847,False,121.525764,25.0594947
3348,110,臺北市中山區中原街22號六樓之30,44,0,0,0,有,164114,False,121.5287831,25.056780699999997
3349,110,臺北市中山區農安街227巷3弄1號四樓,38,3,2,2,有,177508,False,121.5340077,25.0652509
3353,110,臺北市中山區新生北路二段29號七樓,37,3,2,2,有,175732,False,121.5278252,25.053854299999994
3370,110,臺北市中山區林森北路85巷56號六樓之1,48,3,2,2,有,162809,False,121.52691030000001,25.0492721
3405,110,臺北市中山區林森北路50號八樓之3,43,2,1,1,有,178125,False,121.5242353,25.048497399999995
3469,110,臺北市中山區農安街259號五樓,38,3,0,2,有,188094,False,121.5354686,25.0647534
3470,110,臺北市中山區林森北路409號九樓之23,39,1,1,1,有,136081,False,121.525764,25.0594947
3488,110,臺北市中山區林森北路289號八樓之6,44,2,1,1,有,196305,False,121.5256821,25.0556128
3565,110,臺北市中山區新生北路二段40號十四樓之8,25,1,0,1,有,169683,False,121.52721799999999,25.054613600000003
3568,110,臺北市中山區雙城街3巷2號八樓之3,26,1,0,1,有,181417,False,121.5244886,25.063166099999997
3600,110,臺北市中山區林森北路67巷132號五樓,44,5,2,3,有,173291,False,121.5285141,25.047707
3601,110,臺北市中山區林森北路67巷132號地下,44,0,0,1,有,48650,False,121.5285141,25.047707
3645,110,臺北市中山區錦州街157巷29號四樓,49,5,0,5,無,170999,False,121.5297841,25.061799
3691,110,臺北市中山區新生北路二段127巷46號二樓,54,4,1,2,無,149815,False,121.5298227,25.0597143
3732,110,臺北市中山區錦州街426巷1之1號三樓,45,3,1,1,無,205907,False,121.54246289999999,25.060047299999997
3789,110,臺北市中山區新生北路二段74號六樓之6,49,1,0,1,有,123732,False,121.52789209999997,25.0586572
3835,110,臺北市中山區吉林路369號三樓之6,42,1,0,1,有,169365,False,121.53049209999998,25.0649891
3843,110,臺北市中山區松江路156巷11號四樓,49,4,2,2,無,199754,False,121.5319261,25.054533499999998
3867,110,臺北市中山區民權東路二段135巷20弄15號,42,2,2,2,有,182509,False,121.5342897,25.0639742
3910,110,臺北市中山區天祥路16巷5號二樓,50,1,1,1,無,132238,False,121.52064000000001,25.061256699999998
3928,110,臺北市中山區合江街116巷24號,46,3,2,2,無,216898,False,121.5380359,25.059086299999997
3964,110,臺北市中山區中山北路二段59巷45號十六樓之1,22,1,1,1,有,235882,False,121.5245789,25.0560233
3965,110,臺北市中山區民生東路二段83號二樓之20,41,1,1,1,有,151288,False,121.530773,25.0581662
3966,110,臺北市中山區錦州街50號五樓之23,37,1,0,1,有,125766,False,121.52629970000001,25.060152199999997
3992,110,臺北市中山區農安街227巷3弄12號五樓,44,3,2,2,無,155716,False,121.5344918,25.065032900000002
4019,110,臺北市中山區松江路508之1號五樓,37,1,1,2,有,201923,False,121.533019,25.065798
4020,110,臺北市中山區南京東路一段132巷31號五樓之2,36,1,1,1,有,134585,False,121.5270535,25.050522700000002
4022,110,臺北市中山區新生北路三段56巷10號六樓之6,40,1,1,1,有,143132,False,121.5271088,25.0652835
4047,110,臺北市中山區林森北路289號六樓之8,44,2,1,1,有,196305,False,121.5256821,25.0556128
4055,110,臺北市中山區五常街11巷5號十七樓之2,2,0,0,0,有,247260,False,121.53791399999999,25.064653
4081,110,臺北市中山區新生北路二段68巷8號六樓之13,5,2,2,1,有,277956,False,121.5268045,25.0566792
4090,110,臺北市中山區建國北路一段78巷34號四樓,51,3,2,1,無,176855,False,121.5351353,25.049214900000003
4092,110,臺北市中山區農安街257號五樓,38,2,2,2,有,192308,False,121.53542239999997,25.0647833
4093,110,臺北市中山區新生北路三段11巷18號,55,7,3,3,無,188542,False,121.52841009999999,25.063523300000004
4094,110,臺北市中山區新生北路三段11巷18號,55,7,3,3,無,188542,False,121.52841009999999,25.063523300000004
4127,110,臺北市中山區復興南路一段30巷7號三樓,54,3,2,1,無,213675,False,121.54331699999999,25.046411000000003
4129,110,臺北市中山區新生北路二段73號五樓之1,42,1,1,1,有,182139,False,121.52793570000001,25.0567173
4156,110,臺北市中山區合江街105巷10號一樓,41,4,2,2,無,284566,False,121.53976139999999,25.059739599999997
4184,110,臺北市中山區林森北路409號十一樓之22,39,1,1,1,有,164096,False,121.525764,25.0594947
4190,110,臺北市中山區合江街170巷9號二樓,39,4,1,2,無,150327,False,121.53849909999998,25.060803299999996
4250,110,臺北市中山區四平街56號四樓之3,13,2,1,1,有,318016,False,121.53348349999999,25.053572499999998
4277,110,臺北市中山區林森北路483號六樓之5,18,0,0,0,有,203892,False,121.5260656,25.061126599999998
4283,110,臺北市中山區龍江路370巷48號二樓之2,40,2,2,1,無,148833,False,121.538033,25.066342
4313,110,臺北市中山區新生北路三段1號三樓之15,40,1,1,1,有,163265,False,121.52815469999999,25.062894499999995
4317,110,臺北市中山區吉林路299巷9號四樓,36,3,2,2,無,203117,False,121.53081839999999,25.0631924
4349,110,臺北市中山區長春路378號十六樓之1,25,3,2,2,有,215300,False,121.54312900000001,25.054397999999996
4356,110,臺北市中山區合江街55巷23號三樓,40,3,2,2,無,198955,False,121.5400794,25.057045799999997
4360,110,臺北市中山區林森北路107巷86之1號,49,0,0,0,有,452277,False,121.52782909999999,25.049598999999997
4398,110,臺北市中山區大直街94巷1弄25號四樓,33,3,2,2,無,195318,False,121.54867199999998,25.084749
4399,110,臺北市中山區新生北路二段38號九樓之7,25,2,2,1,有,214100,False,121.52726879999999,25.054595099999997
4438,110,臺北市中山區新生北路二段73號七樓之20,42,1,1,1,有,165317,False,121.52793570000001,25.0567173
4474,110,臺北市中山區林森北路657號三樓之3,17,1,1,1,有,189173,False,121.52595319999999,25.0677485
4478,110,臺北市中山區中原街118號三樓,55,7,0,7,無,174134,False,121.5288185,25.061733800000003
4517,110,臺北市中山區德惠街34號十一樓之4,42,1,1,1,有,186760,False,121.526429,25.066584399999996
4525,110,臺北市中山區中山北路一段53巷8號十一樓之1,13,1,1,1,有,249610,False,121.5221491,25.0491302
4564,110,臺北市中山區松江路562號二樓之14,25,1,1,1,有,151674,False,121.53276299999997,25.0679111
4604,110,臺北市中山區龍江路383號五樓,37,3,2,2,無,145221,False,121.54110499999999,25.0649661
4606,110,臺北市中山區民權東路二段92巷1弄9號之1,29,3,2,1,有,252091,False,121.5321012,25.061612099999998
4609,110,臺北市中山區錦州街426巷1弄23號二樓,40,5,0,5,無,189653,False,121.5434871,25.0598632
4655,110,臺北市中山區民權東路三段84號六樓,35,4,2,2,有,215078,False,121.54350049999998,25.062128599999998
4659,110,臺北市中山區林森北路479號三樓之5,18,0,0,0,有,186062,False,121.5257577,25.061188400000002
4701,110,臺北市中山區林森北路416巷3號三樓之8,47,1,1,1,有,137853,False,121.5257281,25.0597714
4705,110,臺北市中山區德惠街45號六樓之7,42,1,1,1,有,151349,False,121.52699659999999,25.066763599999994
4706,110,臺北市中山區民生東路二段119號六樓,45,2,1,2,有,197376,False,121.5317927,25.0581196
4751,110,臺北市中山區龍江路410號二樓,43,2,2,1,無,171385,False,121.54088399999998,25.067519999999995
4752,110,臺北市中山區民生東路二段83號五樓之37,41,1,1,1,有,166738,False,121.530773,25.0581662
4753,110,臺北市中山區民生東路一段25號十一樓之6,41,0,0,0,有,150692,False,121.52469009999999,25.0582852
4863,110,臺北市中山區敬業三路162巷3號十樓,21,3,2,2,有,185292,False,121.5571997,25.0791388
4870,110,臺北市中山區新生北路二段36號十七樓之2,25,1,2,1,有,199447,False,121.5272993,25.054595
4873,110,臺北市中山區天祥路16巷15號三樓之2,51,1,1,1,有,187861,False,121.52103299999999,25.0613341
4874,110,臺北市中山區天祥路16巷15號三樓之3,51,1,1,1,有,193487,False,121.52103299999999,25.0613341
4877,110,臺北市中山區建國北路三段141號七樓,33,1,1,1,有,215827,False,121.53503939999999,25.0672131
4878,110,臺北市中山區松江路164巷63號三樓之1,6,2,1,1,有,263118,False,121.5306108,25.055767400000004
4909,110,臺北市中山區復興北路50號十二樓之1,40,2,2,1,有,239492,False,121.54371229999998,25.0497519
4914,110,臺北市中山區民生東路一段72號九樓之6,40,1,1,1,有,184607,False,121.52655740000002,25.057924699999997
4922,110,臺北市中山區中山北路二段183巷32號六樓,35,3,2,2,有,201419,False,121.52430439999999,25.0636708
4923,110,臺北市中山區北安路621巷6弄16號五樓,36,4,2,2,無,164362,False,121.54796839999999,25.082488400000003
4968,110,臺北市中山區新生北路二段73號四樓之7,42,1,0,1,有,196152,False,121.52793570000001,25.0567173
4974,110,臺北市中山區新生北路三段46號十樓之4,40,1,1,1,有,212069,False,121.5273211,25.0642193
4975,110,臺北市中山區長安東路一段20號三樓之5、三樓之6,14,2,2,1,有,215913,False,121.52385699999998,25.0490601
5015,110,臺北市中山區農安街34號五樓之18,42,0,0,0,有,170648,False,121.52686329999997,25.064770099999997
5018,110,臺北市中山區新生北路三段11巷44號四樓,37,5,3,2,無,199047,False,121.52914899999999,25.063520699999998
5023,110,臺北市中山區中山北路二段115巷3弄17號三樓,47,2,2,1,無,172592,False,121.5240004,25.061281499999996
5060,110,臺北市中山區林森北路409號十二樓之13,39,1,1,1,有,136373,False,121.525764,25.0594947
5105,110,臺北市中山區復興南路一段44號八樓,40,0,2,2,有,257946,False,121.5436362,25.0452637
5141,110,臺北市中山區龍江路397巷13號二樓,34,3,2,2,有,230816,False,121.54186209999997,25.065665199999994
5142,110,臺北市中山區建國北路三段66號七樓,35,3,2,2,有,185393,False,121.53599369999999,25.065428299999994
5143,110,臺北市中山區林森北路413號五樓之17,37,0,0,0,有,113469,False,121.525773,25.059863999999997
5148,110,臺北市中山區新生北路二段51號十一樓,12,4,2,2,有,226913,False,121.52784210000002,25.0559621
5185,110,臺北市中山區安東街16巷18弄2號四樓,51,5,1,2,無,212376,False,121.54072280000001,25.045225700000003
5186,110,臺北市中山區龍江路384巷16號五樓,41,3,2,2,無,168514,False,121.54002790000001,25.0667191
5194,110,臺北市中山區民權東路三段46號九樓之1,37,2,2,2,有,212197,False,121.54163669999998,25.062158600000004
5233,110,臺北市中山區大直街57巷9之1號二樓,35,4,0,4,無,216459,False,121.54699799999999,25.083454
5236,110,臺北市中山區中山北路一段53巷26號五樓之5,13,1,1,1,有,241322,False,121.52356429999999,25.0488338
5242,110,臺北市中山區民生西路45巷7弄8號二樓,46,2,2,1,無,201410,False,121.521114,25.058658899999998
5243,110,臺北市中山區民生西路45巷7弄8號三樓,46,2,2,1,無,201410,False,121.521114,25.058658899999998
5250,110,臺北市中山區建國北路二段35號六樓之8,33,1,2,1,有,259086,False,121.5373251,25.0552747
5289,110,臺北市中山區民生東路二段147巷11弄16號三樓,49,3,2,2,無,200843,False,121.53557459999999,25.0598427
5290,110,臺北市中山區民生東路二段119號三樓之1,45,2,1,1,有,229709,False,121.5317927,25.0581196
5298,110,臺北市中山區中山北路二段77巷17號七樓之1,12,3,2,1,有,248399,False,121.5238553,25.0575863
5302,110,臺北市中山區中山北路二段84巷43號四樓,45,6,0,6,無,191287,False,121.521017,25.057335000000002
5349,110,臺北市中山區林森北路416巷1號四樓之4,45,0,0,0,有,149925,False,121.5248924,25.059956
5355,110,臺北市中山區中山北路一段53巷20號四樓之2,44,1,1,1,有,134807,False,121.52283489999999,25.048973399999998
5403,110,臺北市中山區林森北路657號四樓之1,17,1,1,1,有,201366,False,121.52595319999999,25.0677485
5408,110,臺北市中山區民權東路三段56號八樓之1,37,2,1,1,有,253357,False,121.54202599999999,25.061977
5450,110,臺北市中山區林森北路483號三樓之9,18,1,1,1,有,197951,False,121.5260656,25.061126599999998
5454,110,臺北市中山區松江路170巷6號三樓,54,3,2,1,無,212488,False,121.5325229,25.055864900000003
5455,110,臺北市中山區林森北路259巷9號七樓之19,37,1,1,1,有,177506,False,121.52637509999998,25.0544021
5458,110,臺北市中山區林森北路107巷87號五樓之1,40,3,1,3,無,165769,False,121.5279374,25.0497983
5463,110,臺北市中山區復興北路516號五樓之2,38,2,2,2,有,214313,False,121.54411929999999,25.0660785
5515,110,臺北市中山區民權東路二段9號十二樓之2,42,3,2,1,有,201317,False,121.5285046,25.0629159
5516,110,臺北市中山區吉林路298號二樓,47,6,0,6,有,188540,False,121.5301464,25.061320700000003
