,交易年份,土地位置建物門牌,鄉鎮市區,屋齡,交易標的,交易年月日,建築完成年月,建物型態,建物現況格局-房,建物現況格局-廳,建物現況格局-衛,車位類別,電梯,單價元平方公尺,修正地址,floor,lon,lat
0,107,新北市土城區金城路三段73巷4弄12號二樓,土城區,37.0,房地(土地+建物),1071021,0701223,公寓(5樓含以下無電梯),4,2,2,,無,99768,False,2,121.46667400000001,24.9879119
1,107,新北市土城區學府路一段95號十三樓,土城區,23.0,房地(土地+建物)+車位,1071010,0840311,住宅大樓(11層含以上有電梯),3,2,2,坡道平面,有,79765,False,13,121.4563699,24.987893800000002
2,107,新北市土城區青雲路281巷3號5樓,土城區,35.0,房地(土地+建物),1070927,0720520,公寓(5樓含以下無電梯),3,2,1,,無,77266,False,5,121.459466,24.980165899999996
3,107,新北市板橋區南雅西路二段172之2號,板橋區,41.0,房地(土地+建物),1070930,0661014,公寓(5樓含以下無電梯),3,2,2,,無,92510,False,1,121.451691,25.0138709
4,107,新北市板橋區民生路一段29號二十五樓,板橋區,24.0,房地(土地+建物),1071020,0831202,住宅大樓(11層含以上有電梯),3,2,2,,有,112063,False,25,121.47717999999999,25.011426900000004
5,107,新北市板橋區縣民大道三段252之2號11樓,板橋區,19.0,房地(土地+建物),1071005,0880117,住宅大樓(11層含以上有電梯),2,2,2,,有,126213,False,11,121.47774499999998,25.022737000000003
6,107,新北市板橋區南雅西路二段301巷42號,板橋區,39.0,房地(土地+建物),1070915,0681031,公寓(5樓含以下無電梯),3,2,2,,無,146122,False,1,121.4521125,25.016901200000003
7,107,新北市板橋區金門街31巷12號十一樓,板橋區,20.0,房地(土地+建物),1071013,0871120,住宅大樓(11層含以上有電梯),2,2,1,,有,85882,False,11,121.43354699999999,24.993748
8,107,新北市板橋區光環路二段8之3號8樓,板橋區,5.0,房地(土地+建物)+車位,1071014,1021226,住宅大樓(11層含以上有電梯),4,2,2,坡道平面,有,136052,False,8,121.48232729999998,25.014363899999996
9,107,新北市板橋區民生路一段95號三樓,板橋區,8.0,房地(土地+建物),1071016,0990831,住宅大樓(11層含以上有電梯),2,2,1,,有,134243,False,3,121.4743135,25.014045499999998
10,107,新北市板橋區華東街268號十八樓,板橋區,4.0,房地(土地+建物)+車位,1071023,1031003,住宅大樓(11層含以上有電梯),3,2,1,升降機械,有,127317,False,18,121.4528109,25.0013758
11,107,新北市新莊區後港二路40巷12號三樓,新莊區,30.0,房地(土地+建物),1071008,0770307,公寓(5樓含以下無電梯),3,1,2,,無,73257,False,3,121.4210993,25.021844299999998
12,107,新北市新莊區中平路270巷7弄11號12樓之1,新莊區,21.0,房地(土地+建物)+車位,1071013,0860718,住宅大樓(11層含以上有電梯),3,2,2,坡道平面,有,75249,False,12,121.4452161,25.050844599999998
13,107,新北市新莊區中華路一段136巷26號6樓之3,新莊區,19.0,房地(土地+建物),1071002,0880203,套房(1房1廳1衛),1,0,1,,無,103245,False,6,121.45358119999999,25.0411511
14,107,新北市新莊區中和街155巷24弄13號三樓,新莊區,25.0,房地(土地+建物),1070924,0820528,住宅大樓(11層含以上有電梯),2,1,1,,有,79543,False,3,121.44631709999999,25.050179900000003
15,107,新北市林口區公園路133之1號二樓,林口區,21.0,房地(土地+建物)+車位,1071016,0861126,住宅大樓(11層含以上有電梯),4,2,2,坡道平面,有,50955,False,2,121.3693789,25.0705226
16,107,新北市林口區文化二路一段20巷25弄55號二樓,林口區,14.0,房地(土地+建物)+車位,1071010,0930520,華廈(10層含以下有電梯),4,2,2,坡道平面,有,69847,False,2,121.3662223,25.0674796
17,107,新北市泰山區明志路一段179號四樓,泰山區,36.0,房地(土地+建物),1071013,0710218,公寓(5樓含以下無電梯),3,2,1,,無,54446,False,4,121.43307679999998,25.062074100000004
18,107,新北市林口區中正路264巷35號四樓,林口區,39.0,房地(土地+建物),1071024,0681224,公寓(5樓含以下無電梯),2,1,1,,無,43279,False,4,121.3881768,25.078420299999998
19,107,新北市新店區吉祥街2巷12號1樓,新店區,22.0,房地(土地+建物)+車位,1071006,0850123,華廈(10層含以下有電梯),4,2,3,坡道平面,有,58470,False,1,121.4968954,24.947631800000003
20,107,新北市深坑區文化街39巷31號13樓,深坑區,24.0,房地(土地+建物),1071015,0831104,住宅大樓(11層含以上有電梯),3,2,2,,有,87153,False,13,121.6190561,25.0004238
21,107,新北市新店區中央七街85號二樓,新店區,4.0,房地(土地+建物)+車位,1070808,1031230,華廈(10層含以下有電梯),3,2,2,塔式車位,有,153423,False,2,121.52686969999999,24.977145699999998
22,107,新北市新店區安祥路106巷244號四樓,新店區,20.0,房地(土地+建物),1071018,0870608,公寓(5樓含以下無電梯),2,1,1,,無,46460,False,4,121.47287809999997,24.9589967
23,107,新北市新店區寶橋路78巷20號四樓,新店區,5.0,房地(土地+建物),1071030,1020829,住宅大樓(11層含以上有電梯),3,2,2,,有,153433,False,4,121.547003,24.974226799999997
24,107,新北市新店區北宜路二段355－2號十樓,新店區,16.0,房地(土地+建物),1071020,0910422,住宅大樓(11層含以上有電梯),3,2,2,,有,82186,False,10,121.55507419999998,24.95328285
25,107,新北市新店區北宜路二段421巷2弄25號五樓,新店區,5.0,房地(土地+建物)+車位,1071017,1021108,華廈(10層含以下有電梯),4,2,2,坡道平面,有,78974,False,5,121.56096439999999,24.955653299999994
26,107,新北市新店區北宜路二段421巷2弄71號三樓,新店區,5.0,房地(土地+建物)+車位,1070921,1021108,華廈(10層含以下有電梯),3,2,2,坡道平面,有,78619,False,3,121.56081449999999,24.9557167
27,107,新北市汐止區忠三街16巷2號3樓,汐止區,28.0,房地(土地+建物)+車位,1070926,0790915,公寓(5樓含以下無電梯),6,3,4,坡道平面,無,61427,False,3,121.62654690000001,25.0781936
28,107,新北市汐止區福德一路141巷12號四樓,汐止區,23.0,房地(土地+建物),1071013,0840422,華廈(10層含以下有電梯),3,2,2,,有,80342,False,4,121.6370147,25.0666928
29,107,新北市汐止區湖前街77巷1號4樓,汐止區,24.0,房地(土地+建物)+車位,1071029,0831024,住宅大樓(11層含以上有電梯),3,2,2,坡道平面,有,79469,False,4,121.63160500000001,25.070401999999994
30,107,新北市萬里區孝五街4號4樓,萬里區,39.0,房地(土地+建物),1070926,0681122,公寓(5樓含以下無電梯),3,2,1,,無,14939,False,4,121.68354749999999,25.176190800000004
31,107,新北市汐止區水源路一段291巷10號,汐止區,37.0,房地(土地+建物),1070928,0701230,公寓(5樓含以下無電梯),3,2,2,,無,78231,False,1,121.65535169999998,25.058273300000003
32,107,新北市淡水區紅樹林路157號二十樓,淡水區,1.0,房地(土地+建物)+車位,1071024,1060118,住宅大樓(11層含以上有電梯),2,1,1,坡道機械,有,101612,False,20,121.46100750000001,25.157567099999998
33,107,新北市淡水區北新路183號八樓,淡水區,23.0,房地(土地+建物),1071028,0840728,住宅大樓(11層含以上有電梯),1,1,1,,有,71770,False,8,121.4507922,25.1797227
34,107,新北市淡水區民族路226號2樓,淡水區,10.0,房地(土地+建物),1071021,0971016,華廈(10層含以下有電梯),2,2,1,,有,90179,False,2,121.46215179999999,25.133348299999998
37,107,新北市淡水區新市五路三段348號十八樓,淡水區,1.0,房地(土地+建物)+車位,1070921,1061229,住宅大樓(11層含以上有電梯),2,1,1,坡道平面,有,68589,False,18,121.4358456,25.198160899999994
38,107,新北市三芝區北勢子4之13號,三芝區,38.0,房地(土地+建物),1071026,0690816,透天厝,4,3,3,,無,36619,False,1,121.4756335,25.255909799999998
39,107,新北市淡水區水源街二段177巷114號三樓,淡水區,22.0,房地(土地+建物),1071015,0851202,住宅大樓(11層含以上有電梯),3,1,1,,有,48946,False,3,121.4513997,25.177400400000003
40,107,新北市淡水區學府路136巷63號八樓之8,淡水區,11.0,房地(土地+建物),1071013,0961002,住宅大樓(11層含以上有電梯),1,1,1,,有,72674,False,8,121.45334,25.1733253
41,107,新北市淡水區水源街二段92巷18號三樓,淡水區,38.0,房地(土地+建物),1071009,0690424,公寓(5樓含以下無電梯),4,0,4,,無,58140,False,3,121.45210089999999,25.173461999999997
42,107,新北市淡水區坪頂路145號六樓,淡水區,1.0,房地(土地+建物),1070916,1060830,華廈(10層含以下有電梯),4,1,2,,有,57766,False,6,121.46677759999999,25.161753099999995
43,107,新北市淡水區新市二路二段26號八樓,淡水區,0.0,房地(土地+建物)+車位,1070917,1070227,住宅大樓(11層含以上有電梯),2,1,2,坡道平面,有,54685,False,8,121.42694060000001,25.1955591
44,107,新北市淡水區新市二路二段36之1號十一樓,淡水區,0.0,房地(土地+建物)+車位,1071030,1070227,住宅大樓(11層含以上有電梯),3,2,2,坡道平面,有,53580,False,11,121.42762580000002,25.1953863
45,107,新北市淡水區新市二路二段46號十一樓,淡水區,0.0,房地(土地+建物)+車位,1071009,1070227,住宅大樓(11層含以上有電梯),2,1,1,坡道平面,有,53940,False,11,121.42683679999999,25.1955489
46,107,新北市淡水區自立路46之1號七樓,淡水區,1.0,房地(土地+建物)+車位,1071005,1060811,華廈(10層含以下有電梯),3,1,2,升降平面,有,130623,False,7,121.46436479999998,25.1269555
47,107,新北市淡水區自立路46之1號六樓,淡水區,1.0,房地(土地+建物)+車位,1071005,1060811,華廈(10層含以下有電梯),3,1,2,升降機械,有,126133,False,6,121.46436479999998,25.1269555
48,107,新北市淡水區自立路46號九樓,淡水區,1.0,房地(土地+建物)+車位,1071005,1060811,華廈(10層含以下有電梯),4,1,2,升降平面,有,139147,False,9,121.46436479999998,25.1269555
49,107,新北市淡水區沙崙路126號八樓,淡水區,23.0,房地(土地+建物),1071016,0840503,住宅大樓(11層含以上有電梯),3,2,2,,有,58307,False,8,121.4234421,25.182862699999994
50,107,新北市淡水區淡海路92號二樓,淡水區,1.0,房地(土地+建物)+車位,1071006,1060710,華廈(10層含以下有電梯),2,2,1,升降平面,有,68812,False,2,121.42304809999999,25.1820745
51,107,新北市三芝區淡金路二段87巷2號十樓之11,三芝區,20.0,房地(土地+建物),1071029,0870304,住宅大樓(11層含以上有電梯),1,0,1,,有,34219,False,10,121.50222169999999,25.2589139
52,107,新北市八里區中華路二段502號三樓之1,八里區,25.0,房地(土地+建物)+車位,1071013,0821116,住宅大樓(11層含以上有電梯),3,2,2,坡道平面,有,43977,False,3,121.39968379999998,25.1454979
53,107,新北市八里區中華路二段460號二樓,八里區,20.0,房地(土地+建物)+車位,1071003,0871014,住宅大樓(11層含以上有電梯),3,2,2,坡道機械,有,36517,False,2,121.4009794,25.146331399999998
54,107,新北市淡水區淡金路二段507之8號七樓,淡水區,6.0,房地(土地+建物)+車位,1071018,1010531,住宅大樓(11層含以上有電梯),3,2,2,坡道平面,有,57589,False,7,121.4465776,25.1898629
55,107,新北市淡水區新市二路一段92號十一樓,淡水區,1.0,房地(土地+建物)+車位,1070811,1061128,住宅大樓(11層含以上有電梯),0,0,0,坡道平面,有,61917,False,11,121.4254314,25.1962843
57,107,新北市淡水區新市二路一段80號八樓,淡水區,1.0,房地(土地+建物)+車位,1070829,1061128,住宅大樓(11層含以上有電梯),0,0,0,坡道平面,有,58748,False,8,121.42496089999997,25.196461599999996
58,107,新北市淡水區新市二路一段82號八樓,淡水區,1.0,房地(土地+建物)+車位,1070829,1061128,住宅大樓(11層含以上有電梯),0,0,0,坡道平面,有,61145,False,8,121.42496089999997,25.196461599999996
59,107,新北市淡水區新市二路一段76號八樓,淡水區,1.0,房地(土地+建物)+車位,1070926,1061128,住宅大樓(11層含以上有電梯),0,0,0,坡道平面,有,61755,False,8,121.42494279999998,25.196422300000002
60,107,新北市淡水區新市二路一段120號十五樓,淡水區,1.0,房地(土地+建物)+車位,1070828,1061128,住宅大樓(11層含以上有電梯),2,1,1,坡道平面,有,63028,False,15,121.42550879999999,25.196255199999996
61,107,新北市淡水區新市二路一段116號五樓,淡水區,1.0,房地(土地+建物)+車位,1071013,1061128,住宅大樓(11層含以上有電梯),0,0,0,坡道平面,有,57398,False,5,121.42550879999999,25.196255100000002
62,107,新北市淡水區淡海路 90號六樓,淡水區,1.0,房地(土地+建物)+車位,1071007,1060710,華廈(10層含以下有電梯),3,2,2,升降平面,有,66467,False,6,121.42305929999998,25.182002999999998
63,107,新北市蘆洲區永康街39號三樓,蘆洲區,24.0,房地(土地+建物)+車位,1071018,0830701,華廈(10層含以下有電梯),3,2,2,升降平面,有,81019,False,3,121.45727959999999,25.085105
64,107,新北市三重區車路頭街117巷24號五樓,三重區,25.0,房地(土地+建物),1071004,0820311,公寓(5樓含以下無電梯),3,2,2,,無,97930,False,5,121.48486679999999,25.075638599999998
65,107,新北市三重區大仁街88號四樓,三重區,40.0,房地(土地+建物),1071016,0670111,公寓(5樓含以下無電梯),3,1,1,,無,107595,False,4,121.49282210000001,25.0654602
66,107,新北市三重區仁政街201巷5號五樓,三重區,3.0,房地(土地+建物),1071012,1040430,住宅大樓(11層含以上有電梯),2,1,1,,有,126071,False,5,121.49071199999999,25.080379999999998
67,107,新北市三重區重陽路三段27巷2弄16號,三重區,54.0,房地(土地+建物),1071002,0531020,透天厝,2,2,2,,無,153702,False,1,121.489902,25.066938999999998
68,107,新北市蘆洲區長安街267巷24弄8號,蘆洲區,27.0,房地(土地+建物),1071009,0800205,華廈(10層含以下有電梯),2,2,2,,有,115884,False,1,121.4575579,25.0836712
69,107,新北市三重區中正北路174之9號三樓,三重區,25.0,房地(土地+建物)+車位,1070915,0820902,華廈(10層含以下有電梯),3,2,2,坡道平面,有,92553,False,3,121.483367,25.066701
70,107,新北市永和區秀朗路二段24巷6弄9號二樓,永和區,29.0,房地(土地+建物),1071008,0780104,華廈(10層含以下有電梯),2,2,1,,有,140673,False,2,121.520502,25.002742
71,107,新北市永和區永元路95巷16號十樓,永和區,12.0,房地(土地+建物)+車位,1071007,0950103,住宅大樓(11層含以上有電梯),3,2,2,坡道機械,有,127208,False,10,121.52212449999999,25.0019549
72,107,新北市中和區圓通路305巷18號8樓之1,中和區,20.0,房地(土地+建物)+車位,1071007,0871003,華廈(10層含以下有電梯),3,2,2,坡道機械,有,90157,False,8,121.49492740000001,24.9891412
73,107,新北市中和區員山路150之30號五樓,中和區,37.0,房地(土地+建物),1071005,0701218,公寓(5樓含以下無電梯),6,0,1,,無,96380,False,5,121.48141639999999,24.998060499999994
74,107,新北市中和區圓通路417之27號七樓,中和區,20.0,房地(土地+建物),1071002,0870702,華廈(10層含以下有電梯),2,1,1,,有,128761,False,7,121.48924049999998,24.988917900000004
75,107,新北市中和區莊敬路49巷29弄14之3號,中和區,34.0,房地(土地+建物),1071014,0730820,公寓(5樓含以下無電梯),3,2,1,,無,97050,False,1,121.50129609999998,25.0068022
76,107,新北市永和區雙和街16巷2號四樓,永和區,45.0,房地(土地+建物),1071008,0620110,公寓(5樓含以下無電梯),3,2,1,,無,142256,False,4,121.50971009999999,25.002094000000003
77,107,新北市三峽區中正路一段286號十四樓之二,三峽區,26.0,房地(土地+建物),1071025,0811109,住宅大樓(11層含以上有電梯),2,2,1,,有,51608,False,14,121.371427,24.9261689
78,107,新北市樹林區保安二街84巷2號七樓之1,樹林區,23.0,房地(土地+建物),1071001,0840110,華廈(10層含以下有電梯),5,2,4,,有,85711,False,7,121.42354230000001,24.9955954
79,107,新北市樹林區樹新路219巷12號五樓,樹林區,35.0,房地(土地+建物),1070928,0720124,公寓(5樓含以下無電梯),4,2,1,,無,66337,False,5,121.43055319999999,25.000767099999997
80,107,新北市三峽區大智路23號四樓,三峽區,12.0,房地(土地+建物)+車位,1071014,0950123,住宅大樓(11層含以上有電梯),3,2,2,坡道平面,有,60560,False,4,121.3611019,24.9373369
81,107,新北市板橋區縣民大道三段105號8樓之3,板橋區,7.0,房地(土地+建物)+車位,1070908,1001121,華廈(10層含以下有電梯),2,1,2,坡道機械,有,140310,False,8,121.47639879999998,25.0225249
82,107,新北市板橋區雨農路62號14樓,板橋區,21.0,房地(土地+建物),1071014,0860911,住宅大樓(11層含以上有電梯),3,2,2,,有,126416,False,14,121.46056800000001,25.024129
83,107,新北市泰山區仁德路98號6樓,泰山區,16.0,房地(土地+建物),1070905,0911213,華廈(10層含以下有電梯),2,2,1,,有,102834,False,6,121.4331495,25.0563652
84,107,新北市新莊區中港路549號6樓,新莊區,22.0,房地(土地+建物)+車位,1071007,0850205,華廈(10層含以下有電梯),3,2,2,坡道平面,有,97882,False,6,121.45130809999998,25.051954
85,107,新北市新莊區中和街191巷39號5樓,新莊區,20.0,房地(土地+建物)+車位,1071013,0870724,華廈(10層含以下有電梯),4,2,2,坡道平面,有,94880,False,5,121.44746590000001,25.051098399999997
86,107,新北市新店區新坡一街81號3樓,新店區,21.0,房地(土地+建物),1070910,0860516,住宅大樓(11層含以上有電梯),2,2,1,,有,120284,False,3,121.54909799999999,24.9643213
87,107,新北市新店區北宜路二段30巷5弄12號5樓,新店區,8.0,房地(土地+建物),1071016,0991119,華廈(10層含以下有電梯),2,2,1,,有,94495,False,5,121.5488549,24.950714899999998
88,107,新北市新店區力行路5號5樓,新店區,37.0,房地(土地+建物),1071012,0700511,公寓(5樓含以下無電梯),4,2,2,,無,88180,False,5,121.53957059999999,24.964527900000004
89,107,新北市新店區松林路30之10號3樓,新店區,37.0,房地(土地+建物),1070922,0701222,套房(1房1廳1衛),1,1,1,,無,27155,False,3,121.5453303,24.911254
90,107,新北市汐止區連興街26號21樓,汐止區,22.0,房地(土地+建物)+車位,1070615,0850809,住宅大樓(11層含以上有電梯),4,2,2,坡道平面,有,101195,False,21,121.6555382,25.063696900000004
91,107,新北市淡水區北新路169巷56號2樓,淡水區,22.0,房地(土地+建物),1071006,0851228,套房(1房1廳1衛),1,1,1,,無,48734,False,2,121.4493565,25.1807055
92,107,新北市淡水區淡金路二段365號7樓,淡水區,9.0,房地(土地+建物)+車位,1070930,0980817,住宅大樓(11層含以上有電梯),3,2,2,坡道平面,有,63104,False,7,121.4469008,25.185837199999998
93,107,新北市淡水區自強路80巷3號4樓,淡水區,26.0,房地(土地+建物)+車位,1070925,0810123,華廈(10層含以下有電梯),2,2,1,升降機械,有,77268,False,4,121.46302819999998,25.128286799999998
94,107,新北市淡水區學府路102巷90號12樓,淡水區,11.0,房地(土地+建物),1071021,0960604,住宅大樓(11層含以上有電梯),2,2,1,,有,71366,False,12,121.45350649999999,25.171054700000003
95,107,新北市蘆洲區中華街85號四樓,蘆洲區,26.0,房地(土地+建物)+車位,1071011,0810428,住宅大樓(11層含以上有電梯),4,2,2,坡道平面,有,84687,False,4,121.46171499999998,25.0800253
96,107,新北市蘆洲區民族路298巷6號5樓,蘆洲區,30.0,房地(土地+建物),1071010,0771005,公寓(5樓含以下無電梯),3,2,2,,無,79728,False,5,121.47811949999998,25.090025100000002
97,107,新北市蘆洲區永平街32巷12弄12號2樓,蘆洲區,28.0,房地(土地+建物),1071002,0790222,公寓(5樓含以下無電梯),4,2,2,,無,83104,False,2,121.459529,25.091255900000004
98,107,新北市中和區興南路二段34巷20之3號10樓,中和區,22.0,房地(土地+建物),1070917,0851009,住宅大樓(11層含以上有電梯),5,2,2,,有,123147,False,10,121.50612,24.9865811
99,107,新北市永和區永和路一段9號9樓之5,永和區,18.0,房地(土地+建物),1071026,0890726,住宅大樓(11層含以上有電梯),1,1,1,,有,162508,False,9,121.5128792,25.005476199999997
100,107,新北市中和區興南路二段114巷10弄15號5樓,中和區,29.0,房地(土地+建物),1071008,0781021,公寓(5樓含以下無電梯),5,2,3,,無,70966,False,5,121.5041988,24.9853567
101,107,新北市永和區環河西路二段209巷7號19樓之1,永和區,20.0,房地(土地+建物),1070930,0870122,住宅大樓(11層含以上有電梯),2,2,1,,有,127967,False,19,121.50217899999998,25.010121899999998
102,107,新北市鶯歌區永明街99號八樓,鶯歌區,21.0,房地(土地+建物),1071011,0860717,華廈(10層含以下有電梯),1,2,1,,有,65447,False,8,121.3415162,24.9564363
103,107,新北市土城區金城路二段260號九樓之五,土城區,22.0,房地(土地+建物),1071029,0850802,住宅大樓(11層含以上有電梯),1,1,1,,有,112108,False,9,121.45768380000001,24.983488799999996
104,107,新北市土城區學府路一段99巷7號12樓,土城區,23.0,房地(土地+建物)+車位,1070920,0840311,住宅大樓(11層含以上有電梯),3,2,2,坡道平面,有,92488,False,12,121.45654909999999,24.987591399999996
105,107,新北市土城區德峰街31號,土城區,25.0,房地(土地+建物),1071020,0820521,華廈(10層含以下有電梯),3,2,2,,有,111882,False,1,121.46707479999999,24.985739699999996
106,107,新北市樹林區學勤路570號十四樓,樹林區,10.0,房地(土地+建物)+車位,1071017,0970131,住宅大樓(11層含以上有電梯),3,2,2,坡道平面,有,63199,False,14,121.38429190000001,24.9485307
107,107,新北市三峽區中山路106巷2之1號十樓,三峽區,24.0,房地(土地+建物),1071019,0830701,住宅大樓(11層含以上有電梯),2,2,1,,有,55056,False,10,121.3662354,24.936520500000004
108,107,新北市新店區永業路81巷5弄3號三樓,新店區,38.0,房地(土地+建物),1071106,0691212,公寓(5樓含以下無電梯),3,2,2,,無,54253,False,3,121.53023729999998,24.949137600000004
109,107,新北市五股區水碓路10號四樓,五股區,22.0,房地(土地+建物)+車位,1071010,0850321,華廈(10層含以下有電梯),2,2,1,升降機械,有,76744,False,4,121.4339533,25.0722693
110,107,新北市新莊區景德路105號,新莊區,30.0,房地(土地+建物),1071009,0771226,公寓(5樓含以下無電梯),4,1,2,,無,72071,False,1,121.45179230000001,25.0344827
111,107,新北市三重區三寧街24號4樓,三重區,44.0,房地(土地+建物),1071016,0630408,公寓(5樓含以下無電梯),3,1,1,,無,93228,False,4,121.48964549999998,25.060129799999995
112,107,新北市蘆洲區信義路138號11樓之5,蘆洲區,3.0,房地(土地+建物),1070825,1040525,住宅大樓(11層含以上有電梯),2,2,1,,有,150168,False,11,121.4795868,25.083089499999996
113,107,新北市汐止區樟樹一路161號11樓,汐止區,24.0,房地(土地+建物)+車位,1071001,0831210,住宅大樓(11層含以上有電梯),3,3,2,坡道平面,有,74013,False,11,121.64241879999999,25.0684533
114,107,新北市汐止區樟樹二路259號11樓,汐止區,18.0,房地(土地+建物)+車位,1071022,0890819,住宅大樓(11層含以上有電梯),2,1,1,坡道平面,有,92593,False,11,121.640767,25.068533
115,107,新北市新店區寶橋路73巷3號3樓,新店區,35.0,房地(土地+建物),1071028,0720802,公寓(5樓含以下無電梯),3,1,1,,無,149231,False,3,121.5452893,24.975336000000002
116,107,新北市板橋區忠孝路48巷36之6號2樓,板橋區,13.0,房地(土地+建物),1071015,0940601,華廈(10層含以下有電梯),2,2,1,,有,132750,False,2,121.46064030000001,25.0003223
117,107,新北市板橋區館前西路275號3樓之5,板橋區,15.0,房地(土地+建物),1070918,0921008,住宅大樓(11層含以上有電梯),2,2,2,,有,116997,False,3,121.4524701,25.008328400000003
118,107,新北市板橋區民生路一段28之4號17樓,板橋區,17.0,房地(土地+建物)+車位,1071007,0900802,住宅大樓(11層含以上有電梯),4,2,2,坡道平面,有,148943,False,17,121.4763677,25.012857000000004
119,107,新北市三峽區民生街27巷16號四樓之5,三峽區,22.0,房地(土地+建物),1071005,0850401,套房(1房1廳1衛),1,0,1,,無,82617,False,4,121.37573489999998,24.936084299999997
120,107,新北市三峽區光明路100之6號五樓之三,三峽區,22.0,房地(土地+建物)+車位,1071020,0850625,住宅大樓(11層含以上有電梯),3,2,2,坡道平面,有,61521,False,5,121.3757809,24.928083800000003
121,107,新北市樹林區鎮前街413之3號四樓,樹林區,22.0,房地(土地+建物),1071025,0851022,套房(1房1廳1衛),1,0,1,,無,72122,False,4,121.4144427,24.983124699999998
122,107,新北市鶯歌區高職西街111號七樓,鶯歌區,20.0,房地(土地+建物)+車位,1071015,0870216,華廈(10層含以下有電梯),3,2,2,坡道平面,有,39591,False,7,121.33602359999999,24.940524899999996
123,107,新北市三峽區學府路136號八樓,三峽區,9.0,房地(土地+建物)+車位,1071017,0980420,住宅大樓(11層含以上有電梯),3,2,2,坡道平面,有,83245,False,8,121.3739447,24.948843999999994
124,107,新北市中和區中正路695號三樓,中和區,18.0,房地(土地+建物),1070905,0890113,住宅大樓(11層含以上有電梯),4,2,2,,有,106178,False,3,121.4847479,24.998370899999994
125,107,新北市中和區景安路11號十樓,中和區,12.0,房地(土地+建物),1071024,0950221,住宅大樓(11層含以上有電梯),2,2,2,,有,162272,False,10,121.508224,24.999339199999998
126,107,新北市永和區成功路二段161巷1弄13號,永和區,40.0,房地(土地+建物),1071022,0670530,公寓(5樓含以下無電梯),3,1,1,,無,121114,False,1,121.5270128,24.9977136
127,107,新北市中和區中正路677號13樓之5,中和區,20.0,房地(土地+建物)+車位,1070926,0871027,住宅大樓(11層含以上有電梯),4,2,2,坡道平面,有,89479,False,13,121.4849373,24.9971584
128,107,新北市中和區連城路319巷14弄2號3樓,中和區,31.0,房地(土地+建物),1071006,0760827,公寓(5樓含以下無電梯),4,2,2,,無,85677,False,3,121.4889336,24.9949569
129,107,新北市中和區福祥路66之3號八樓,中和區,19.0,房地(土地+建物),1070916,0881220,住宅大樓(11層含以上有電梯),3,2,2,,有,134421,False,8,121.49944279999998,25.004853099999995
130,107,新北市蘆洲區中正路185巷78弄15號二樓,蘆洲區,37.0,房地(土地+建物),1071022,0700105,公寓(5樓含以下無電梯),3,2,1,,無,96386,False,2,121.465849,25.0845972
131,107,新北市三重區集賢路47號11樓,三重區,11.0,房地(土地+建物)+車位,1071014,0960628,住宅大樓(11層含以上有電梯),3,2,2,坡道平面,有,100091,False,11,121.495628,25.086057999999998
132,107,新北市三重區永福街111巷38號三樓,三重區,41.0,房地(土地+建物),1071006,0660823,公寓(5樓含以下無電梯),3,2,1,,無,86842,False,3,121.478127,25.0765268
133,107,新北市蘆洲區中正路275號二樓,蘆洲區,44.0,房地(土地+建物),1070923,0631121,公寓(5樓含以下無電梯),3,0,3,,無,109488,False,2,121.46695899999999,25.087675899999997
134,107,新北市三重區集賢路152號十四樓之一,三重區,3.0,房地(土地+建物)+車位,1071002,1041223,住宅大樓(11層含以上有電梯),3,2,2,坡道平面,有,117285,False,14,121.48871489999999,25.0899412
135,107,新北市三重區集賢路152號三樓,三重區,3.0,房地(土地+建物)+車位,1070921,1041223,住宅大樓(11層含以上有電梯),3,2,2,坡道平面,有,106376,False,3,121.48871489999999,25.0899412
136,107,新北市三重區中正南路36巷3弄1號五樓,三重區,34.0,房地(土地+建物),1071003,0730905,公寓(5樓含以下無電梯),3,2,1,,無,103191,False,5,121.4940578,25.060249
137,107,新北市淡水區新春街146之11號九樓,淡水區,4.0,房地(土地+建物),1071020,1030423,套房(1房1廳1衛),1,1,1,,無,79108,False,9,121.44201500000001,25.181499199999998
138,107,新北市淡水區新市二路一段92號五樓,淡水區,1.0,房地(土地+建物)+車位,1071003,1061128,住宅大樓(11層含以上有電梯),0,0,0,坡道平面,有,59737,False,5,121.4254314,25.1962843
139,107,新北市淡水區新市二路一段78號七樓,淡水區,1.0,房地(土地+建物)+車位,1070923,1061128,住宅大樓(11層含以上有電梯),0,0,0,坡道平面,有,57430,False,7,121.42496089999997,25.196461599999996
140,107,新北市淡水區新市二路一段80號七樓,淡水區,1.0,房地(土地+建物)+車位,1070929,1061128,住宅大樓(11層含以上有電梯),0,0,0,坡道平面,有,57405,False,7,121.42496089999997,25.196461599999996
141,107,新北市淡水區新市二路一段76號九樓,淡水區,1.0,房地(土地+建物)+車位,1070810,1061128,住宅大樓(11層含以上有電梯),0,0,0,坡道平面,有,61869,False,9,121.42494279999998,25.196422300000002
142,107,新北市八里區中山路二段240號八樓,八里區,23.0,房地(土地+建物)+車位,1071014,0841118,華廈(10層含以下有電梯),3,2,2,升降機械,有,44813,False,8,121.40497459999999,25.151348799999997
143,107,新北市淡水區民權路223號八樓之6,淡水區,11.0,房地(土地+建物),1071015,0961005,住宅大樓(11層含以上有電梯),1,1,1,,有,120455,False,8,121.45892140000001,25.1317886
144,107,新北市淡水區新市三路二段209號5樓,淡水區,0.0,房地(土地+建物)+車位,1070928,1070525,住宅大樓(11層含以上有電梯),2,2,1,坡道平面,有,68295,False,5,121.4365157,25.195668800000004
145,107,新北市淡水區新市三路二段205號21樓,淡水區,0.0,房地(土地+建物)+車位,1071029,1070525,住宅大樓(11層含以上有電梯),3,2,2,坡道平面,有,70984,False,21,121.43648619999999,25.1956728
146,107,新北市淡水區新市三路二段213號22樓,淡水區,0.0,房地(土地+建物)+車位,1071029,1070525,住宅大樓(11層含以上有電梯),3,2,2,坡道平面,有,90320,False,22,121.4365452,25.1956648
147,107,新北市淡水區新市三路二段259號20樓,淡水區,0.0,房地(土地+建物)+車位,1071029,1070525,住宅大樓(11層含以上有電梯),2,2,1,坡道機械,有,68015,False,20,121.4367005,25.195643600000004
148,107,新北市淡水區新市三路二段289號16樓,淡水區,0.0,房地(土地+建物)+車位,1071029,1070525,住宅大樓(11層含以上有電梯),2,2,1,坡道平面,有,65660,False,16,121.4367005,25.195643600000004
149,107,新北市淡水區沙崙路一段126巷26號十四樓,淡水區,0.0,房地(土地+建物)+車位,1070821,1070706,住宅大樓(11層含以上有電梯),2,2,2,坡道平面,有,69794,False,14,121.4315807,25.188730699999994
150,107,新北市淡水區濱海路二段202巷70號十四樓,淡水區,1.0,房地(土地+建物)+車位,1071020,1060707,住宅大樓(11層含以上有電梯),3,2,2,坡道平面,有,78563,False,14,121.43498070000001,25.1924209
151,107,新北市淡水區濱海路二段202巷78號三樓,淡水區,1.0,房地(土地+建物)+車位,1071001,1060707,住宅大樓(11層含以上有電梯),3,2,2,坡道平面,有,78049,False,3,121.43498269999999,25.1924323
152,107,新北市淡水區新市二路三段172巷15號十三樓,淡水區,3.0,房地(土地+建物)+車位,1071006,1041028,住宅大樓(11層含以上有電梯),3,2,2,坡道平面,有,76887,False,13,121.43729259999999,25.1918836
153,107,新北市汐止區汐萬路一段83號二樓之1,汐止區,4.0,房地(土地+建物),1071012,1030324,公寓(5樓含以下無電梯),2,1,1,,無,104110,False,2,121.6544598,25.070242999999998
154,107,新北市汐止區新台五路一段179號15樓之3,汐止區,18.0,房地(土地+建物),1071012,0890523,住宅大樓(11層含以上有電梯),3,2,2,,有,105825,False,15,121.65533090000001,25.063155500000004
155,107,新北市汐止區大同路二段322巷16號4樓,汐止區,24.0,房地(土地+建物)+車位,1071020,0831024,住宅大樓(11層含以上有電梯),3,2,2,坡道平面,有,63153,False,4,121.6562392,25.066419200000002
156,107,新北市金山區仁愛路15之7號十一樓,金山區,2.0,房地(土地+建物)+車位,1070918,1051107,住宅大樓(11層含以上有電梯),3,2,2,坡道平面,有,57627,False,11,121.63771369999999,25.2193122
157,107,新北市汐止區新台五路二段212號8樓,汐止區,22.0,房地(土地+建物),1071003,0851230,住宅大樓(11層含以上有電梯),3,2,2,,有,64488,False,8,121.66834240000001,25.0666732
158,107,新北市汐止區建成路33號3樓,汐止區,33.0,房地(土地+建物),1070927,0740605,公寓(5樓含以下無電梯),3,2,2,,無,83730,False,3,121.66388579999999,25.0726977
159,107,新北市汐止區連興街128巷7弄10號2樓,汐止區,39.0,房地(土地+建物),1071102,0680919,公寓(5樓含以下無電梯),3,2,2,,無,93853,False,2,121.65333790000001,25.061273300000003
160,107,新北市汐止區林森街73巷21號九樓,汐止區,25.0,房地(土地+建物)+車位,1071022,0820729,住宅大樓(11層含以上有電梯),3,2,2,坡道平面,有,75976,False,9,121.6236843,25.041250099999996
161,107,新北市萬里區玉田2之13號7樓之7,萬里區,21.0,房地(土地+建物),1071102,0860626,套房(1房1廳1衛),1,1,1,,無,38482,False,7,null,null
162,107,新北市新店區安民街156巷13號十樓,新店區,6.0,房地(土地+建物)+車位,1071025,1010130,住宅大樓(11層含以上有電梯),3,2,2,坡道平面,有,92121,False,10,121.5174134,24.970139500000005
163,107,新北市新店區安康路二段206巷11號四樓之一,新店區,20.0,房地(土地+建物),1070919,0870311,住宅大樓(11層含以上有電梯),2,2,1,,有,104485,False,4,121.51024679999999,24.959601300000003
164,107,新北市新店區國校路42巷1號四樓,新店區,40.0,房地(土地+建物),1071006,0670928,公寓(5樓含以下無電梯),3,2,1,,無,73650,False,4,121.5381554,24.954222
165,107,新北市新莊區中港路558號十樓,新莊區,11.0,房地(土地+建物)+車位,1071005,0961211,住宅大樓(11層含以上有電梯),3,2,2,坡道平面,有,109618,False,10,121.4516444,25.052964700000004
166,107,新北市泰山區明志路二段273巷14弄10之2號四樓,泰山區,30.0,房地(土地+建物),1071015,0770725,公寓(5樓含以下無電梯),3,2,2,,無,52879,False,4,121.42751419999999,25.046981799999998
167,107,新北市新莊區四維路217巷9號2樓,新莊區,32.0,房地(土地+建物),1071007,0751114,公寓(5樓含以下無電梯),3,2,2,,無,77723,False,2,121.4224522,25.0197906
168,107,新北市林口區信義路172號八樓之一,林口區,13.0,房地(土地+建物)+車位,1071018,0941130,住宅大樓(11層含以上有電梯),3,2,2,坡道平面,有,71543,False,8,121.379464,25.080043799999995
169,107,新北市五股區御史路93號三樓,五股區,13.0,房地(土地+建物)+車位,1071018,0941019,住宅大樓(11層含以上有電梯),3,2,2,坡道平面,有,65938,False,3,121.44036439999998,25.0948089
170,107,新北市林口區文化三路一段555巷96號六樓,林口區,11.0,房地(土地+建物)+車位,1071016,0961228,住宅大樓(11層含以上有電梯),4,2,2,坡道平面,有,32175,False,6,121.36944229999999,25.0768917
171,107,新北市土城區延和路39巷5號五樓,土城區,37.0,房地(土地+建物),1070921,0701217,公寓(5樓含以下無電梯),6,3,3,,無,129836,False,5,121.46579440000001,24.989574899999997
172,107,新北市土城區清水路234巷16弄19號三樓,土城區,14.0,房地(土地+建物)+車位,1071023,0930513,華廈(10層含以下有電梯),5,3,2,坡道機械,有,106449,False,3,121.461666,24.9818573
173,107,新北市板橋區南雅西路二段180巷42之3號,板橋區,43.0,房地(土地+建物),1071014,0641201,公寓(5樓含以下無電梯),3,1,1,,無,87093,False,1,121.45335599999999,25.013470799999997
174,107,新北市板橋區民享街65巷17之2號,板橋區,40.0,房地(土地+建物),1071026,0671111,公寓(5樓含以下無電梯),3,2,1,,無,101195,False,1,121.47652529999999,25.016108499999998
175,107,新北市板橋區文化路一段33號二樓,板橋區,31.0,房地(土地+建物),1071001,0761228,公寓(5樓含以下無電梯),1,0,1,,無,142305,False,2,121.46026069999999,25.0130217
176,107,新北市土城區明德路一段20巷2弄5號四樓,土城區,36.0,房地(土地+建物),1071007,0710224,公寓(5樓含以下無電梯),3,1,1,,無,77812,False,4,121.46462799999998,24.984977300000004
177,107,新北市土城區明德路二段125號十二樓之一,土城區,24.0,房地(土地+建物),1071018,0830614,住宅大樓(11層含以上有電梯),1,1,1,,有,115811,False,12,121.4498773,24.982167
178,107,新北市板橋區文化路一段360號33樓之1,板橋區,8.0,房地(土地+建物),1070910,0990715,套房(1房1廳1衛),1,1,1,,無,209985,False,33,121.4687999,25.0236277
179,107,新北市土城區中州路30巷19號17樓,土城區,5.0,房地(土地+建物),1071019,1020503,住宅大樓(11層含以上有電梯),2,2,1,,有,82452,False,17,121.413082,24.958500100000002
180,107,新北市土城區德峰街12號,土城區,32.0,房地(土地+建物),1070924,0750428,店面(店鋪),0,1,1,,無,162371,False,1,121.4681969,24.985909600000003
181,107,新北市土城區學享街77之1號四樓,土城區,25.0,房地(土地+建物),1070627,0821230,華廈(10層含以下有電梯),3,2,2,,有,98316,False,4,121.4525765,24.986423
182,107,新北市板橋區館前西路160巷32號,板橋區,55.0,房地(土地+建物),1071015,0520825,透天厝,4,2,2,,無,177632,False,1,121.4522711,25.0092262
183,107,新北市土城區金城路三段207巷8弄5號五樓,土城區,38.0,房地(土地+建物),1071017,0690804,公寓(5樓含以下無電梯),3,2,1,,無,82550,False,5,121.46995419999999,24.990398399999997
184,107,新北市板橋區中山路一段160之16號3樓,板橋區,9.0,房地(土地+建物),1070905,0980427,套房(1房1廳1衛),1,1,1,,無,190541,False,3,121.46667589999998,25.011626099999997
185,107,新北市土城區金城路二段242巷32號9樓,土城區,17.0,房地(土地+建物),1070924,0901228,住宅大樓(11層含以上有電梯),2,2,1,,有,114550,False,9,121.45789299999998,24.9832674
186,107,新北市板橋區信義路116之3號,板橋區,40.0,房地(土地+建物),1071013,0670317,公寓(5樓含以下無電梯),3,3,1,,無,88484,False,1,121.45820110000001,24.992351199999998
187,107,新北市土城區中央路四段165巷11之3號3樓,土城區,35.0,房地(土地+建物),1070819,0721022,公寓(5樓含以下無電梯),2,2,1,,無,76303,False,3,121.41602739999999,24.9560137
188,107,新北市土城區學府路二段22巷1號七樓,土城區,26.0,房地(土地+建物),1071008,0810919,住宅大樓(11層含以上有電梯),2,1,2,,有,102160,False,7,121.44876599999998,24.98152
189,107,新北市板橋區南雅南路二段120之7號十三樓,板橋區,7.0,房地(土地+建物),1070804,1000602,住宅大樓(11層含以上有電梯),3,2,2,,有,173259,False,13,121.45291359999999,24.9997223
190,107,新北市板橋區光復街35號三樓,板橋區,47.0,房地(土地+建物),1070918,0600503,套房(1房1廳1衛),1,0,1,,無,100121,False,3,121.4816459,25.018867399999998
191,107,新北市土城區南天母路91巷15號三樓,土城區,25.0,房地(土地+建物),1071031,0820504,華廈(10層含以下有電梯),2,1,1,,有,60765,False,3,121.44742459999998,24.956982999999997
192,107,新北市土城區青雲路587巷26號,土城區,24.0,房地(土地+建物),1071027,0830523,華廈(10層含以下有電梯),3,2,2,,有,69785,False,1,121.46049089999998,24.9710791
193,107,新北市板橋區國光路166之4號,板橋區,38.0,房地(土地+建物),1071022,0690526,公寓(5樓含以下無電梯),2,2,1,,無,107720,False,1,121.46025440000001,25.0181654
194,107,新北市新莊區中平路270巷6號三樓,新莊區,21.0,房地(土地+建物)+車位,1071022,0860816,住宅大樓(11層含以上有電梯),3,2,2,坡道平面,有,85409,False,3,121.4451258,25.0501228
195,107,新北市林口區忠孝三路41號二樓,林口區,12.0,房地(土地+建物)+車位,1071007,0950530,華廈(10層含以下有電梯),3,2,1,坡道平面,有,75600,False,2,121.3608623,25.069004999999997
196,107,新北市新莊區中泰街79之2號,新莊區,37.0,房地(土地+建物),1071028,0700109,公寓(5樓含以下無電梯),3,2,1,,無,66951,False,1,121.4495052,25.046564999999998
197,107,新北市林口區文化二路一段68巷8號十樓之四,林口區,22.0,房地(土地+建物)+車位,1071013,0850126,華廈(10層含以下有電梯),3,2,1,坡道平面,有,62245,False,10,121.36663109999999,25.0685284
198,107,新北市林口區南勢街278號三樓,林口區,11.0,房地(土地+建物)+車位,1071021,0960518,華廈(10層含以下有電梯),3,2,2,坡道平面,有,56180,False,3,121.35780960000001,25.076255999999997
199,107,新北市林口區文化二路一段68巷24號三樓之二,林口區,23.0,房地(土地+建物)+車位,1071002,0840705,華廈(10層含以下有電梯),4,2,3,坡道平面,有,66340,False,3,121.3671493,25.068888399999995
200,107,新北市新莊區中港路515號四樓之一,新莊區,26.0,房地(土地+建物),1070921,0810727,套房(1房1廳1衛),0,0,0,,無,110202,False,4,121.45190609999997,25.050756500000002
201,107,新北市新莊區中華路二段158號14樓之3,新莊區,22.0,房地(土地+建物),1071007,0850320,住宅大樓(11層含以上有電梯),4,2,2,,有,97591,False,14,121.4535442,25.0510647
202,107,新北市林口區民族路185號四樓,林口區,9.0,房地(土地+建物)+車位,1071022,0980525,住宅大樓(11層含以上有電梯),3,2,2,坡道平面,有,70472,False,4,121.367628,25.076947099999995
203,107,新北市新莊區中港路531巷18號七樓,新莊區,15.0,房地(土地+建物),1071010,0920509,華廈(10層含以下有電梯),3,2,2,,有,97406,False,7,121.4500018,25.051085000000004
204,107,新北市新莊區中正路879之14號七樓,新莊區,13.0,房地(土地+建物)+車位,1070928,0941124,住宅大樓(11層含以上有電梯),4,2,2,坡道平面,有,91526,False,7,121.41789130000001,25.0259416
205,107,新北市新莊區中誠街176號四樓,新莊區,22.0,房地(土地+建物)+車位,1071023,0850610,華廈(10層含以下有電梯),5,2,2,坡道平面,有,83357,False,4,121.44782590000001,25.047394899999997
206,107,新北市新莊區立信三街12巷9號2樓,新莊區,13.0,房地(土地+建物)+車位,1071019,0941021,住宅大樓(11層含以上有電梯),3,2,2,坡道平面,有,95485,False,2,121.44415719999999,25.050647050000002
207,107,新北市新莊區自治街7之3號,新莊區,41.0,房地(土地+建物),1071025,0660422,公寓(5樓含以下無電梯),2,1,1,,無,90878,False,1,121.4533793,25.0479804
208,107,新北市新店區安康路2段286號,新店區,46.0,房地(土地+建物),1070930,0611128,透天厝,4,3,3,,無,138672,False,1,121.50810469999999,24.9586785
209,107,新北市新店區安德街72號7樓之3,新店區,23.0,房地(土地+建物),1071030,0840617,套房(1房1廳1衛),1,1,1,,無,88598,False,7,121.5103611,24.961842700000002
210,107,新北市新店區達觀路40號七樓之四,新店區,19.0,房地(土地+建物)+車位,1071022,0880309,住宅大樓(11層含以上有電梯),3,1,1,坡道平面,有,63220,False,7,121.503424,24.9387319
211,107,新北市新店區中興路二段141號十七樓,新店區,9.0,房地(土地+建物),1071009,0980612,住宅大樓(11層含以上有電梯),2,2,1,,有,171264,False,17,121.5475104,24.972801699999994
212,107,新北市新店區建安街44之1號2樓,新店區,31.0,房地(土地+建物),1071009,0760716,公寓(5樓含以下無電梯),3,2,2,,無,108195,False,2,121.5394391,24.975658799999998
213,107,新北市新店區德正街27巷29弄7號,新店區,40.0,房地(土地+建物),1070914,0670721,公寓(5樓含以下無電梯),3,2,2,,無,212816,False,1,121.5454199,24.971791399999997
214,107,新北市新店區中央路167號十八樓之6,新店區,6.0,房地(土地+建物),1071012,1011114,住宅大樓(11層含以上有電梯),1,1,1,,有,152632,False,18,121.52969739999999,24.972529700000003
215,107,新北市新店區吉祥街11巷20號,新店區,29.0,房地(土地+建物),1071018,0780202,公寓(5樓含以下無電梯),0,0,0,,無,55562,False,1,121.4985604,24.946375399999994
216,107,新北市汐止區汐碇路16之1巷7號七樓,汐止區,7.0,房地(土地+建物)+車位,1071024,1000802,住宅大樓(11層含以上有電梯),3,2,2,坡道機械,有,94948,False,7,121.65209490000001,25.057845699999994
217,107,新北市金山區山城路90巷48號6樓,金山區,21.0,房地(土地+建物),1071031,0860521,套房(1房1廳1衛),1,1,1,,無,32306,False,6,121.5969229,25.2008321
218,107,新北市萬里區孝七街14號,萬里區,39.0,房地(土地+建物),1071020,0681122,公寓(5樓含以下無電梯),3,2,1,,無,21711,False,1,121.6829335,25.176235499999997
219,107,新北市汐止區大同路三段139巷1弄3號3樓,汐止區,38.0,房地(土地+建物),1071020,0690913,公寓(5樓含以下無電梯),3,2,2,,無,56970,False,3,121.669238,25.0779949
220,107,新北市金山區仁愛路15之7號五樓,金山區,2.0,房地(土地+建物)+車位,1071021,1051107,住宅大樓(11層含以上有電梯),3,2,2,坡道平面,有,54840,False,5,121.63771369999999,25.2193122
221,107,新北市淡水區水源街一段71巷1之4號,淡水區,42.0,房地(土地+建物),1070908,0650518,公寓(5樓含以下無電梯),6,0,6,,無,77248,False,1,121.44449900000001,25.172698
222,107,新北市淡水區沙崙路一段126巷77號十五樓,淡水區,1.0,房地(土地+建物)+車位,1071021,1060824,住宅大樓(11層含以上有電梯),2,2,2,坡道平面,有,68236,False,15,121.4322794,25.188855699999998
223,107,新北市淡水區學府路128巷7號三樓,淡水區,27.0,房地(土地+建物),1071006,0800314,套房(1房1廳1衛),1,0,1,,無,53143,False,3,121.45065605,25.172376649999997
224,107,新北市淡水區八勢路2巷8號8樓,淡水區,1.0,房地(土地+建物)+車位,1071004,1061213,住宅大樓(11層含以上有電梯),3,2,2,坡道平面,有,115432,False,8,121.4616769,25.152343100000003
225,107,新北市淡水區沙崙路一段126巷96號十一樓,淡水區,2.0,房地(土地+建物)+車位,1070930,1050816,住宅大樓(11層含以上有電梯),3,2,2,坡道平面,有,60074,False,11,121.4322062,25.188861900000003
226,107,新北市淡水區自立路46號五樓,淡水區,1.0,房地(土地+建物)+車位,1070911,1060811,華廈(10層含以下有電梯),3,1,2,升降平面,有,122847,False,5,121.46436479999998,25.1269555
227,107,新北市淡水區自立路46號四樓,淡水區,1.0,房地(土地+建物)+車位,1071013,1060811,華廈(10層含以下有電梯),3,1,2,升降平面,有,112354,False,4,121.46436479999998,25.1269555
228,107,新北市三芝區中正路一段18巷100號,三芝區,21.0,房地(土地+建物),1071018,0860220,華廈(10層含以下有電梯),2,1,1,,有,38241,False,1,121.50337884999998,25.25904455
229,107,新北市淡水區學府路136巷59號八樓之8,淡水區,11.0,房地(土地+建物),1071023,0961002,套房(1房1廳1衛),1,1,1,,無,71217,False,8,121.45299759999999,25.172994799999998
230,107,新北市淡水區八勢一街63巷26號二樓,淡水區,10.0,房地(土地+建物)+車位,1071020,0971125,住宅大樓(11層含以上有電梯),3,2,2,坡道機械,有,65823,False,2,121.46329370000001,25.156320100000002
231,107,新北市三重區福德南路24巷6號十二樓之三,三重區,21.0,房地(土地+建物)+車位,1071020,0860428,住宅大樓(11層含以上有電梯),2,2,2,坡道機械,有,103103,False,12,121.5035838,25.063184
232,107,新北市蘆洲區長榮路766號六樓,蘆洲區,14.0,房地(土地+建物)+車位,1071010,0931012,華廈(10層含以下有電梯),3,2,2,坡道平面,有,107911,False,6,121.46091969999998,25.092540499999995
233,107,新北市瑞芳區三爪子坑路13巷213號五樓,瑞芳區,19.0,房地(土地+建物),1071007,0881126,公寓(5樓含以下無電梯),3,2,2,,無,24303,False,5,121.81621789999998,25.1063056
234,107,新北市蘆洲區環堤大道42號四樓,蘆洲區,19.0,房地(土地+建物),1071012,0880727,住宅大樓(11層含以上有電梯),2,1,1,,有,111314,False,4,121.45581399999999,25.0839429
235,107,新北市蘆洲區信義路345號三樓,蘆洲區,42.0,房地(土地+建物),1071016,0651223,公寓(5樓含以下無電梯),3,2,1,,無,81159,False,3,121.4777126,25.087182700000003
236,107,新北市三重區環河北路三段286號六樓,三重區,9.0,房地(土地+建物)+車位,1070901,0980805,住宅大樓(11層含以上有電梯),4,2,3,坡道平面,有,107381,False,6,121.4924934,25.089474599999996
237,107,新北市蘆洲區民義街68巷90號三樓,蘆洲區,28.0,房地(土地+建物),1071022,0790924,公寓(5樓含以下無電梯),3,2,1,,無,81198,False,3,121.4742022,25.090608
238,107,新北市三重區成功路28號二十二樓之二,三重區,18.0,房地(土地+建物),1071102,0890630,住宅大樓(11層含以上有電梯),3,2,2,,有,120501,False,22,121.4894484,25.0502714
239,107,新北市三重區正義南路101號三樓,三重區,34.0,房地(土地+建物),1071022,0731026,公寓(5樓含以下無電梯),3,2,2,,無,83150,False,3,121.49825700000001,25.059255000000004
240,107,新北市永和區中正路368巷1弄65號一樓,永和區,45.0,房地(土地+建物),1070920,0621031,公寓(5樓含以下無電梯),3,2,1,,無,151891,False,1,121.520027,25.000949
241,107,新北市中和區景平路392號七樓之八,中和區,11.0,房地(土地+建物),1070927,0960321,套房(1房1廳1衛),1,1,1,,無,137674,False,7,121.51051789999998,24.9931353
242,107,新北市中和區大仁街20巷47號,中和區,42.0,房地(土地+建物),1071008,0650621,公寓(5樓含以下無電梯),3,2,1,,無,118981,False,1,121.51930569999999,24.993224299999998
243,107,新北市中和區興南路二段88之1號,中和區,39.0,房地(土地+建物),1071008,0680228,公寓(5樓含以下無電梯),3,1,2,,無,90695,False,1,121.50552969999998,24.9845613
244,107,新北市永和區光復街2巷11弄35號五樓之一,永和區,19.0,房地(土地+建物),1070715,0880517,華廈(10層含以下有電梯),3,2,2,,有,132343,False,5,121.51725939999999,25.016611099999995
245,107,新北市永和區中正路575號3樓之4,永和區,40.0,房地(土地+建物),1071014,0670612,公寓(5樓含以下無電梯),3,2,1,,無,109762,False,3,121.5166744,25.0087555
246,107,新北市永和區中興街84巷15號三樓,永和區,42.0,房地(土地+建物),1070307,0651030,公寓(5樓含以下無電梯),3,2,2,,無,140770,False,3,121.5187341,25.011465899999997
247,107,新北市中和區連城路456巷2弄4之3號,中和區,39.0,房地(土地+建物),1071007,0680921,公寓(5樓含以下無電梯),2,1,1,,無,120777,False,1,121.47907149999998,24.994833199999995
248,107,新北市永和區中正路649號十樓之二,永和區,27.0,房地(土地+建物)+車位,1071030,0800422,住宅大樓(11層含以上有電梯),4,2,4,坡道機械,有,97960,False,10,121.5151124,25.0101029
249,107,新北市中和區圓通路295號十樓,中和區,25.0,房地(土地+建物)+車位,1071016,0820804,住宅大樓(11層含以上有電梯),3,2,2,坡道平面,有,94011,False,10,121.4873125,24.988314900000002
250,107,新北市三峽區大同路88巷5弄6號九樓,三峽區,23.0,房地(土地+建物),1071020,0840627,住宅大樓(11層含以上有電梯),3,2,2,,有,62461,False,9,121.37565020000001,24.927764699999997
251,107,新北市樹林區俊英街131號5樓,樹林區,32.0,房地(土地+建物),1071013,0750710,公寓(5樓含以下無電梯),3,2,1,,無,57899,False,5,121.42423599999998,25.011351
252,107,新北市三峽區中正路一段240號七樓,三峽區,23.0,房地(土地+建物),1071018,0841129,住宅大樓(11層含以上有電梯),3,2,2,,有,53375,False,7,121.37185509999999,24.9272833
253,107,新北市三峽區愛國路216號十樓,三峽區,10.0,房地(土地+建物),1071025,0970125,住宅大樓(11層含以上有電梯),2,1,1,,有,80369,False,10,121.3745964,24.9307458
254,107,新北市樹林區大有路39號,樹林區,10.0,房地(土地+建物)+車位,1070920,0970131,透天厝,4,2,2,坡道平面,無,73373,False,1,121.38371550000001,24.947374399999998
255,107,新北市三峽區大觀路343號十二樓,三峽區,12.0,房地(土地+建物),1071020,0950127,住宅大樓(11層含以上有電梯),3,0,3,,有,77356,False,12,121.37322489999998,24.947437500000003
256,107,新北市板橋區忠孝路48巷9弄8之3號,板橋區,43.0,房地(土地+建物),1070928,0641106,公寓(5樓含以下無電梯),2,1,1,,無,118132,False,1,121.46142619999999,25.000012899999998
257,107,新北市林口區文化三路二段77巷29號7樓,林口區,11.0,房地(土地+建物)+車位,1071017,0960108,住宅大樓(11層含以上有電梯),3,2,2,坡道機械,有,81317,False,7,121.37357049999999,25.0804476
258,107,新北市五股區五福路35號3樓之1,五股區,23.0,房地(土地+建物),1071005,0841108,住宅大樓(11層含以上有電梯),3,2,2,,有,67358,False,3,121.43353859999999,25.0894217
259,107,新北市林口區仁愛路一段637巷15號,林口區,11.0,房地(土地+建物)+車位,1071008,0960623,透天厝,4,3,3,坡道平面,無,78667,False,1,121.38851869999998,25.075678600000003
260,107,新北市新店區達觀路8巷1號16樓,新店區,22.0,房地(土地+建物)+車位,1071018,0850627,住宅大樓(11層含以上有電梯),3,2,2,坡道平面,有,53853,False,16,121.5045676,24.9430673
261,107,新北市汐止區三民街1巷7號5樓,汐止區,29.0,房地(土地+建物),1071021,0781109,公寓(5樓含以下無電梯),3,2,2,,無,60282,False,5,121.6243224,25.067110599999996
262,107,新北市汐止區福德一路159巷35號12樓,汐止區,23.0,房地(土地+建物),1071013,0840505,住宅大樓(11層含以上有電梯),2,2,2,,有,96718,False,12,121.6369428,25.0660641
263,107,新北市淡水區濱海路三段148巷67號3樓,淡水區,4.0,房地(土地+建物)+車位,1071022,1030613,華廈(10層含以下有電梯),4,2,2,坡道平面,有,51081,False,3,121.42678389999999,25.19360169999999
264,107,新北市三重區大同北路34巷42號3樓,三重區,35.0,房地(土地+建物),1071015,0720725,公寓(5樓含以下無電梯),3,2,1,,無,97811,False,3,121.4939141,25.0621895
265,107,新北市三重區平安街59號,三重區,53.0,房地(土地+建物),1070915,0540820,透天厝,5,3,4,,無,162443,False,1,121.49771220000001,25.064255199999998
266,107,新北市蘆洲區水湳街57號6樓,蘆洲區,19.0,房地(土地+建物)+車位,1070914,0880313,華廈(10層含以下有電梯),4,2,2,坡道平面,有,101267,False,6,121.47185150000001,25.0873916
267,107,新北市三重區三和路三段176號4樓,三重區,8.0,房地(土地+建物),1071007,0990430,住宅大樓(11層含以上有電梯),2,2,1,,有,127907,False,4,121.4924451,25.0732102
268,107,新北市蘆洲區光榮路78號7樓,蘆洲區,10.0,房地(土地+建物)+車位,1071013,0970320,華廈(10層含以下有電梯),3,2,2,坡道平面,有,129206,False,7,121.46349219999999,25.0887505
269,107,新北市中和區景平路290號14樓之8,中和區,16.0,房地(土地+建物),1070815,0910816,住宅大樓(11層含以上有電梯),2,2,1,,有,175911,False,14,121.51307,24.992879999999996
270,107,新北市中和區中興街220號15樓,中和區,9.0,房地(土地+建物)+車位,1071028,0980318,住宅大樓(11層含以上有電梯),3,2,2,坡道平面,有,116849,False,15,121.50049919999998,24.989492899999995
271,107,新北市鶯歌區文化路117巷54號,鶯歌區,51.0,房地(土地+建物),1071030,0561001,透天厝,3,1,1,,無,220664,False,1,121.35772200000001,24.954875800000003
272,107,新北市樹林區佳園路三段402號5樓,樹林區,11.0,房地(土地+建物)+車位,1071010,0961121,住宅大樓(11層含以上有電梯),3,2,2,坡道平面,有,75690,False,5,121.38368899999999,24.9452903
273,107,新北市五股區成泰路三段589巷7號之2,五股區,38.0,房地(土地+建物),1070921,0690416,公寓(5樓含以下無電梯),4,1,1,,無,48775,False,2,121.45197940000001,25.102980999999996
274,107,新北市五股區凌雲路一段158巷57弄5號之1,五股區,37.0,房地(土地+建物),1070922,0700414,公寓(5樓含以下無電梯),2,2,1,,無,62552,False,1,121.44689009999999,25.1044215
