,交易年份,屋齡,交易標的,建物現況格局-房,建物現況格局-廳,建物現況格局-衛,電梯,floor,車位類別-坡道平面,車位類別-坡道機械,車位類別-升降平面,車位類別-升降機械,車位類別-一樓平面,車位類別-塔式車位,車位類別-其他,建物型態-公寓,建物型態-華廈,建物型態-住宅大樓,建物型態-套房,建物型態-透天,NEAR_HOSTIPAL_250,NEAR_HOSTIPAL_500,NEAR_HOSTIPAL_750,CLINIC_COUNT_250,CLINIC_COUNT_500,CLINIC_COUNT_750,DENTIST_COUNT_250,DENTIST_COUNT_500,DENTIST_COUNT_750,PHARMACY_COUNT_250,PHARMACY_COUNT_500,PHARMACY_COUNT_750,CSTORE_COUNT_250,CSTORE_COUNT_500,CSTORE_COUNT_750,FASTFOOD_COUNT_250,FASTFOOD_COUNT_500,FASTFOOD_COUNT_750,LIBRARY_COUNT_250,LIBRARY_COUNT_500,LIBRARY_COUNT_750,NEAR_SCHOOL_250,NEAR_SCHOOL_500,NEAR_UNIVERSITY_250,NEAR_UNIVERSITY_500,NEAR_UNIVERSITY_750,NEAR_FIRESTATION_250,NEAR_FIRESTATION_500,NEAR_FIRESTATION_750,NEAR_FUEL_250,NEAR_FUEL_500,NEAR_FUEL_750,NEAR_MARKET_250,NEAR_MARKET_500,NEAR_MARKET_750,NEAR_POLICE_250,NEAR_POLICE_500,TEMPLE_COUNT_250,TEMPLE_COUNT_500,TEMPLE_COUNT_750,PARK_AREA_250,PARK_AREA_500,PARK_AREA_750,WATER_AREA_250,WATER_AREA_500,WATER_AREA_750,PARKING_AREA_250,PARKING_AREA_500,PARKING_AREA_750,STOP_COUNT_250,STOP_COUNT_500,STOP_COUNT_750,NEAR_MRT_250,NEAR_MRT_500,NEAR_MRT_750,NEAR_TRA_500,NEAR_TRA_750,y,0
0,111,40.0,0,2,1,1,0,3,0.0,0.0,0.0,0.0,0.0,0.0,0.0,1.0,0.0,0.0,0.0,0.0,0,0,0,2.0,8.0,18.0,1.0,6.0,11.0,1.0,5.0,9.0,1.0,9.0,15.0,0.0,1.0,1.0,0.0,1.0,1.0,1.0,1.0,0.0,0.0,0.0,0,0,1,0.0,0.0,0.0,1.0,1.0,1.0,0,1,6.0,11.0,17.0,1067.4210423724203,15396.553355355623,268931.04504155857,0.0,33402.74624110348,143609.59714681385,1401.0916687610518,8435.851043239436,22042.147309315416,0.0,20.0,41.0,0,1,1,0,0,151281,156764.38
1,111,47.0,0,1,2,1,0,1,0.0,0.0,0.0,0.0,0.0,0.0,0.0,1.0,0.0,0.0,0.0,0.0,0,0,0,0.0,6.0,21.0,0.0,1.0,11.0,0.0,2.0,8.0,1.0,7.0,14.0,0.0,0.0,1.0,0.0,0.0,1.0,1.0,1.0,0.0,0.0,0.0,0,0,1,0.0,0.0,0.0,0.0,1.0,1.0,0,1,3.0,9.0,15.0,4099.000627681225,89114.98435039475,265955.1442481932,0.0,91978.20077260924,168451.6477964102,2845.9029778929685,14758.80167681206,23096.249096859065,2.0,14.0,37.0,0,1,1,0,0,201518,149933.08
2,111,33.0,0,1,1,1,1,5,0.0,0.0,0.0,0.0,0.0,0.0,0.0,0.0,1.0,0.0,0.0,0.0,0,1,1,3.0,11.0,37.0,1.0,11.0,16.0,1.0,3.0,9.0,4.0,11.0,23.0,0.0,1.0,1.0,0.0,1.0,1.0,0.0,1.0,0.0,0.0,0.0,0,0,1,0.0,0.0,0.0,1.0,1.0,1.0,0,1,4.0,10.0,16.0,66368.67929923734,170119.4047166175,251733.6699636909,8405.4001749388,189268.1927410917,557070.4027916655,2345.434971170285,15378.10887453252,22492.593155920807,6.0,22.0,44.0,0,0,1,0,0,181892,130513.516
3,111,1.0,1,0,1,2,1,10,1.0,0.0,0.0,0.0,0.0,0.0,0.0,0.0,0.0,1.0,0.0,0.0,0,1,1,10.0,30.0,64.0,3.0,15.0,29.0,2.0,7.0,13.0,8.0,21.0,43.0,1.0,3.0,8.0,1.0,3.0,8.0,0.0,1.0,0.0,0.0,0.0,0,1,1,0.0,0.0,0.0,0.0,1.0,1.0,1,1,4.0,11.0,18.0,1975.880157256848,21396.75534724159,195641.20176000107,0.0,0.0,0.0,2421.8818092570204,19735.29257131597,60729.271609093375,13.0,33.0,120.0,0,1,1,0,1,244688,189026.11
4,111,37.0,0,3,2,2,0,3,0.0,0.0,0.0,0.0,0.0,0.0,0.0,1.0,0.0,0.0,0.0,0.0,0,0,0,2.0,7.0,14.0,0.0,7.0,9.0,1.0,5.0,9.0,1.0,6.0,15.0,0.0,1.0,2.0,0.0,1.0,2.0,1.0,1.0,0.0,0.0,0.0,0,1,1,0.0,0.0,0.0,1.0,1.0,1.0,1,1,2.0,11.0,14.0,10558.1983331207,86981.13289515881,186634.2927061937,0.0,3407.552335889165,312671.0723899229,0.0,9674.136985181718,25428.24234222876,6.0,16.0,30.0,0,0,0,0,0,141651,135845.38
5,111,39.0,0,2,2,1,0,4,0.0,0.0,0.0,0.0,0.0,0.0,0.0,1.0,0.0,0.0,0.0,0.0,0,0,0,3.0,22.0,41.0,5.0,14.0,25.0,2.0,7.0,13.0,5.0,18.0,30.0,0.0,0.0,0.0,0.0,0.0,0.0,1.0,1.0,0.0,0.0,0.0,0,1,1,1.0,1.0,1.0,1.0,1.0,1.0,0,1,3.0,11.0,28.0,560.8780604664228,29321.90565999024,77811.22193689621,0.0,65356.55875306657,355416.5308631975,5621.704399196689,14210.620075063189,22606.463902872085,9.0,23.0,48.0,1,1,1,0,0,169036,193558.3
6,111,39.0,0,0,1,1,1,9,0.0,0.0,0.0,0.0,0.0,0.0,0.0,0.0,0.0,1.0,0.0,0.0,0,0,0,8.0,24.0,50.0,3.0,16.0,26.0,2.0,8.0,12.0,5.0,14.0,30.0,0.0,0.0,0.0,0.0,0.0,0.0,1.0,1.0,0.0,0.0,0.0,0,1,1,0.0,1.0,1.0,1.0,1.0,1.0,1,1,4.0,10.0,20.0,3207.1945864052414,43219.46830552967,98692.75718844202,0.0,86065.35057832744,378431.261196688,5837.974492082174,15473.126898566388,20362.039315039638,8.0,23.0,49.0,0,1,1,0,0,184447,175986.69
7,111,1.0,1,2,2,1,1,6,1.0,0.0,0.0,0.0,0.0,0.0,0.0,0.0,0.0,1.0,0.0,0.0,0,0,0,1.0,10.0,25.0,2.0,5.0,12.0,0.0,4.0,12.0,2.0,12.0,25.0,0.0,0.0,1.0,0.0,0.0,1.0,0.0,1.0,0.0,0.0,0.0,0,0,1,0.0,0.0,1.0,0.0,0.0,1.0,0,1,3.0,7.0,27.0,13742.006733624969,31535.80350279746,71202.54393324208,36071.02292192882,262434.8477787946,474846.4266809591,4472.35924310226,11681.829376910331,16406.80406790696,4.0,15.0,35.0,0,1,1,0,0,222491,166210.31
8,111,3.0,1,4,2,2,1,16,1.0,0.0,0.0,0.0,0.0,0.0,0.0,0.0,0.0,1.0,0.0,0.0,0,0,0,3.0,22.0,39.0,5.0,13.0,24.0,2.0,7.0,12.0,5.0,18.0,29.0,0.0,0.0,0.0,0.0,0.0,0.0,1.0,1.0,0.0,0.0,0.0,0,1,1,1.0,1.0,1.0,1.0,1.0,1.0,0,1,4.0,9.0,27.0,55.558845891784415,31388.85412363764,75611.51288977847,0.0,83684.49737493071,378091.67245531856,7015.234694760381,14593.153955486694,21904.881314261314,9.0,23.0,47.0,1,1,1,0,0,246717,240288.48
9,111,43.0,0,3,2,1,1,8,0.0,0.0,0.0,0.0,0.0,0.0,0.0,0.0,0.0,1.0,0.0,0.0,0,0,0,4.0,24.0,42.0,5.0,12.0,22.0,2.0,6.0,10.0,5.0,13.0,29.0,0.0,0.0,0.0,0.0,0.0,0.0,1.0,1.0,0.0,0.0,0.0,0,1,1,0.0,1.0,1.0,1.0,1.0,1.0,0,1,5.0,9.0,27.0,0.0,36048.27011235626,82477.3234577181,0.0,108164.23770733924,404791.8013140962,7242.485819669057,13244.260927264835,21510.64845857144,9.0,23.0,48.0,1,1,1,0,0,144564,140105.22
10,111,15.0,1,3,2,1,1,6,0.0,1.0,0.0,0.0,0.0,0.0,0.0,0.0,0.0,1.0,0.0,0.0,0,0,0,6.0,18.0,28.0,2.0,12.0,17.0,3.0,8.0,12.0,4.0,15.0,29.0,0.0,1.0,1.0,0.0,1.0,1.0,0.0,1.0,0.0,0.0,0.0,0,0,1,0.0,0.0,0.0,0.0,0.0,1.0,1,1,1.0,11.0,25.0,2793.4581126741105,32555.90554044536,104446.79718697848,0.0,72152.07469897816,333919.8700774174,1640.666046748544,10925.083816497508,11276.619967029354,9.0,26.0,44.0,0,0,1,0,0,211463,179475.55
11,111,1.0,0,2,1,1,1,7,0.0,0.0,0.0,0.0,0.0,0.0,0.0,0.0,0.0,1.0,0.0,0.0,0,0,0,6.0,20.0,46.0,2.0,14.0,21.0,2.0,7.0,13.0,6.0,21.0,36.0,0.0,0.0,2.0,0.0,0.0,2.0,1.0,1.0,0.0,0.0,1.0,0,1,1,1.0,1.0,1.0,0.0,1.0,1.0,0,1,3.0,25.0,29.0,3709.5575651100016,12860.250985650504,73004.07266766495,0.0,0.0,135175.1927901576,0.0,14400.642842612431,20256.655356989464,9.0,33.0,47.0,1,1,1,0,0,259406,221354.52
12,111,1.0,1,3,1,1,1,4,0.0,0.0,0.0,0.0,0.0,0.0,1.0,0.0,1.0,0.0,0.0,0.0,0,0,0,1.0,3.0,15.0,0.0,0.0,11.0,0.0,2.0,10.0,0.0,2.0,13.0,0.0,0.0,2.0,0.0,0.0,2.0,1.0,1.0,0.0,0.0,0.0,0,1,1,0.0,0.0,1.0,0.0,1.0,1.0,0,1,1.0,5.0,10.0,59699.15978193915,142178.24452174327,189003.14864841924,975.9796467737268,169644.79226986232,490421.1672517173,3582.550628707607,8725.169093860482,16868.07683845187,3.0,10.0,26.0,0,0,0,0,0,169417,182310.48
13,111,45.0,0,4,0,4,0,4,0.0,0.0,0.0,0.0,0.0,0.0,0.0,1.0,0.0,0.0,0.0,0.0,0,0,0,7.0,24.0,38.0,1.0,13.0,24.0,2.0,5.0,16.0,6.0,22.0,37.0,0.0,0.0,2.0,0.0,0.0,2.0,1.0,1.0,0.0,0.0,1.0,0,0,1,0.0,1.0,1.0,0.0,1.0,1.0,0,1,13.0,22.0,30.0,6293.692721031259,15557.525333955313,82256.18551004576,0.0,0.0,121331.27859956295,1084.5342121365998,4879.751982017726,21241.50637285268,7.0,26.0,62.0,0,1,1,0,0,158629,137250.94
14,111,19.0,0,4,2,2,1,4,0.0,0.0,0.0,0.0,0.0,0.0,0.0,0.0,0.0,1.0,0.0,0.0,0,0,0,8.0,30.0,59.0,7.0,16.0,34.0,3.0,6.0,16.0,3.0,17.0,49.0,0.0,0.0,4.0,0.0,0.0,4.0,1.0,1.0,0.0,0.0,0.0,1,1,1,1.0,1.0,1.0,1.0,1.0,1.0,1,1,3.0,9.0,37.0,2026.8955993504333,15003.467458916482,82781.52725219389,0.0,0.0,71230.65522778219,4399.640333837446,9765.212853837778,20382.52618725303,8.0,32.0,51.0,0,1,1,0,0,191730,184636.3
15,111,20.0,1,7,0,7,1,3,1.0,0.0,0.0,0.0,0.0,0.0,0.0,0.0,0.0,1.0,0.0,0.0,0,0,1,6.0,37.0,107.0,2.0,17.0,53.0,1.0,6.0,18.0,8.0,27.0,58.0,0.0,4.0,8.0,0.0,4.0,8.0,1.0,1.0,0.0,0.0,0.0,1,1,1,0.0,0.0,0.0,1.0,1.0,1.0,0,1,2.0,13.0,23.0,7013.480673170999,37190.52628909612,55371.838553245296,0.0,0.0,0.0,0.0,6841.528949605158,26407.54026830754,5.0,25.0,100.0,0,1,1,0,0,208306,209593.3
16,111,16.0,0,2,1,2,1,3,0.0,0.0,0.0,0.0,0.0,0.0,0.0,0.0,1.0,0.0,0.0,0.0,0,0,0,9.0,20.0,28.0,2.0,11.0,15.0,4.0,9.0,11.0,2.0,20.0,29.0,1.0,1.0,1.0,1.0,1.0,1.0,1.0,1.0,0.0,0.0,1.0,0,1,1,0.0,0.0,0.0,0.0,1.0,1.0,0,1,3.0,12.0,29.0,3429.6637881379493,15872.764276199265,224505.8191147689,0.0,0.0,39281.43635993053,2236.17962155113,2995.108510998442,11442.433284563283,8.0,35.0,54.0,0,1,1,0,0,179109,184073.48
17,111,5.0,1,3,2,2,1,13,1.0,0.0,0.0,0.0,0.0,0.0,0.0,0.0,0.0,1.0,0.0,0.0,0,1,1,6.0,44.0,95.0,6.0,24.0,47.0,1.0,10.0,17.0,2.0,34.0,70.0,2.0,5.0,7.0,2.0,5.0,7.0,1.0,1.0,0.0,0.0,1.0,0,0,1,0.0,0.0,1.0,1.0,1.0,1.0,0,1,7.0,10.0,28.0,12806.543741209303,27137.4393118854,73539.94919012958,0.0,0.0,0.0,706.5563562392306,3774.40982462341,25801.745338130557,5.0,21.0,55.0,1,1,1,0,0,318789,247922.38
18,111,51.0,0,2,1,1,0,3,0.0,0.0,0.0,0.0,0.0,0.0,0.0,1.0,0.0,0.0,0.0,0.0,0,0,0,3.0,12.0,19.0,5.0,8.0,13.0,2.0,8.0,9.0,4.0,11.0,20.0,1.0,1.0,1.0,1.0,1.0,1.0,1.0,1.0,0.0,0.0,0.0,0,0,1,0.0,0.0,0.0,0.0,1.0,1.0,0,1,1.0,7.0,18.0,12714.54672248292,79406.48972395655,132852.24676081477,0.0,99135.40940415049,366059.68095037725,3809.1522129286514,8281.511456030912,14539.428736875543,8.0,20.0,36.0,0,0,0,0,0,152534,132022.47
19,111,1.0,1,3,2,2,1,7,1.0,0.0,0.0,0.0,0.0,0.0,0.0,0.0,0.0,1.0,0.0,0.0,0,0,0,1.0,10.0,25.0,2.0,5.0,12.0,0.0,4.0,12.0,2.0,12.0,25.0,0.0,0.0,1.0,0.0,0.0,1.0,0.0,1.0,0.0,0.0,0.0,0,0,1,0.0,0.0,1.0,0.0,0.0,1.0,0,1,3.0,7.0,27.0,13742.006733624969,31535.80350279746,71202.54393324208,36071.02292192882,262434.8477787946,474846.4266809591,4472.35924310226,11681.829376910331,16406.80406790696,4.0,15.0,35.0,0,1,1,0,0,202453,174489.73
20,111,17.0,1,3,2,2,1,7,1.0,0.0,0.0,0.0,0.0,0.0,0.0,0.0,1.0,0.0,0.0,0.0,0,0,0,6.0,18.0,29.0,1.0,12.0,17.0,3.0,9.0,12.0,4.0,17.0,29.0,0.0,1.0,1.0,0.0,1.0,1.0,0.0,1.0,0.0,0.0,0.0,0,0,1,0.0,0.0,0.0,0.0,0.0,1.0,1,1,2.0,11.0,25.0,2864.905094162379,30651.78949611137,102403.54125923524,0.0,71009.64342049227,333363.7510277403,2143.411073101038,10766.84361937626,11276.619967029354,6.0,25.0,45.0,0,0,1,0,0,163355,168463.55
21,111,16.0,1,3,2,2,1,3,0.0,0.0,0.0,1.0,0.0,0.0,0.0,0.0,1.0,0.0,0.0,0.0,0,0,0,9.0,20.0,28.0,2.0,11.0,15.0,4.0,9.0,11.0,2.0,20.0,29.0,1.0,1.0,1.0,1.0,1.0,1.0,1.0,1.0,0.0,0.0,1.0,0,1,1,0.0,0.0,0.0,0.0,1.0,1.0,0,1,3.0,12.0,29.0,3429.6637881379493,15872.764276199265,224505.8191147689,0.0,0.0,39281.43635993053,2236.17962155113,2995.108510998442,11442.433284563283,8.0,35.0,54.0,0,1,1,0,0,194565,184835.88
22,111,16.0,0,2,2,1,0,4,0.0,0.0,0.0,0.0,0.0,0.0,0.0,1.0,0.0,0.0,0.0,0.0,0,0,0,0.0,11.0,15.0,5.0,7.0,11.0,2.0,6.0,10.0,5.0,9.0,15.0,0.0,1.0,1.0,0.0,1.0,1.0,1.0,1.0,0.0,0.0,0.0,0,0,1,0.0,0.0,0.0,1.0,1.0,1.0,1,1,2.0,7.0,15.0,29458.725950011303,88137.00277574606,144497.90050616598,0.0,60569.26242979384,339805.0235926035,3809.1522129286514,6045.331834479782,12735.923261619886,8.0,18.0,35.0,0,0,0,0,0,178730,154076.52
23,111,39.0,0,0,1,1,1,9,0.0,0.0,0.0,0.0,0.0,0.0,0.0,0.0,0.0,1.0,0.0,0.0,0,0,0,8.0,24.0,50.0,3.0,16.0,26.0,2.0,8.0,12.0,5.0,14.0,30.0,0.0,0.0,0.0,0.0,0.0,0.0,1.0,1.0,0.0,0.0,0.0,0,1,1,0.0,1.0,1.0,1.0,1.0,1.0,1,1,4.0,10.0,20.0,3207.1945864052414,43219.46830552967,98692.75718844202,0.0,86065.35057832744,378431.261196688,5837.974492082174,15473.126898566388,20362.039315039638,8.0,23.0,49.0,0,1,1,0,0,184500,175986.69
24,111,37.0,0,4,2,2,0,2,0.0,0.0,0.0,0.0,0.0,0.0,0.0,1.0,0.0,0.0,0.0,0.0,0,0,0,6.0,11.0,22.0,6.0,7.0,14.0,5.0,8.0,9.0,5.0,11.0,24.0,1.0,1.0,1.0,1.0,1.0,1.0,1.0,1.0,0.0,0.0,0.0,0,0,1,0.0,0.0,0.0,0.0,1.0,1.0,0,1,1.0,8.0,19.0,3965.9437795650815,69707.04074135175,126077.59684431844,0.0,45800.74218788682,296307.2015771635,1670.15159376544,8011.073458063844,13357.973433224275,11.0,22.0,38.0,0,0,0,0,0,140364,140042.61
25,111,5.0,1,2,2,1,1,9,0.0,0.0,0.0,1.0,0.0,0.0,0.0,0.0,0.0,1.0,0.0,0.0,0,0,0,3.0,15.0,38.0,3.0,8.0,21.0,2.0,3.0,11.0,4.0,12.0,27.0,0.0,0.0,0.0,0.0,0.0,0.0,1.0,1.0,0.0,0.0,0.0,0,1,1,0.0,1.0,1.0,1.0,1.0,1.0,0,1,4.0,9.0,23.0,11465.65107125019,37844.270943175296,84929.94826815154,13058.398467656018,206293.45958256547,479215.9464298647,7209.470133808074,14145.641661716969,20539.158939207904,4.0,20.0,38.0,1,1,1,0,0,216302,204576.05
26,111,1.0,0,2,2,1,1,3,0.0,0.0,0.0,0.0,0.0,0.0,0.0,0.0,0.0,1.0,0.0,0.0,0,0,0,5.0,30.0,57.0,8.0,15.0,28.0,2.0,8.0,14.0,4.0,18.0,39.0,0.0,0.0,2.0,0.0,0.0,2.0,1.0,1.0,0.0,0.0,0.0,1,1,1,1.0,1.0,1.0,1.0,1.0,1.0,0,1,4.0,9.0,36.0,1677.1928085696677,16638.181331496064,82609.7171719367,0.0,0.0,134915.97407760742,4399.640333837446,14234.332007334382,20382.52618725303,10.0,26.0,51.0,1,1,1,0,0,235780,209170.06
27,111,4.0,1,2,2,1,1,9,0.0,0.0,0.0,0.0,0.0,1.0,0.0,0.0,1.0,0.0,0.0,0.0,0,0,1,5.0,40.0,90.0,2.0,18.0,51.0,2.0,9.0,18.0,3.0,24.0,61.0,0.0,4.0,5.0,0.0,4.0,5.0,1.0,1.0,0.0,0.0,0.0,0,1,1,0.0,1.0,1.0,1.0,1.0,1.0,1,1,3.0,13.0,22.0,4773.436566111996,25759.54090095182,65320.992455483465,0.0,0.0,0.0,400.6777614849073,6670.712426706353,15897.388279064186,6.0,27.0,62.0,0,1,1,0,0,235755,223540.72
28,111,3.0,1,3,2,2,1,5,0.0,1.0,0.0,0.0,0.0,0.0,0.0,0.0,0.0,1.0,0.0,0.0,0,0,0,3.0,22.0,39.0,5.0,13.0,24.0,2.0,7.0,12.0,5.0,18.0,29.0,0.0,0.0,0.0,0.0,0.0,0.0,1.0,1.0,0.0,0.0,0.0,0,1,1,1.0,1.0,1.0,1.0,1.0,1.0,0,1,4.0,9.0,27.0,55.558845891784415,31388.85412363764,75611.51288977847,0.0,83684.49737493071,378091.67245531856,7015.234694760381,14593.153955486694,21904.881314261314,9.0,23.0,47.0,1,1,1,0,0,281678,233205.77
29,111,2.0,1,0,0,0,1,6,0.0,0.0,0.0,1.0,0.0,0.0,0.0,0.0,0.0,1.0,0.0,0.0,0,0,0,16.0,36.0,63.0,7.0,18.0,35.0,2.0,8.0,14.0,7.0,21.0,41.0,0.0,0.0,3.0,0.0,0.0,3.0,1.0,1.0,0.0,0.0,0.0,0,1,1,0.0,0.0,1.0,1.0,1.0,1.0,1,1,1.0,11.0,26.0,6109.061673518934,18814.320876849968,110869.88386580392,0.0,0.0,74957.94941135483,2236.17962155113,8266.655584586571,21939.961123007783,7.0,28.0,62.0,0,0,1,0,0,233473,232772.02
30,111,15.0,1,3,2,2,1,10,0.0,0.0,0.0,0.0,0.0,1.0,0.0,0.0,0.0,1.0,0.0,0.0,1,1,1,5.0,22.0,45.0,3.0,11.0,24.0,2.0,5.0,12.0,4.0,16.0,32.0,1.0,1.0,5.0,1.0,1.0,5.0,0.0,1.0,0.0,0.0,0.0,1,1,1,0.0,0.0,0.0,0.0,1.0,1.0,1,1,4.0,10.0,16.0,3306.8578493796003,51413.6552868067,265674.006340563,0.0,0.0,110078.24717108624,4270.580346055849,17362.139104783553,52486.625151224674,13.0,32.0,75.0,0,1,1,0,1,183359,183320.95
31,111,46.0,0,3,2,1,0,3,0.0,0.0,0.0,0.0,0.0,0.0,0.0,1.0,0.0,0.0,0.0,0.0,0,0,0,5.0,13.0,26.0,1.0,11.0,15.0,2.0,9.0,12.0,4.0,13.0,27.0,0.0,1.0,1.0,0.0,1.0,1.0,0.0,1.0,0.0,0.0,0.0,0,0,1,0.0,0.0,0.0,0.0,0.0,1.0,0,1,1.0,7.0,25.0,1747.869313988978,58817.56272281172,116106.0052407539,0.0,127480.47203073792,387029.2059951321,616.4872283692938,10517.691077582042,11419.804539300669,6.0,21.0,41.0,0,0,0,0,0,157756,130345.95
32,111,53.0,0,3,1,1,0,3,0.0,0.0,0.0,0.0,0.0,0.0,0.0,1.0,0.0,0.0,0.0,0.0,0,0,1,18.0,58.0,100.0,5.0,27.0,51.0,1.0,8.0,18.0,5.0,36.0,76.0,1.0,7.0,12.0,1.0,7.0,12.0,1.0,1.0,0.0,0.0,0.0,1,1,1,0.0,0.0,0.0,0.0,1.0,1.0,0,1,4.0,7.0,19.0,20979.04470143171,35698.32306401663,98618.55536129166,0.0,0.0,0.0,3078.015321799217,7325.218291766595,58370.84731489451,5.0,21.0,102.0,1,1,1,0,0,234696,244317.62
33,111,12.0,1,3,2,2,1,2,0.0,1.0,0.0,0.0,0.0,0.0,0.0,0.0,1.0,0.0,0.0,0.0,0,0,0,0.0,7.0,22.0,1.0,4.0,15.0,0.0,3.0,13.0,1.0,8.0,25.0,0.0,0.0,1.0,0.0,0.0,1.0,0.0,0.0,0.0,0.0,0.0,0,0,0,0.0,0.0,0.0,0.0,0.0,0.0,0,1,1.0,4.0,16.0,12884.487048995628,32166.43116975439,117825.87697582733,72987.38491547067,293824.7676415835,492792.5155864747,2236.17962155113,5464.020882534704,23152.18065229317,2.0,11.0,31.0,0,0,1,0,0,171778,166419.1
34,111,12.0,1,1,1,1,1,11,0.0,0.0,0.0,0.0,0.0,1.0,0.0,0.0,0.0,1.0,0.0,0.0,0,1,1,12.0,31.0,64.0,6.0,17.0,31.0,1.0,8.0,12.0,8.0,23.0,39.0,1.0,3.0,4.0,1.0,3.0,4.0,0.0,1.0,0.0,0.0,0.0,0,1,1,0.0,0.0,0.0,1.0,1.0,1.0,1,1,3.0,10.0,20.0,2222.996490683443,10616.24159316064,217176.30477399676,0.0,0.0,39043.74882729437,0.4348390989281712,13620.233845563229,42930.28006373835,13.0,36.0,92.0,0,1,1,0,0,163771,205924.9
35,111,42.0,0,2,2,1,0,2,0.0,0.0,0.0,0.0,0.0,0.0,0.0,1.0,0.0,0.0,0.0,0.0,0,0,0,4.0,13.0,20.0,6.0,7.0,11.0,4.0,6.0,9.0,5.0,11.0,20.0,1.0,1.0,1.0,1.0,1.0,1.0,1.0,1.0,0.0,0.0,0.0,0,0,1,0.0,0.0,0.0,1.0,1.0,1.0,1,1,3.0,10.0,16.0,1067.4210423724203,27977.106036371737,203810.51031053127,0.0,0.0,124284.29757194516,2236.17962155113,4643.550688550215,22655.38889572801,8.0,22.0,44.0,0,0,1,0,0,172357,156748.81
36,111,40.0,0,1,0,1,1,8,0.0,0.0,0.0,0.0,0.0,0.0,0.0,0.0,0.0,1.0,0.0,0.0,0,0,0,11.0,41.0,82.0,3.0,22.0,37.0,1.0,10.0,15.0,7.0,19.0,51.0,0.0,2.0,7.0,0.0,2.0,7.0,1.0,1.0,0.0,0.0,0.0,0,1,1,0.0,0.0,1.0,1.0,1.0,1.0,0,1,2.0,13.0,26.0,4720.467503314203,23467.198690165704,76183.9699103455,0.0,0.0,0.0,0.0932299479084202,4629.019654111124,22176.179674968225,7.0,31.0,69.0,0,0,1,0,0,130394,149723.75
37,111,41.0,0,2,2,1,1,4,0.0,0.0,0.0,0.0,0.0,0.0,0.0,0.0,1.0,0.0,0.0,0.0,0,0,0,1.0,11.0,28.0,5.0,6.0,20.0,1.0,6.0,13.0,5.0,13.0,31.0,0.0,0.0,1.0,0.0,0.0,1.0,1.0,1.0,0.0,0.0,0.0,0,0,1,0.0,0.0,1.0,0.0,1.0,1.0,0,1,4.0,11.0,27.0,11202.291996291067,29843.238989370617,68857.37848991527,3231.550077313985,175673.96494983803,435159.1922259457,4234.188765543068,11693.01245583694,18909.760896086264,5.0,18.0,39.0,0,1,1,0,0,193798,177150.47
38,111,1.0,1,4,2,2,1,9,1.0,0.0,0.0,0.0,0.0,0.0,0.0,0.0,0.0,1.0,0.0,0.0,0,1,1,10.0,30.0,64.0,3.0,15.0,29.0,2.0,7.0,13.0,8.0,21.0,43.0,1.0,3.0,8.0,1.0,3.0,8.0,0.0,1.0,0.0,0.0,0.0,0,1,1,0.0,0.0,0.0,0.0,1.0,1.0,1,1,4.0,11.0,18.0,1975.880157256848,21396.75534724159,195641.20176000107,0.0,0.0,0.0,2421.8818092570204,19735.29257131597,60729.271609093375,13.0,33.0,120.0,0,1,1,0,1,225474,200061.67
39,111,26.0,0,1,1,1,1,8,0.0,0.0,0.0,0.0,0.0,0.0,0.0,0.0,0.0,1.0,0.0,0.0,0,0,1,10.0,36.0,79.0,4.0,22.0,34.0,2.0,7.0,18.0,10.0,24.0,49.0,0.0,3.0,7.0,0.0,3.0,7.0,1.0,1.0,0.0,0.0,0.0,0,1,1,0.0,0.0,0.0,0.0,1.0,1.0,0,1,1.0,14.0,21.0,4536.527695821449,18711.62059660831,62752.59210823081,0.0,0.0,0.0,0.0,4945.8535471602645,38116.48450393632,8.0,34.0,99.0,0,1,1,0,0,183842,185111.4
40,111,10.0,1,4,2,2,1,6,1.0,0.0,0.0,0.0,0.0,0.0,0.0,0.0,0.0,1.0,0.0,0.0,0,0,0,13.0,35.0,64.0,3.0,19.0,32.0,3.0,8.0,18.0,3.0,17.0,46.0,0.0,0.0,3.0,0.0,0.0,3.0,1.0,1.0,0.0,0.0,0.0,1,1,1,0.0,1.0,1.0,0.0,1.0,1.0,1,1,2.0,10.0,30.0,5564.198717894744,18342.47513279624,87470.31203983683,0.0,0.0,73304.54016437843,4399.640333837446,9296.15739238931,18086.242141482515,5.0,33.0,59.0,0,1,1,0,0,201016,205961.42
41,111,14.0,1,1,1,1,1,13,0.0,1.0,0.0,0.0,0.0,0.0,0.0,0.0,0.0,1.0,0.0,0.0,0,1,1,9.0,30.0,65.0,6.0,15.0,29.0,1.0,6.0,12.0,8.0,22.0,37.0,1.0,3.0,5.0,1.0,3.0,5.0,0.0,1.0,0.0,0.0,0.0,0,1,1,0.0,0.0,0.0,0.0,1.0,1.0,1,1,4.0,10.0,19.0,2019.1981580137724,9096.798037651692,226780.13523963263,0.0,0.0,28337.12852801551,744.77724280969,18838.460799384597,47690.94500157919,14.0,38.0,105.0,0,1,1,0,1,179952,157504.62
42,111,40.0,0,3,2,2,1,4,0.0,0.0,0.0,0.0,0.0,0.0,0.0,0.0,1.0,0.0,0.0,0.0,0,0,0,9.0,17.0,25.0,5.0,11.0,15.0,4.0,9.0,11.0,3.0,18.0,26.0,1.0,1.0,1.0,1.0,1.0,1.0,1.0,1.0,0.0,0.0,1.0,0,1,1,0.0,0.0,0.0,0.0,1.0,1.0,0,1,4.0,9.0,28.0,2720.6267667271304,8337.630036385695,222732.5434723565,0.0,0.0,40900.655630090725,2236.17962155113,3442.947972870523,16823.13269173364,10.0,33.0,50.0,0,1,1,0,0,176970,170309.0
43,111,5.0,1,2,2,2,1,8,0.0,0.0,0.0,1.0,0.0,0.0,0.0,0.0,0.0,1.0,0.0,0.0,0,0,0,3.0,15.0,38.0,3.0,8.0,21.0,2.0,3.0,11.0,4.0,12.0,27.0,0.0,0.0,0.0,0.0,0.0,0.0,1.0,1.0,0.0,0.0,0.0,0,1,1,0.0,1.0,1.0,1.0,1.0,1.0,0,1,4.0,9.0,23.0,11465.65107125019,37844.270943175296,84929.94826815154,13058.398467656018,206293.45958256547,479215.9464298647,7209.470133808074,14145.641661716969,20539.158939207904,4.0,20.0,38.0,1,1,1,0,0,212021,197705.67
44,111,4.0,1,2,2,1,1,7,0.0,1.0,0.0,0.0,0.0,0.0,0.0,0.0,1.0,0.0,0.0,0.0,0,0,1,5.0,40.0,90.0,2.0,18.0,51.0,2.0,9.0,18.0,3.0,24.0,61.0,0.0,4.0,5.0,0.0,4.0,5.0,1.0,1.0,0.0,0.0,0.0,0,1,1,0.0,1.0,1.0,1.0,1.0,1.0,1,1,3.0,13.0,22.0,4773.436566111996,25759.54090095182,65320.992455483465,0.0,0.0,0.0,400.6777614849073,6670.712426706353,15897.388279064186,6.0,27.0,62.0,0,1,1,0,0,214994,243136.55
45,111,39.0,0,5,2,2,1,9,0.0,0.0,0.0,0.0,0.0,0.0,0.0,0.0,0.0,1.0,0.0,0.0,0,0,1,10.0,39.0,66.0,3.0,19.0,37.0,2.0,6.0,17.0,9.0,22.0,46.0,0.0,1.0,5.0,0.0,1.0,5.0,1.0,1.0,0.0,0.0,0.0,0,1,1,0.0,0.0,0.0,1.0,1.0,1.0,0,1,3.0,10.0,26.0,6153.841160956206,17384.977588074467,118925.029453738,0.0,0.0,24194.910902341577,2236.17962155113,5234.0943324327145,23874.018821303733,7.0,31.0,64.0,0,0,1,0,0,197649,159788.31
46,111,41.0,0,2,2,1,1,6,0.0,0.0,0.0,0.0,0.0,0.0,0.0,0.0,0.0,1.0,0.0,0.0,0,1,1,3.0,21.0,64.0,2.0,11.0,30.0,3.0,6.0,14.0,5.0,18.0,45.0,1.0,3.0,9.0,1.0,3.0,9.0,0.0,1.0,0.0,0.0,0.0,1,1,1,0.0,0.0,0.0,0.0,1.0,1.0,1,1,3.0,7.0,14.0,3306.8578493796003,41665.56864763945,242604.7598422485,0.0,0.0,27707.10969282608,5077.557048571461,24339.397145541683,71733.22192487189,10.0,36.0,126.0,1,1,1,0,1,181501,187353.53
47,111,4.0,1,2,2,1,1,10,0.0,1.0,0.0,0.0,0.0,0.0,0.0,0.0,1.0,0.0,0.0,0.0,0,0,1,5.0,40.0,90.0,2.0,18.0,51.0,2.0,9.0,18.0,3.0,24.0,61.0,0.0,4.0,5.0,0.0,4.0,5.0,1.0,1.0,0.0,0.0,0.0,0,1,1,0.0,1.0,1.0,1.0,1.0,1.0,1,1,3.0,13.0,22.0,4773.436566111996,25759.54090095182,65320.992455483465,0.0,0.0,0.0,400.6777614849073,6670.712426706353,15897.388279064186,6.0,27.0,62.0,0,1,1,0,0,254719,253954.34
48,111,44.0,0,1,1,1,1,12,0.0,0.0,0.0,0.0,0.0,0.0,0.0,0.0,0.0,1.0,0.0,0.0,0,1,1,7.0,25.0,50.0,5.0,13.0,24.0,1.0,8.0,12.0,8.0,18.0,29.0,1.0,1.0,3.0,1.0,1.0,3.0,0.0,1.0,0.0,0.0,0.0,0,1,1,0.0,0.0,0.0,1.0,1.0,1.0,1,1,6.0,11.0,18.0,0.0,113647.3107754444,269869.09595316,0.0,8194.433185508904,227655.56127421575,1542.94963126229,19536.310687915706,27683.12865341573,11.0,37.0,52.0,0,1,1,0,0,175015,160925.2
49,111,39.0,0,0,1,1,1,7,0.0,0.0,0.0,0.0,0.0,0.0,0.0,0.0,1.0,0.0,0.0,0.0,0,0,0,2.0,20.0,40.0,2.0,14.0,22.0,2.0,5.0,10.0,3.0,12.0,24.0,0.0,0.0,0.0,0.0,0.0,0.0,1.0,1.0,0.0,0.0,0.0,0,1,1,0.0,1.0,1.0,1.0,1.0,1.0,1,1,4.0,8.0,17.0,15859.249841406556,52756.93616162148,118885.87435490129,14407.1074618667,205149.81459002363,494639.4621865911,1627.8368093697393,16042.15004542153,20222.72207320765,4.0,22.0,42.0,0,1,1,0,0,165348,167586.19
50,111,36.0,0,3,2,1,0,4,0.0,0.0,0.0,0.0,0.0,0.0,0.0,1.0,0.0,0.0,0.0,0.0,0,0,0,1.0,8.0,23.0,2.0,5.0,17.0,0.0,4.0,12.0,2.0,11.0,25.0,0.0,0.0,1.0,0.0,0.0,1.0,0.0,1.0,0.0,0.0,0.0,0,0,0,0.0,0.0,1.0,0.0,0.0,1.0,0,1,2.0,5.0,25.0,14442.08392313001,32636.728433485485,80122.42314404223,54311.88951374836,283798.2966002695,486119.6952853509,4071.7929847588734,10258.635344471846,21265.318896922123,4.0,15.0,32.0,0,1,1,0,0,152025,139315.4
51,111,41.0,0,2,2,1,0,2,0.0,0.0,0.0,0.0,0.0,0.0,0.0,1.0,0.0,0.0,0.0,0.0,0,0,0,2.0,9.0,26.0,2.0,6.0,14.0,1.0,3.0,10.0,3.0,11.0,27.0,0.0,0.0,0.0,0.0,0.0,0.0,1.0,1.0,0.0,0.0,0.0,0,0,1,0.0,0.0,1.0,0.0,1.0,1.0,0,0,3.0,6.0,25.0,14689.417831453677,32773.714583686124,73778.4244112197,50247.856934298434,282986.82863404334,498256.2402950793,5437.541701740594,11681.829376910331,21167.879281873324,4.0,16.0,34.0,0,1,1,0,0,133399,132039.47
52,111,37.0,0,4,0,4,0,3,0.0,0.0,0.0,0.0,0.0,0.0,0.0,1.0,0.0,0.0,0.0,0.0,0,0,0,1.0,9.0,20.0,1.0,6.0,10.0,1.0,4.0,9.0,1.0,8.0,15.0,0.0,1.0,1.0,0.0,1.0,1.0,1.0,1.0,0.0,0.0,0.0,0,0,1,0.0,0.0,0.0,1.0,1.0,1.0,0,1,6.0,10.0,16.0,1067.4210423724203,11949.275906175511,236582.869112624,0.0,55899.95966702514,147078.43207409693,0.0,7692.524119147178,26136.21416122516,1.0,18.0,37.0,0,0,1,0,0,163026,154764.25
53,111,38.0,0,4,2,2,1,3,0.0,0.0,0.0,0.0,0.0,0.0,0.0,0.0,1.0,0.0,0.0,0.0,0,0,0,6.0,16.0,47.0,4.0,6.0,21.0,1.0,6.0,13.0,4.0,15.0,43.0,0.0,0.0,4.0,0.0,0.0,4.0,1.0,1.0,1.0,1.0,1.0,1,1,1,0.0,0.0,1.0,0.0,1.0,1.0,0,1,10.0,20.0,27.0,9964.66042183105,94010.83569345211,239059.49715642704,0.0,0.0,0.0,758.9288894473118,2995.108510998442,17391.67076628573,8.0,31.0,63.0,0,1,1,0,0,174321,120543.445
54,111,44.0,0,3,1,1,0,2,0.0,0.0,0.0,0.0,0.0,0.0,0.0,1.0,0.0,0.0,0.0,0.0,0,0,0,2.0,9.0,16.0,1.0,7.0,9.0,1.0,4.0,9.0,3.0,9.0,15.0,0.0,1.0,1.0,0.0,1.0,1.0,1.0,1.0,0.0,0.0,0.0,0,0,1,0.0,0.0,0.0,1.0,1.0,1.0,1,1,5.0,9.0,16.0,1641.0389638854735,23639.44638811853,199720.8757038949,0.0,18199.693170551745,148918.19923997065,1065.4700349446953,9059.670709087335,27592.780632640628,3.0,17.0,38.0,0,0,1,0,0,151812,144925.66
55,111,40.0,0,3,3,3,1,2,0.0,0.0,0.0,0.0,0.0,0.0,0.0,0.0,1.0,0.0,0.0,0.0,0,0,0,9.0,17.0,25.0,5.0,11.0,15.0,4.0,9.0,11.0,3.0,18.0,26.0,1.0,1.0,1.0,1.0,1.0,1.0,1.0,1.0,0.0,0.0,1.0,0,1,1,0.0,0.0,0.0,0.0,1.0,1.0,0,1,4.0,9.0,28.0,2720.6267667271304,8337.630036385695,222732.5434723565,0.0,0.0,40900.655630090725,2236.17962155113,3442.947972870523,16823.13269173364,10.0,33.0,50.0,0,1,1,0,0,165172,176752.92
56,111,47.0,0,3,2,2,0,3,0.0,0.0,0.0,0.0,0.0,0.0,0.0,1.0,0.0,0.0,0.0,0.0,0,0,0,10.0,40.0,83.0,3.0,21.0,43.0,1.0,11.0,16.0,10.0,19.0,54.0,0.0,1.0,7.0,0.0,1.0,7.0,1.0,1.0,0.0,0.0,0.0,0,1,1,0.0,0.0,1.0,1.0,1.0,1.0,0,1,1.0,12.0,28.0,2987.171457711905,23485.057162720303,69264.14557735839,0.0,0.0,0.0,0.0,6601.022540380678,17358.34435771878,7.0,29.0,69.0,0,0,1,0,0,151261,151050.08
57,111,36.0,0,3,1,1,0,2,0.0,0.0,0.0,0.0,0.0,0.0,0.0,1.0,0.0,0.0,0.0,0.0,0,0,0,2.0,11.0,18.0,5.0,7.0,12.0,3.0,7.0,9.0,5.0,9.0,18.0,1.0,1.0,1.0,1.0,1.0,1.0,1.0,1.0,0.0,0.0,0.0,0,0,1,0.0,0.0,0.0,1.0,1.0,1.0,1,1,2.0,7.0,15.0,23200.75016053048,82836.69914091057,139164.11240419405,0.0,53849.80692781509,320254.3144918685,3585.912401934266,6045.331834479782,14207.34382420939,9.0,18.0,35.0,0,0,0,0,0,139377,143437.75
58,111,41.0,0,1,1,1,1,5,0.0,0.0,0.0,0.0,0.0,0.0,0.0,0.0,0.0,1.0,0.0,0.0,0,1,1,3.0,21.0,64.0,2.0,11.0,30.0,3.0,6.0,14.0,5.0,18.0,45.0,1.0,3.0,9.0,1.0,3.0,9.0,0.0,1.0,0.0,0.0,0.0,1,1,1,0.0,0.0,0.0,0.0,1.0,1.0,1,1,3.0,7.0,14.0,3306.8578493796003,41665.56864763945,242604.7598422485,0.0,0.0,27707.10969282608,5077.557048571461,24339.397145541683,71733.22192487189,10.0,36.0,126.0,1,1,1,0,1,182488,181545.88
59,111,1.0,1,2,2,1,1,2,1.0,0.0,0.0,0.0,0.0,0.0,0.0,0.0,0.0,1.0,0.0,0.0,0,0,0,1.0,10.0,25.0,2.0,5.0,12.0,0.0,4.0,12.0,2.0,12.0,25.0,0.0,0.0,1.0,0.0,0.0,1.0,0.0,1.0,0.0,0.0,0.0,0,0,1,0.0,0.0,1.0,0.0,0.0,1.0,0,1,3.0,7.0,27.0,13742.006733624969,31535.80350279746,71202.54393324208,36071.02292192882,262434.8477787946,474846.4266809591,4472.35924310226,11681.829376910331,16406.80406790696,4.0,15.0,35.0,0,1,1,0,0,174201,154237.95
60,111,13.0,1,3,2,2,1,9,1.0,0.0,0.0,0.0,0.0,0.0,0.0,0.0,0.0,1.0,0.0,0.0,0,0,0,6.0,22.0,39.0,2.0,10.0,22.0,3.0,7.0,14.0,8.0,20.0,35.0,0.0,0.0,1.0,0.0,0.0,1.0,1.0,1.0,0.0,0.0,1.0,0,0,1,0.0,1.0,1.0,0.0,0.0,1.0,1,1,7.0,21.0,30.0,5844.718539511071,13400.263354784349,79269.58831842028,0.0,0.0,165328.06296504635,2643.5723604665964,4879.751982017726,20941.76024981312,8.0,24.0,61.0,0,1,1,0,0,220947,179836.31
61,111,37.0,0,1,1,1,0,4,0.0,0.0,0.0,0.0,0.0,0.0,0.0,1.0,0.0,0.0,0.0,0.0,0,0,0,8.0,24.0,47.0,5.0,13.0,23.0,3.0,5.0,11.0,4.0,12.0,31.0,0.0,0.0,0.0,0.0,0.0,0.0,1.0,1.0,0.0,0.0,0.0,0,1,1,0.0,1.0,1.0,1.0,1.0,1.0,1,1,3.0,11.0,20.0,4732.074155619858,58822.24751357809,130946.39089861208,0.0,125663.20945580862,427650.93277255807,1997.5127264676528,17090.907649480716,18335.563562992727,4.0,24.0,43.0,0,1,1,0,0,162741,157227.08
62,111,8.0,1,3,2,2,1,11,0.0,0.0,0.0,0.0,0.0,1.0,0.0,0.0,0.0,1.0,0.0,0.0,0,0,0,7.0,24.0,69.0,5.0,14.0,34.0,0.0,7.0,16.0,4.0,20.0,46.0,0.0,1.0,5.0,0.0,1.0,5.0,1.0,1.0,0.0,0.0,1.0,0,1,1,1.0,1.0,1.0,0.0,1.0,1.0,0,1,2.0,18.0,35.0,3670.541405682428,24833.25180764326,65235.19184502074,0.0,0.0,1610.4718216306228,0.0,7072.860000972956,21567.38531482994,7.0,30.0,60.0,1,1,1,0,0,256467,242955.67
63,111,27.0,0,2,2,1,1,7,0.0,0.0,0.0,0.0,0.0,0.0,0.0,0.0,1.0,0.0,0.0,0.0,0,0,1,8.0,36.0,84.0,3.0,19.0,43.0,3.0,10.0,17.0,3.0,21.0,56.0,0.0,2.0,5.0,0.0,2.0,5.0,1.0,1.0,0.0,0.0,0.0,0,1,1,0.0,1.0,1.0,1.0,1.0,1.0,1,1,0.0,11.0,27.0,4773.436566111996,20946.74516237087,60895.33397731843,0.0,0.0,0.0,322.0823468770378,8672.735669847465,15820.956907212563,4.0,31.0,58.0,0,1,1,0,0,176479,199109.58
64,111,40.0,0,1,1,1,1,10,0.0,0.0,0.0,0.0,0.0,0.0,0.0,0.0,0.0,1.0,0.0,0.0,0,0,0,11.0,41.0,82.0,3.0,22.0,37.0,1.0,10.0,15.0,7.0,19.0,51.0,0.0,2.0,7.0,0.0,2.0,7.0,1.0,1.0,0.0,0.0,0.0,0,1,1,0.0,0.0,1.0,1.0,1.0,1.0,0,1,2.0,13.0,26.0,4720.467503314203,23467.198690165704,76183.9699103455,0.0,0.0,0.0,0.0932299479084202,4629.019654111124,22176.179674968225,7.0,31.0,69.0,0,0,1,0,0,166304,148102.83
65,111,1.0,1,3,2,2,1,12,1.0,0.0,0.0,0.0,0.0,0.0,0.0,0.0,0.0,1.0,0.0,0.0,0,0,0,1.0,10.0,25.0,2.0,5.0,12.0,0.0,4.0,12.0,2.0,12.0,25.0,0.0,0.0,1.0,0.0,0.0,1.0,0.0,1.0,0.0,0.0,0.0,0,0,1,0.0,0.0,1.0,0.0,0.0,1.0,0,1,3.0,7.0,27.0,13742.006733624969,31535.80350279746,71202.54393324208,36071.02292192882,262434.8477787946,474846.4266809591,4472.35924310226,11681.829376910331,16406.80406790696,4.0,15.0,35.0,0,1,1,0,0,167058,195175.48
66,111,49.0,0,3,2,1,1,4,0.0,0.0,0.0,0.0,0.0,0.0,0.0,0.0,1.0,0.0,0.0,0.0,1,1,1,5.0,18.0,41.0,3.0,9.0,20.0,1.0,5.0,10.0,6.0,12.0,25.0,0.0,1.0,3.0,0.0,1.0,3.0,1.0,1.0,0.0,0.0,0.0,0,1,1,0.0,0.0,0.0,1.0,1.0,1.0,1,1,3.0,11.0,15.0,2528.8777982342267,180179.78646114972,280560.44392753264,0.0,37618.4881942154,309923.7015374141,3776.269605739397,17474.434147087148,41957.40856254615,11.0,32.0,50.0,0,1,1,0,0,163934,151589.88
67,111,51.0,0,4,0,4,0,4,0.0,0.0,0.0,0.0,0.0,0.0,0.0,1.0,0.0,0.0,0.0,0.0,0,0,0,1.0,11.0,28.0,5.0,6.0,17.0,1.0,6.0,13.0,5.0,13.0,29.0,0.0,0.0,1.0,0.0,0.0,1.0,1.0,1.0,0.0,0.0,0.0,0,0,1,0.0,1.0,1.0,0.0,1.0,1.0,0,1,4.0,11.0,27.0,10908.541092340409,29986.86383929868,68731.29843067558,2880.9974633579927,174136.6499476076,435118.9462886922,3529.7059409469084,11681.829376910331,18746.374648350786,5.0,18.0,40.0,0,1,1,0,0,139389,173182.92
68,111,37.0,0,2,2,1,1,3,0.0,0.0,0.0,0.0,0.0,0.0,0.0,0.0,1.0,0.0,0.0,0.0,0,0,0,1.0,11.0,33.0,0.0,7.0,17.0,0.0,4.0,9.0,0.0,6.0,22.0,0.0,0.0,0.0,0.0,0.0,0.0,1.0,1.0,0.0,0.0,0.0,0,0,1,0.0,0.0,1.0,1.0,1.0,1.0,0,1,2.0,7.0,17.0,22047.65237111515,57813.50830552738,130084.14495120174,78089.40707017828,332574.7876856515,579761.4591290933,809.4809271279634,12724.411378740842,23719.58058255012,0.0,13.0,35.0,0,1,1,0,0,166179,136303.36
69,111,46.0,0,3,2,1,0,4,0.0,0.0,0.0,0.0,0.0,0.0,0.0,1.0,0.0,0.0,0.0,0.0,0,0,0,8.0,24.0,52.0,0.0,14.0,26.0,2.0,7.0,14.0,6.0,22.0,38.0,0.0,0.0,3.0,0.0,0.0,3.0,1.0,1.0,0.0,0.0,1.0,0,1,1,1.0,1.0,1.0,0.0,1.0,1.0,0,1,13.0,21.0,30.0,4285.44229242051,22963.978514566614,73235.29248656248,0.0,0.0,45302.05296965472,0.0,6889.295186500306,21342.405149966267,8.0,33.0,51.0,1,1,1,0,0,163982,140013.38
70,111,17.0,1,2,2,2,1,4,0.0,1.0,0.0,0.0,0.0,0.0,0.0,0.0,0.0,1.0,0.0,0.0,0,0,1,5.0,35.0,109.0,2.0,14.0,56.0,3.0,9.0,17.0,6.0,21.0,60.0,1.0,3.0,8.0,1.0,3.0,8.0,1.0,1.0,0.0,0.0,0.0,0,1,1,0.0,0.0,1.0,1.0,1.0,1.0,0,1,4.0,11.0,24.0,1076.7032290381107,43226.76212789184,62022.86769482589,0.0,0.0,0.0,0.0,5826.064284841466,19354.60201662765,8.0,21.0,63.0,0,1,1,0,0,244769,210561.81
71,111,5.0,1,3,2,1,1,12,0.0,0.0,1.0,0.0,0.0,0.0,0.0,0.0,0.0,1.0,0.0,0.0,0,1,1,11.0,31.0,65.0,6.0,19.0,30.0,1.0,6.0,13.0,8.0,22.0,39.0,1.0,3.0,6.0,1.0,3.0,6.0,0.0,1.0,0.0,0.0,0.0,0,1,1,0.0,0.0,0.0,0.0,1.0,1.0,1,1,2.0,11.0,20.0,2124.09814264144,9312.697058019998,209548.53639616384,0.0,0.0,16961.689586987686,986.5094226464488,17082.96974039865,44551.29991220252,11.0,36.0,108.0,0,1,1,0,1,224312,214788.42
72,111,1.0,1,2,2,1,1,10,1.0,0.0,0.0,0.0,0.0,0.0,0.0,0.0,0.0,1.0,0.0,0.0,0,0,0,1.0,10.0,25.0,2.0,5.0,12.0,0.0,4.0,12.0,2.0,12.0,25.0,0.0,0.0,1.0,0.0,0.0,1.0,0.0,1.0,0.0,0.0,0.0,0,0,1,0.0,0.0,1.0,0.0,0.0,1.0,0,1,3.0,7.0,27.0,13742.006733624969,31535.80350279746,71202.54393324208,36071.02292192882,262434.8477787946,474846.4266809591,4472.35924310226,11681.829376910331,16406.80406790696,4.0,15.0,35.0,0,1,1,0,0,171601,180395.34
73,111,10.0,1,3,2,2,1,5,1.0,0.0,0.0,0.0,0.0,0.0,0.0,0.0,0.0,1.0,0.0,0.0,0,0,0,2.0,12.0,22.0,1.0,5.0,12.0,0.0,4.0,8.0,5.0,9.0,16.0,0.0,1.0,1.0,0.0,1.0,1.0,1.0,1.0,0.0,1.0,1.0,1,1,1,0.0,0.0,0.0,1.0,1.0,1.0,0,1,3.0,9.0,25.0,21886.11957084868,204288.6791854964,319979.285453536,0.0,0.0,111404.2451111976,0.0,4403.49023476604,20757.243978012342,10.0,26.0,44.0,1,1,1,0,0,214695,241891.78
74,111,40.0,0,4,2,3,0,5,0.0,0.0,0.0,0.0,0.0,0.0,0.0,1.0,0.0,0.0,0.0,0.0,0,0,0,3.0,10.0,31.0,1.0,5.0,14.0,0.0,2.0,14.0,3.0,11.0,32.0,0.0,0.0,2.0,0.0,0.0,2.0,1.0,1.0,1.0,1.0,1.0,1,1,1,0.0,0.0,0.0,1.0,1.0,1.0,0,1,1.0,13.0,27.0,73214.83917190356,216709.17941181068,315726.0694379611,0.0,0.0,34396.3157446808,351.5361505318455,4805.696654515456,19769.51282836828,13.0,31.0,48.0,1,1,1,0,0,171278,172336.12
75,111,51.0,0,3,2,2,0,1,0.0,0.0,0.0,0.0,0.0,0.0,0.0,1.0,0.0,0.0,0.0,0.0,0,0,0,3.0,10.0,30.0,2.0,8.0,16.0,1.0,3.0,11.0,3.0,11.0,27.0,0.0,0.0,0.0,0.0,0.0,0.0,1.0,1.0,0.0,0.0,0.0,0,0,1,0.0,1.0,1.0,0.0,1.0,1.0,0,0,4.0,7.0,25.0,13646.03467556684,32544.41508875836,76723.48978884233,31260.20279190492,251421.23179174704,486728.3179094339,7209.470133808074,11681.829376910331,19938.902187099346,4.0,17.0,32.0,1,1,1,0,0,196613,135407.19
76,111,13.0,1,2,2,2,1,10,0.0,0.0,0.0,0.0,0.0,1.0,0.0,0.0,0.0,1.0,0.0,0.0,0,0,0,0.0,8.0,23.0,0.0,4.0,13.0,0.0,4.0,12.0,1.0,8.0,23.0,1.0,1.0,1.0,1.0,1.0,1.0,0.0,0.0,0.0,0.0,0.0,0,1,1,0.0,1.0,1.0,0.0,0.0,1.0,0,0,2.0,5.0,10.0,4972.832981805518,79308.56031633147,237947.20545792108,42824.739235171495,113720.1482557825,204507.37677595785,67.63644751092205,11605.642851293698,36919.97772711964,2.0,11.0,29.0,0,0,0,0,0,219732,214976.25
77,111,2.0,0,1,1,1,1,2,0.0,0.0,0.0,0.0,0.0,0.0,0.0,0.0,1.0,0.0,0.0,0.0,0,0,0,7.0,22.0,51.0,4.0,6.0,27.0,0.0,6.0,13.0,5.0,15.0,46.0,0.0,1.0,4.0,0.0,1.0,4.0,1.0,1.0,1.0,1.0,1.0,0,1,1,0.0,0.0,1.0,0.0,1.0,1.0,0,1,12.0,17.0,27.0,13040.1293898474,75510.3404574428,197908.45363120924,0.0,0.0,0.0,407.3927389154664,2995.108510998442,19874.878477566817,7.0,31.0,66.0,0,1,1,0,0,215967,209487.11
78,111,3.0,1,2,2,1,1,15,0.0,0.0,0.0,1.0,0.0,0.0,0.0,0.0,0.0,1.0,0.0,0.0,0,0,0,13.0,33.0,62.0,5.0,17.0,30.0,4.0,8.0,17.0,3.0,18.0,40.0,0.0,0.0,3.0,0.0,0.0,3.0,1.0,1.0,0.0,0.0,0.0,1,1,1,0.0,1.0,1.0,0.0,1.0,1.0,1,1,3.0,10.0,24.0,2880.4791571760347,16894.102799888216,90693.00149796224,0.0,0.0,110915.83077897612,4399.640333837446,9410.040974673484,19399.12435533954,7.0,30.0,60.0,0,1,1,0,0,211884,252631.28
79,111,13.0,1,3,2,2,1,5,1.0,0.0,0.0,0.0,0.0,0.0,0.0,0.0,0.0,1.0,0.0,0.0,0,0,1,9.0,33.0,50.0,6.0,15.0,27.0,3.0,5.0,12.0,6.0,22.0,33.0,0.0,1.0,3.0,0.0,1.0,3.0,0.0,1.0,0.0,0.0,0.0,0,0,1,0.0,0.0,0.0,1.0,1.0,1.0,0,1,5.0,13.0,18.0,3665.8420456306535,71640.6684112342,199567.4526394441,0.0,7320.990822658483,200098.9086088636,2236.17962155113,8666.125760692434,29834.207034955834,12.0,33.0,61.0,0,0,1,0,0,170618,175396.27
80,111,14.0,1,2,2,2,1,3,1.0,0.0,0.0,0.0,0.0,0.0,0.0,0.0,0.0,1.0,0.0,0.0,0,0,0,0.0,6.0,21.0,1.0,6.0,12.0,0.0,4.0,8.0,1.0,8.0,16.0,0.0,1.0,1.0,0.0,1.0,1.0,1.0,1.0,0.0,0.0,0.0,0,0,1,0.0,0.0,0.0,0.0,1.0,1.0,0,1,6.0,9.0,16.0,1067.4210423724203,41656.35019066928,266674.0647619997,0.0,75010.6217776695,160554.26853748414,0.0,12910.050285819225,24095.891228002627,0.0,15.0,34.0,0,1,1,0,0,193719,207507.34
81,111,12.0,0,2,2,1,1,2,0.0,0.0,0.0,0.0,0.0,0.0,0.0,0.0,1.0,0.0,0.0,0.0,0,0,0,4.0,9.0,31.0,2.0,9.0,18.0,2.0,4.0,12.0,3.0,13.0,27.0,0.0,0.0,0.0,0.0,0.0,0.0,1.0,1.0,0.0,0.0,0.0,0,1,1,0.0,1.0,1.0,1.0,1.0,1.0,0,0,5.0,9.0,27.0,13711.309726913863,32511.49094662999,83897.16479948217,31219.02056448637,251506.81957656515,494612.1358642815,7209.470133808074,10880.983329880715,19324.35221440824,2.0,22.0,32.0,1,1,1,0,0,183455,171883.77
82,111,1.0,1,3,2,2,1,15,1.0,0.0,0.0,0.0,0.0,0.0,0.0,0.0,0.0,1.0,0.0,0.0,0,0,0,1.0,10.0,25.0,2.0,5.0,12.0,0.0,4.0,12.0,2.0,12.0,25.0,0.0,0.0,1.0,0.0,0.0,1.0,0.0,1.0,0.0,0.0,0.0,0,0,1,0.0,0.0,1.0,0.0,0.0,1.0,0,1,3.0,7.0,27.0,13742.006733624969,31535.80350279746,71202.54393324208,36071.02292192882,262434.8477787946,474846.4266809591,4472.35924310226,11681.829376910331,16406.80406790696,4.0,15.0,35.0,0,1,1,0,0,203602,208592.23
83,111,5.0,1,4,2,2,1,7,0.0,0.0,1.0,0.0,0.0,0.0,0.0,0.0,0.0,1.0,0.0,0.0,0,1,1,11.0,31.0,65.0,6.0,19.0,30.0,1.0,6.0,13.0,8.0,22.0,39.0,1.0,3.0,6.0,1.0,3.0,6.0,0.0,1.0,0.0,0.0,0.0,0,1,1,0.0,0.0,0.0,0.0,1.0,1.0,1,1,2.0,11.0,20.0,2124.09814264144,9312.697058019998,209548.53639616384,0.0,0.0,16961.689586987686,986.5094226464488,17082.96974039865,44551.29991220252,11.0,36.0,108.0,0,1,1,0,1,189103,206646.69
84,111,45.0,0,1,0,1,0,1,0.0,0.0,0.0,0.0,0.0,0.0,0.0,1.0,0.0,0.0,0.0,0.0,0,0,0,0.0,7.0,21.0,1.0,3.0,15.0,1.0,3.0,14.0,1.0,8.0,23.0,0.0,0.0,1.0,0.0,0.0,1.0,0.0,0.0,0.0,0.0,0.0,0,0,0,0.0,0.0,0.0,0.0,0.0,1.0,0,1,0.0,3.0,16.0,12372.875487933235,44733.02988932253,122302.10687972554,70880.2858806294,289994.3698996313,488909.6355129553,2236.17962155113,8281.511456030912,19671.35107649126,3.0,14.0,34.0,0,0,0,0,0,238592,128287.87
85,111,51.0,0,2,2,2,0,4,0.0,0.0,0.0,0.0,0.0,0.0,0.0,1.0,0.0,0.0,0.0,0.0,0,0,0,7.0,24.0,34.0,3.0,13.0,18.0,3.0,10.0,12.0,4.0,20.0,36.0,0.0,1.0,1.0,0.0,1.0,1.0,1.0,1.0,0.0,0.0,1.0,0,1,1,0.0,0.0,1.0,0.0,0.0,1.0,1,1,6.0,20.0,29.0,2295.8498106546385,14136.954344025806,147901.2938072163,0.0,0.0,86239.9545341593,407.3927389154664,7467.467754100702,13440.553492108997,6.0,34.0,59.0,0,0,1,0,0,176695,116418.21
86,111,14.0,0,1,2,1,1,1,0.0,0.0,0.0,0.0,0.0,0.0,0.0,0.0,1.0,0.0,0.0,0.0,0,0,0,8.0,21.0,29.0,3.0,12.0,17.0,5.0,11.0,12.0,3.0,19.0,32.0,1.0,1.0,1.0,1.0,1.0,1.0,1.0,1.0,0.0,0.0,1.0,0,1,1,0.0,0.0,0.0,0.0,1.0,1.0,1,1,3.0,19.0,29.0,2387.2151409902963,11395.355796916272,167366.11467498023,0.0,0.0,118376.93610287092,0.0,7467.467754100702,11276.619967029354,12.0,33.0,55.0,0,0,1,0,0,284173,180863.1
87,111,12.0,0,2,1,1,1,3,0.0,0.0,0.0,0.0,0.0,0.0,0.0,0.0,0.0,1.0,0.0,0.0,0,0,1,6.0,35.0,103.0,2.0,15.0,53.0,0.0,9.0,17.0,6.0,20.0,60.0,0.0,2.0,8.0,0.0,2.0,8.0,1.0,1.0,0.0,0.0,0.0,0,1,1,0.0,0.0,1.0,1.0,1.0,1.0,0,1,2.0,11.0,23.0,196.8103517354113,40402.09417266904,59353.855898697344,0.0,0.0,0.0,0.0,5621.817938342168,18413.45389291141,7.0,22.0,66.0,0,1,1,0,0,212028,257317.03
88,111,11.0,0,2,2,2,1,5,0.0,0.0,0.0,0.0,0.0,0.0,0.0,0.0,0.0,1.0,0.0,0.0,0,0,0,7.0,30.0,62.0,7.0,15.0,34.0,3.0,5.0,18.0,4.0,15.0,52.0,0.0,0.0,5.0,0.0,0.0,5.0,1.0,1.0,0.0,0.0,0.0,1,1,1,1.0,1.0,1.0,0.0,1.0,1.0,1,1,2.0,8.0,36.0,6444.800437964694,11528.608422447936,75218.7940577095,0.0,0.0,18528.248507297045,4399.640333837446,6994.06624671499,18140.760719193368,6.0,32.0,52.0,0,1,1,0,0,239909,212989.67
89,111,34.0,0,1,2,1,1,7,0.0,0.0,0.0,0.0,0.0,0.0,0.0,0.0,1.0,0.0,0.0,0.0,0,0,0,8.0,25.0,40.0,1.0,14.0,23.0,2.0,5.0,16.0,6.0,22.0,36.0,0.0,0.0,2.0,0.0,0.0,2.0,1.0,1.0,0.0,0.0,1.0,0,1,1,0.0,1.0,1.0,0.0,1.0,1.0,0,1,13.0,22.0,30.0,7804.144189032386,18518.12379636379,82241.17845154504,0.0,0.0,106862.7305227226,405.887888591531,5125.053143263538,20962.268414657992,5.0,28.0,60.0,1,1,1,0,0,158257,177705.22
90,111,29.0,1,2,2,2,1,3,0.0,0.0,0.0,1.0,0.0,0.0,0.0,0.0,1.0,0.0,0.0,0.0,0,0,0,7.0,22.0,37.0,3.0,8.0,21.0,3.0,8.0,13.0,6.0,17.0,38.0,0.0,1.0,3.0,0.0,1.0,3.0,1.0,1.0,0.0,1.0,1.0,0,1,1,0.0,0.0,1.0,0.0,0.0,1.0,1,1,14.0,19.0,28.0,5429.684641067828,26951.72968579742,137314.38636103005,0.0,0.0,46460.67983219437,407.3927389154664,5231.288132549572,12314.988136839194,6.0,32.0,64.0,0,0,1,0,0,155715,173961.98
91,111,36.0,0,2,2,1,0,2,0.0,0.0,0.0,0.0,0.0,0.0,0.0,1.0,0.0,0.0,0.0,0.0,0,0,0,5.0,16.0,40.0,2.0,8.0,19.0,1.0,4.0,12.0,5.0,17.0,29.0,0.0,0.0,0.0,0.0,0.0,0.0,1.0,1.0,0.0,0.0,0.0,0,1,1,0.0,1.0,1.0,0.0,1.0,1.0,0,1,3.0,17.0,26.0,3204.443371211595,32441.085459808164,64354.60956914791,0.0,95509.75063382662,388342.403350767,1947.814613638814,12824.33414961553,18806.11890563092,8.0,25.0,40.0,1,1,1,0,0,123626,156597.16
92,111,2.0,0,0,0,0,1,6,0.0,0.0,0.0,0.0,0.0,0.0,0.0,0.0,0.0,1.0,0.0,0.0,0,0,0,8.0,20.0,30.0,2.0,12.0,17.0,4.0,10.0,12.0,3.0,19.0,32.0,1.0,1.0,1.0,1.0,1.0,1.0,1.0,1.0,0.0,0.0,1.0,0,1,1,0.0,0.0,0.0,0.0,0.0,1.0,1,1,3.0,19.0,29.0,3379.884493050323,14087.362502066657,145815.09916671546,0.0,0.0,162960.4583149777,0.0,7467.467754100702,11276.619967029354,8.0,31.0,55.0,0,0,1,0,0,254019,242731.28
93,111,34.0,0,3,1,2,1,10,0.0,0.0,0.0,0.0,0.0,0.0,0.0,0.0,0.0,1.0,0.0,0.0,0,0,1,10.0,37.0,72.0,3.0,18.0,33.0,2.0,6.0,18.0,11.0,22.0,47.0,0.0,1.0,6.0,0.0,1.0,6.0,1.0,1.0,0.0,0.0,0.0,0,1,1,0.0,0.0,0.0,0.0,1.0,1.0,0,1,4.0,12.0,24.0,5789.940188272094,18206.4820295606,108535.86192179885,0.0,0.0,5939.3581233077975,195.1693425597722,4927.563621408645,33657.27676507545,11.0,33.0,66.0,0,0,1,0,0,152497,175181.53
94,111,4.0,1,2,1,1,1,10,0.0,0.0,0.0,0.0,0.0,1.0,0.0,0.0,0.0,1.0,0.0,0.0,0,0,0,1.0,29.0,67.0,1.0,13.0,27.0,0.0,5.0,17.0,2.0,21.0,51.0,0.0,3.0,3.0,0.0,3.0,3.0,1.0,1.0,1.0,1.0,1.0,0,0,1,0.0,0.0,1.0,0.0,1.0,1.0,0,0,10.0,16.0,31.0,14492.829827555806,49101.65993781282,180446.49324978865,0.0,0.0,0.0,0.0,7272.771967100057,20196.551893381864,3.0,26.0,63.0,0,1,1,0,0,249610,209492.77
95,111,3.0,1,3,2,2,1,13,0.0,0.0,0.0,0.0,0.0,1.0,0.0,0.0,0.0,1.0,0.0,0.0,0,0,1,16.0,55.0,94.0,4.0,23.0,48.0,1.0,7.0,16.0,5.0,32.0,70.0,1.0,4.0,14.0,1.0,4.0,14.0,1.0,1.0,0.0,0.0,0.0,1,1,1,0.0,0.0,0.0,0.0,1.0,1.0,1,1,4.0,6.0,17.0,19450.19411251237,29059.903664438847,94252.34778891962,0.0,0.0,0.0,1863.609603478248,11929.613282662289,69065.98603713095,5.0,52.0,107.0,1,1,1,0,1,369044,336599.25
