,交易年份,屋齡,交易標的,建物現況格局-房,建物現況格局-廳,建物現況格局-衛,電梯,floor,車位類別-坡道平面,車位類別-坡道機械,車位類別-升降平面,車位類別-升降機械,車位類別-一樓平面,車位類別-塔式車位,車位類別-其他,建物型態-公寓,建物型態-華廈,建物型態-住宅大樓,建物型態-套房,建物型態-透天,NEAR_HOSTIPAL_750,CLINIC_COUNT_250,CLINIC_COUNT_500,CLINIC_COUNT_750,DENTIST_COUNT_250,DENTIST_COUNT_500,DENTIST_COUNT_750,PHARMACY_COUNT_250,PHARMACY_COUNT_500,PHARMACY_COUNT_750,CSTORE_COUNT_250,CSTORE_COUNT_500,CSTORE_COUNT_750,FASTFOOD_COUNT_250,FASTFOOD_COUNT_500,FASTFOOD_COUNT_750,LIBRARY_COUNT_250,LIBRARY_COUNT_500,LIBRARY_COUNT_750,NEAR_SCHOOL_250,NEAR_SCHOOL_500,NEAR_SCHOOL_750,NEAR_UNIVERSITY_250,NEAR_UNIVERSITY_500,NEAR_UNIVERSITY_750,NEAR_FIRESTATION_250,NEAR_FIRESTATION_500,NEAR_FIRESTATION_750,NEAR_FUEL_250,NEAR_FUEL_500,NEAR_FUEL_750,NEAR_MARKET_250,NEAR_MARKET_500,NEAR_MARKET_750,NEAR_POLICE_250,NEAR_POLICE_500,NEAR_POLICE_750,TEMPLE_COUNT_250,TEMPLE_COUNT_500,TEMPLE_COUNT_750,CEMETERY_AREA_250,CEMETERY_AREA_500,CEMETERY_AREA_750,PARK_AREA_250,PARK_AREA_500,PARK_AREA_750,WATER_AREA_250,WATER_AREA_500,WATER_AREA_750,PARKING_AREA_250,PARKING_AREA_500,PARKING_AREA_750,STOP_COUNT_250,STOP_COUNT_500,STOP_COUNT_750,NEAR_MRT_250,NEAR_MRT_500,NEAR_MRT_750,NEAR_TRA_250,NEAR_TRA_500,NEAR_TRA_750,y,0
0,111,44.0,0,2,2,2,0,2,0.0,0.0,0.0,0.0,0.0,0.0,0.0,1.0,0.0,0.0,0.0,0.0,0,0.0,2.0,2.0,0.0,1.0,1.0,0.0,1.0,1.0,2.0,4.0,4.0,0.0,0.0,1.0,0.0,0.0,1.0,0.0,0.0,1.0,0.0,0.0,0.0,0,0,0,0.0,0.0,0.0,0.0,0.0,0.0,0,0,0,0.0,1.0,2.0,6436.266740156366,121641.69365146526,184074.32773206788,3792.025254696957,10147.152367676665,37959.81430354274,0.0,0.0,0.0,0.0,2982.200880498016,3207.6723831348245,6.0,13.0,17.0,0,0,0,0,0,0,118120,93875.21
1,111,8.0,0,2,1,1,1,4,0.0,0.0,0.0,0.0,0.0,0.0,0.0,0.0,1.0,0.0,0.0,0.0,0,3.0,8.0,24.0,1.0,7.0,17.0,3.0,7.0,18.0,3.0,10.0,23.0,0.0,0.0,0.0,0.0,0.0,0.0,1.0,1.0,1.0,0.0,0.0,0.0,0,0,0,0.0,0.0,0.0,0.0,1.0,1.0,0,0,1,0.0,7.0,12.0,0.0,0.0,6146.922105012196,38066.3721541805,189951.47349184303,290323.1817100752,0.0,7736.460276272996,17008.271075273253,2236.17962155113,8456.219293209775,24561.51953425241,6.0,19.0,42.0,0,0,1,0,0,0,242109,200485.33
2,111,45.0,0,3,1,2,0,1,0.0,0.0,0.0,0.0,0.0,0.0,0.0,1.0,0.0,0.0,0.0,0.0,0,1.0,4.0,8.0,1.0,6.0,9.0,2.0,5.0,7.0,2.0,7.0,11.0,0.0,0.0,0.0,0.0,0.0,0.0,1.0,1.0,1.0,0.0,0.0,0.0,0,0,0,0.0,0.0,0.0,0.0,1.0,1.0,0,0,0,2.0,4.0,13.0,0.0,6146.922105012196,6146.922105012196,9482.458126983194,108347.71486102516,246564.18406265476,0.0,6694.239054548621,17008.271075273253,2743.337787168862,8514.566438158634,16060.524205583402,6.0,16.0,27.0,0,0,0,0,0,0,205128,165141.45
3,111,47.0,0,2,1,1,0,3,0.0,0.0,0.0,0.0,0.0,0.0,0.0,1.0,0.0,0.0,0.0,0.0,0,2.0,5.0,8.0,1.0,7.0,9.0,2.0,5.0,8.0,1.0,7.0,13.0,0.0,0.0,0.0,0.0,0.0,0.0,1.0,1.0,1.0,0.0,0.0,0.0,0,0,0,0.0,0.0,0.0,0.0,1.0,1.0,0,0,0,2.0,6.0,17.0,0.0,6146.922105012196,6146.922105012196,4970.407646178379,87073.01214359196,237903.0763612384,0.0,3539.524184690127,17008.271075273253,2890.7806117389323,10361.694827366971,17113.106257909203,4.0,16.0,27.0,0,0,0,0,0,0,188322,189930.08
4,111,8.0,1,4,2,3,1,3,1.0,0.0,0.0,0.0,0.0,0.0,0.0,0.0,0.0,1.0,0.0,0.0,0,0.0,2.0,18.0,0.0,1.0,9.0,0.0,1.0,5.0,1.0,9.0,22.0,0.0,1.0,4.0,0.0,1.0,4.0,0.0,1.0,1.0,0.0,0.0,0.0,0,0,1,0.0,0.0,1.0,0.0,0.0,1.0,0,0,1,1.0,3.0,5.0,0.0,0.0,0.0,17431.925995888792,186821.80238256717,304715.3172695588,26663.286811534865,99901.86170296124,143057.8014477911,2845.129477018374,7593.758307787388,26361.083581454543,2.0,14.0,30.0,0,1,1,0,0,0,281949,238676.67
5,111,11.0,1,2,2,1,1,10,1.0,0.0,0.0,0.0,0.0,0.0,0.0,0.0,0.0,1.0,0.0,0.0,0,2.0,6.0,13.0,1.0,4.0,5.0,1.0,2.0,2.0,4.0,14.0,16.0,0.0,2.0,2.0,0.0,2.0,2.0,1.0,1.0,1.0,0.0,0.0,0.0,0,0,1,0.0,0.0,0.0,0.0,0.0,0.0,0,0,1,1.0,2.0,4.0,0.0,0.0,0.0,4726.267499933756,123694.93091377497,310399.2131723778,0.0,38977.39561621964,121017.36989853768,3934.8749047971687,14222.25522403006,30180.06530266351,11.0,18.0,35.0,0,1,1,0,0,0,231007,229645.84
6,111,13.0,1,4,2,2,1,9,1.0,0.0,0.0,0.0,0.0,0.0,0.0,0.0,1.0,0.0,0.0,0.0,0,0.0,1.0,2.0,2.0,2.0,6.0,0.0,0.0,2.0,2.0,6.0,12.0,0.0,0.0,0.0,0.0,0.0,0.0,0.0,1.0,1.0,0.0,0.0,0.0,0,0,0,0.0,0.0,1.0,0.0,0.0,0.0,0,1,1,0.0,2.0,3.0,0.0,0.0,0.0,50832.03302594514,184656.6846316552,306332.7260941105,21699.091632435197,75373.9057145387,114690.22193837789,139.1325041645238,14092.785463208043,21600.158949168726,3.0,14.0,37.0,0,0,0,0,0,0,233063,207337.22
7,111,38.0,0,3,2,2,0,5,0.0,0.0,0.0,0.0,0.0,0.0,0.0,1.0,0.0,0.0,0.0,0.0,0,0.0,9.0,15.0,0.0,1.0,5.0,0.0,3.0,5.0,1.0,3.0,16.0,0.0,0.0,1.0,0.0,0.0,1.0,0.0,1.0,1.0,0.0,0.0,0.0,0,1,1,0.0,0.0,0.0,0.0,1.0,1.0,0,0,1,0.0,4.0,10.0,0.0,31883.30389933966,34674.06201940275,39942.267194404965,68622.67598271699,88026.03336026183,0.0,0.0,0.0,1698.5386986724443,7950.824843019606,19795.778373646837,0.0,13.0,29.0,0,0,1,0,0,0,107157,142127.97
8,111,21.0,1,3,2,2,1,10,1.0,0.0,0.0,0.0,0.0,0.0,0.0,0.0,0.0,1.0,0.0,0.0,0,1.0,4.0,6.0,2.0,4.0,6.0,0.0,4.0,4.0,2.0,8.0,13.0,0.0,1.0,2.0,0.0,1.0,2.0,1.0,1.0,1.0,0.0,0.0,0.0,0,1,1,0.0,1.0,1.0,0.0,0.0,0.0,0,1,1,0.0,0.0,1.0,0.0,0.0,2784.4362225165737,8598.659445951958,160433.90881252754,322052.2824634903,9176.508580416816,51978.97119792504,82380.77947354307,377.1618176842762,12743.75852354762,33965.46381927587,5.0,13.0,47.0,0,0,1,0,0,1,156318,233209.9
9,111,13.0,1,2,2,1,1,10,0.0,1.0,0.0,0.0,0.0,0.0,0.0,0.0,0.0,1.0,0.0,0.0,0,0.0,5.0,13.0,1.0,4.0,5.0,1.0,2.0,2.0,9.0,14.0,16.0,2.0,2.0,2.0,2.0,2.0,2.0,0.0,1.0,1.0,0.0,0.0,0.0,0,0,0,0.0,0.0,0.0,0.0,0.0,0.0,0,0,0,1.0,2.0,5.0,0.0,0.0,0.0,10996.71987011886,57995.45795037775,290429.7667674601,0.0,25576.090675286247,144967.4481753289,5075.220264774043,14222.25522403006,23381.75944460744,7.0,21.0,35.0,1,1,1,0,0,0,272158,234573.6
10,111,44.0,0,3,1,1,0,4,0.0,0.0,0.0,0.0,0.0,0.0,0.0,1.0,0.0,0.0,0.0,0.0,0,0.0,2.0,2.0,0.0,1.0,1.0,0.0,1.0,1.0,2.0,3.0,4.0,0.0,0.0,1.0,0.0,0.0,1.0,0.0,0.0,1.0,0.0,0.0,0.0,0,0,0,0.0,0.0,0.0,0.0,0.0,0.0,0,0,0,0.0,1.0,2.0,5747.510970217306,118295.03370307053,182864.913009685,3787.1469052261455,8946.97389141106,33047.93855475673,0.0,0.0,0.0,0.0,2982.200880498016,3207.6723831348245,5.0,12.0,16.0,0,0,0,0,0,0,111798,82804.28
11,111,13.0,1,3,2,2,1,5,1.0,0.0,0.0,0.0,0.0,0.0,0.0,0.0,1.0,0.0,0.0,0.0,0,0.0,1.0,2.0,2.0,3.0,6.0,0.0,0.0,2.0,2.0,7.0,13.0,0.0,0.0,0.0,0.0,0.0,0.0,0.0,1.0,1.0,0.0,0.0,0.0,0,0,0,0.0,0.0,1.0,0.0,0.0,0.0,0,1,1,0.0,2.0,3.0,0.0,0.0,0.0,42090.0807170344,172825.79522028306,297049.1956565377,12541.048580451736,72405.47151159921,114422.78690700688,1473.550123216743,15059.202045988026,24247.793043728947,5.0,16.0,37.0,0,0,0,0,0,0,194951,211637.27
12,111,27.0,0,1,1,1,1,15,0.0,0.0,0.0,0.0,0.0,0.0,0.0,0.0,0.0,1.0,0.0,0.0,0,3.0,7.0,25.0,2.0,9.0,18.0,2.0,7.0,13.0,4.0,17.0,28.0,2.0,2.0,2.0,2.0,2.0,2.0,1.0,1.0,1.0,0.0,0.0,0.0,0,0,1,0.0,0.0,0.0,0.0,1.0,1.0,0,1,1,2.0,8.0,14.0,0.0,0.0,0.0,14863.997660706427,90255.10110289432,219672.05094940783,17131.86341142521,73666.53361298385,117688.49266450346,5727.366187533704,11180.89810775565,21626.407975651447,7.0,23.0,50.0,1,1,1,0,1,1,198948,190284.67
13,111,30.0,0,3,2,2,1,1,0.0,0.0,0.0,0.0,0.0,0.0,0.0,0.0,1.0,0.0,0.0,0.0,0,4.0,11.0,28.0,1.0,6.0,16.0,4.0,10.0,16.0,2.0,13.0,29.0,0.0,0.0,2.0,0.0,0.0,2.0,1.0,1.0,1.0,0.0,0.0,0.0,1,1,1,0.0,0.0,1.0,0.0,0.0,0.0,1,1,1,0.0,1.0,10.0,0.0,0.0,0.0,9727.82013260612,45874.3830590505,265130.09316466376,0.0,0.0,34910.62580789047,8666.39110034582,19080.077434227547,43696.001500480816,7.0,18.0,46.0,0,1,1,0,0,0,206457,218632.95
14,111,12.0,1,3,2,2,1,3,1.0,0.0,0.0,0.0,0.0,0.0,0.0,0.0,1.0,0.0,0.0,0.0,0,2.0,2.0,3.0,1.0,1.0,2.0,1.0,1.0,4.0,1.0,4.0,8.0,0.0,0.0,1.0,0.0,0.0,1.0,0.0,1.0,1.0,0.0,0.0,0.0,0,0,0,0.0,0.0,0.0,0.0,0.0,0.0,0,0,1,0.0,1.0,3.0,0.0,3044.495383928248,98484.26992373586,6821.329858825768,30287.34171329956,47370.046266724254,0.0,0.0,0.0,0.0,0.0,16620.6468254157,6.0,12.0,27.0,0,0,0,0,0,0,117743,115139.52
15,111,12.0,1,4,2,2,1,12,1.0,0.0,0.0,0.0,0.0,0.0,0.0,0.0,0.0,1.0,0.0,0.0,0,0.0,0.0,12.0,0.0,0.0,7.0,0.0,0.0,5.0,2.0,7.0,21.0,0.0,1.0,4.0,0.0,1.0,4.0,0.0,0.0,1.0,0.0,0.0,0.0,0,0,1,0.0,0.0,1.0,0.0,0.0,1.0,0,0,1,0.0,1.0,4.0,0.0,0.0,0.0,16385.425416012793,148488.26186827855,241861.58867445728,22032.778294189717,114641.14247068817,156939.74409385445,1375.574249170577,11620.080243378969,23619.1292323359,0.0,11.0,27.0,1,1,1,0,0,0,255768,240959.36
16,111,47.0,0,3,2,1,0,2,0.0,0.0,0.0,0.0,0.0,0.0,0.0,1.0,0.0,0.0,0.0,0.0,0,2.0,21.0,56.0,2.0,15.0,32.0,2.0,12.0,31.0,8.0,23.0,45.0,2.0,2.0,3.0,2.0,2.0,3.0,0.0,1.0,1.0,0.0,0.0,0.0,0,0,1,0.0,0.0,0.0,0.0,1.0,1.0,0,1,1,4.0,14.0,18.0,0.0,0.0,0.0,9952.274413534338,48383.4120939475,155339.3211268285,0.0,5277.492822890599,86980.3375058638,5795.094259218206,15923.421676046555,25054.082625821826,3.0,32.0,58.0,0,1,1,0,1,1,228377,174196.42
17,111,14.0,0,2,1,1,1,3,0.0,0.0,0.0,0.0,0.0,0.0,0.0,0.0,0.0,1.0,0.0,0.0,0,2.0,6.0,15.0,2.0,7.0,13.0,1.0,5.0,10.0,3.0,15.0,27.0,0.0,2.0,2.0,0.0,2.0,2.0,1.0,1.0,1.0,0.0,0.0,0.0,0,0,0,0.0,0.0,1.0,0.0,1.0,1.0,0,1,1,1.0,7.0,12.0,0.0,0.0,0.0,31098.00930346807,102444.43456958764,220402.34318547035,37924.113856263335,79886.63832311053,122037.16151987865,2236.17962155113,8944.71848620452,18819.20196483443,6.0,26.0,48.0,0,1,1,0,1,1,204175,204345.06
18,111,43.0,0,3,2,2,0,3,0.0,0.0,0.0,0.0,0.0,0.0,0.0,1.0,0.0,0.0,0.0,0.0,0,9.0,23.0,33.0,2.0,11.0,25.0,8.0,15.0,22.0,5.0,18.0,34.0,0.0,0.0,2.0,0.0,0.0,2.0,1.0,1.0,1.0,0.0,0.0,0.0,0,1,1,0.0,0.0,0.0,0.0,0.0,1.0,1,1,1,1.0,6.0,14.0,0.0,0.0,0.0,46150.269738585324,119032.46826474524,311709.7519256279,0.0,0.0,14820.80716204534,3284.866392764652,8052.360896029052,32062.214205891007,8.0,28.0,50.0,0,1,1,0,0,0,173742,201738.97
19,111,49.0,0,3,2,1,0,2,0.0,0.0,0.0,0.0,0.0,0.0,0.0,1.0,0.0,0.0,0.0,0.0,0,14.0,24.0,46.0,3.0,12.0,32.0,9.0,15.0,25.0,6.0,22.0,38.0,0.0,0.0,3.0,0.0,0.0,3.0,1.0,1.0,1.0,0.0,0.0,0.0,0,1,1,0.0,0.0,0.0,0.0,0.0,1.0,1,1,1,1.0,7.0,16.0,0.0,0.0,0.0,17500.550442539858,90233.57247181484,269936.4693776773,0.0,0.0,4387.526712795209,5816.181274477922,9519.054242830238,28668.22556755478,12.0,28.0,50.0,1,1,1,0,0,0,213029,176848.19
20,111,12.0,1,3,2,1,1,13,1.0,0.0,0.0,0.0,0.0,0.0,0.0,0.0,0.0,1.0,0.0,0.0,0,2.0,5.0,9.0,1.0,1.0,6.0,1.0,2.0,4.0,2.0,11.0,17.0,0.0,2.0,2.0,0.0,2.0,2.0,1.0,1.0,1.0,0.0,0.0,0.0,0,0,1,0.0,0.0,1.0,0.0,0.0,0.0,0,0,1,1.0,2.0,4.0,0.0,0.0,0.0,17941.671571048522,176882.1139814635,335750.39027615136,16028.522864066215,48305.42949144995,109334.77287079264,315.2870533474245,14999.394800193197,23852.431981361424,9.0,17.0,32.0,0,1,1,0,0,0,301850,235540.4
21,111,49.0,0,3,3,2,0,4,0.0,0.0,0.0,0.0,0.0,0.0,0.0,1.0,0.0,0.0,0.0,0.0,0,1.0,2.0,6.0,1.0,1.0,2.0,4.0,5.0,7.0,4.0,9.0,12.0,0.0,0.0,1.0,0.0,0.0,1.0,1.0,1.0,1.0,0.0,0.0,0.0,0,0,1,0.0,0.0,0.0,0.0,1.0,1.0,0,1,1,0.0,3.0,8.0,0.0,0.0,0.0,27795.91376455601,42710.74252430687,66394.07059734651,0.0,0.0,0.0,13544.62557199956,20866.474309728303,24978.751087368284,9.0,21.0,33.0,0,0,0,0,0,0,120447,123574.266
22,111,11.0,1,2,2,2,1,4,1.0,0.0,0.0,0.0,0.0,0.0,0.0,0.0,0.0,1.0,0.0,0.0,0,1.0,6.0,13.0,1.0,4.0,5.0,1.0,2.0,2.0,7.0,14.0,16.0,1.0,2.0,2.0,1.0,2.0,2.0,1.0,1.0,1.0,0.0,0.0,0.0,0,0,0,0.0,0.0,0.0,0.0,0.0,0.0,0,0,0,1.0,2.0,4.0,0.0,0.0,0.0,6404.344929856384,102086.98018916004,308027.62151595735,0.0,35109.17434107463,132366.77848008915,4530.8983645812405,14222.25522403006,26209.40137473685,9.0,19.0,34.0,0,1,1,0,0,0,230476,240085.77
23,111,12.0,1,4,2,2,1,9,0.0,0.0,1.0,0.0,0.0,0.0,0.0,0.0,0.0,1.0,0.0,0.0,0,0.0,2.0,5.0,1.0,5.0,7.0,0.0,1.0,4.0,1.0,7.0,14.0,0.0,0.0,2.0,0.0,0.0,2.0,1.0,1.0,1.0,0.0,0.0,0.0,0,0,1,0.0,1.0,1.0,0.0,0.0,0.0,0,0,1,0.0,1.0,2.0,0.0,0.0,2630.028359712448,3671.4623498368937,34542.813327441225,195269.136223672,0.0,18661.084067818152,67606.91825158177,4916.004206931636,19616.31752880691,29654.97300588047,5.0,20.0,44.0,0,0,1,0,0,1,194599,192669.66
24,111,41.0,0,3,2,1,0,2,0.0,0.0,0.0,0.0,0.0,0.0,0.0,1.0,0.0,0.0,0.0,0.0,0,4.0,6.0,11.0,1.0,1.0,2.0,2.0,3.0,5.0,3.0,6.0,15.0,0.0,0.0,2.0,0.0,0.0,2.0,0.0,1.0,1.0,0.0,0.0,0.0,1,1,1,0.0,0.0,0.0,1.0,1.0,1.0,0,0,1,0.0,4.0,8.0,0.0,585.305625549309,31883.30389933966,42249.57112546732,78062.29008222463,83048.52224901183,0.0,0.0,0.0,4347.835713876674,12215.59623305678,15198.459501034453,3.0,16.0,27.0,0,0,0,0,0,0,142706,133072.62
25,111,18.0,0,3,2,2,1,1,0.0,0.0,0.0,0.0,0.0,0.0,0.0,0.0,1.0,0.0,0.0,0.0,0,0.0,1.0,3.0,1.0,3.0,6.0,0.0,0.0,3.0,3.0,5.0,14.0,0.0,0.0,1.0,0.0,0.0,1.0,0.0,1.0,1.0,0.0,0.0,0.0,0,0,0,0.0,0.0,1.0,0.0,0.0,0.0,0,0,1,0.0,2.0,2.0,0.0,0.0,0.0,50948.39699603074,159727.5851319236,303327.41311308724,24471.14957171869,60103.1814558542,105401.14260765367,6844.477430930909,10624.008088088754,23840.435760300723,2.0,16.0,43.0,0,0,0,0,0,0,166438,217239.66
26,111,8.0,1,2,2,2,1,7,0.0,0.0,0.0,0.0,0.0,1.0,0.0,0.0,0.0,1.0,0.0,0.0,0,0.0,1.0,7.0,0.0,1.0,5.0,0.0,1.0,2.0,6.0,12.0,16.0,1.0,2.0,2.0,1.0,2.0,2.0,0.0,0.0,1.0,0.0,0.0,0.0,0,0,0,0.0,0.0,1.0,0.0,0.0,1.0,0,0,0,1.0,1.0,6.0,0.0,0.0,0.0,6790.399747105455,110941.28681113076,259314.8912235569,0.0,113725.51557823888,160200.54667328662,3166.5901081745887,11620.080243378969,23592.08475279404,3.0,12.0,32.0,1,1,1,0,0,0,283450,252025.9
27,111,33.0,0,3,2,2,0,5,0.0,0.0,0.0,0.0,0.0,0.0,0.0,1.0,0.0,0.0,0.0,0.0,0,4.0,6.0,12.0,1.0,1.0,3.0,2.0,3.0,5.0,3.0,7.0,17.0,0.0,0.0,2.0,0.0,0.0,2.0,1.0,1.0,1.0,0.0,0.0,0.0,1,1,1,0.0,0.0,0.0,1.0,1.0,1.0,0,1,1,0.0,5.0,9.0,0.0,1442.2337279414746,31883.30389933966,39435.39882275769,77685.1963248556,82906.07076848936,0.0,0.0,0.0,7105.831008906137,11979.813437050145,16588.174501081114,7.0,19.0,26.0,0,0,0,0,0,0,115888,139640.19
28,111,12.0,0,2,1,1,1,4,0.0,0.0,0.0,0.0,0.0,0.0,0.0,0.0,1.0,0.0,0.0,0.0,0,6.0,12.0,14.0,3.0,6.0,7.0,2.0,3.0,5.0,6.0,11.0,22.0,1.0,2.0,3.0,1.0,2.0,3.0,1.0,1.0,1.0,0.0,0.0,0.0,0,1,1,0.0,0.0,1.0,1.0,1.0,1.0,0,0,1,3.0,6.0,9.0,0.0,12591.99851003693,31883.30389933966,10297.29633355852,41067.670948333776,89303.37488515612,0.0,0.0,0.0,1764.3031765800474,8120.80655091635,18354.08396841264,8.0,24.0,44.0,1,1,1,0,0,0,212809,244246.98
29,111,26.0,0,1,2,1,1,3,0.0,0.0,0.0,0.0,0.0,0.0,0.0,0.0,1.0,0.0,0.0,0.0,0,1.0,21.0,57.0,1.0,15.0,31.0,2.0,12.0,32.0,7.0,24.0,44.0,2.0,2.0,4.0,2.0,2.0,4.0,0.0,1.0,1.0,0.0,0.0,0.0,0,0,1,0.0,0.0,0.0,0.0,1.0,1.0,0,1,1,4.0,14.0,18.0,0.0,0.0,0.0,11214.849762003278,38251.60528644716,149323.76009362965,0.0,893.2529490276643,81141.4156607669,4379.326250084925,16178.75568880993,25157.31823735134,3.0,32.0,59.0,0,1,1,0,1,1,233529,195521.48
30,111,42.0,0,5,0,5,0,5,0.0,0.0,0.0,0.0,0.0,0.0,0.0,1.0,0.0,0.0,0.0,0.0,0,3.0,5.0,9.0,2.0,4.0,7.0,3.0,4.0,6.0,5.0,10.0,14.0,0.0,2.0,2.0,0.0,2.0,2.0,1.0,1.0,1.0,0.0,0.0,0.0,0,1,1,0.0,1.0,1.0,0.0,0.0,0.0,1,1,1,0.0,0.0,1.0,0.0,0.0,5139.380586681757,995.199047872324,135797.4794516463,309626.2114736058,0.0,43651.45540159861,74283.4601284024,5168.377575002631,12081.993858675463,35235.672093441215,4.0,22.0,43.0,0,0,1,0,1,1,184926,200539.94
31,111,2.0,1,3,2,2,1,12,1.0,0.0,0.0,0.0,0.0,0.0,0.0,0.0,0.0,1.0,0.0,0.0,0,1.0,6.0,9.0,1.0,4.0,5.0,0.0,4.0,6.0,2.0,6.0,13.0,0.0,1.0,3.0,0.0,1.0,3.0,1.0,1.0,1.0,0.0,0.0,0.0,0,1,1,0.0,1.0,1.0,0.0,0.0,0.0,0,1,1,0.0,0.0,2.0,0.0,0.0,611.5620092176603,17244.92534005598,212441.4630404602,332567.509075482,21071.88785439424,51408.981652960254,82014.90787992184,2920.71638345722,9262.586822115449,34049.598450124344,4.0,16.0,46.0,0,0,1,0,0,1,220625,238419.66
32,111,16.0,0,0,1,1,1,2,0.0,0.0,0.0,0.0,0.0,0.0,0.0,0.0,1.0,0.0,0.0,0.0,0,0.0,2.0,8.0,0.0,1.0,5.0,0.0,1.0,2.0,0.0,10.0,17.0,0.0,1.0,2.0,0.0,1.0,2.0,0.0,1.0,1.0,0.0,0.0,0.0,0,0,1,0.0,0.0,1.0,0.0,0.0,1.0,0,0,1,1.0,2.0,6.0,0.0,0.0,0.0,40545.23323600856,190349.55221374147,340659.2295591892,24653.2769813856,84135.12992196823,137695.56061154776,1754.1325484237527,6706.288628447891,24849.495680301585,3.0,15.0,26.0,0,1,1,0,0,0,234001,214147.45
33,111,6.0,0,2,1,2,1,5,0.0,0.0,0.0,0.0,0.0,0.0,0.0,0.0,1.0,0.0,0.0,0.0,0,0.0,1.0,3.0,0.0,1.0,2.0,2.0,4.0,5.0,2.0,4.0,9.0,0.0,0.0,0.0,0.0,0.0,0.0,1.0,1.0,1.0,0.0,0.0,0.0,0,0,0,0.0,0.0,0.0,1.0,1.0,1.0,1,1,1,2.0,6.0,8.0,0.0,0.0,0.0,1997.0967121786164,34998.166482811,45418.12724536012,0.0,0.0,0.0,4315.366278460244,16118.410256789532,18677.37511357456,6.0,18.0,30.0,0,0,0,0,0,0,177262,151611.64
34,111,0.0,1,0,0,0,1,2,1.0,0.0,0.0,0.0,0.0,0.0,0.0,0.0,1.0,0.0,0.0,0.0,0,0.0,0.0,3.0,0.0,0.0,2.0,0.0,2.0,5.0,1.0,2.0,6.0,0.0,0.0,0.0,0.0,0.0,0.0,0.0,1.0,1.0,0.0,0.0,0.0,0,0,0,0.0,0.0,0.0,1.0,1.0,1.0,1,1,1,1.0,7.0,8.0,0.0,0.0,0.0,0.0,4375.407781029104,39817.65607860244,0.0,0.0,0.0,0.0,6906.208192621423,16940.806885505175,7.0,12.0,26.0,0,0,0,0,0,0,175019,101882.28
35,111,46.0,0,3,2,2,0,2,0.0,0.0,0.0,0.0,0.0,0.0,0.0,1.0,0.0,0.0,0.0,0.0,0,4.0,11.0,19.0,2.0,4.0,11.0,1.0,2.0,9.0,1.0,9.0,25.0,0.0,1.0,5.0,0.0,1.0,5.0,1.0,1.0,1.0,0.0,0.0,0.0,0,1,1,0.0,0.0,1.0,0.0,0.0,1.0,0,1,1,1.0,2.0,7.0,0.0,24653.64680498286,34674.06201940275,4726.220979635504,23770.34266585601,165583.49062663762,0.0,0.0,39720.66668398107,8641.148973846877,22047.76117083225,32864.981497127184,4.0,26.0,52.0,0,0,1,0,1,1,251145,219153.44
36,111,11.0,1,3,2,2,1,14,1.0,0.0,0.0,0.0,0.0,0.0,0.0,0.0,0.0,1.0,0.0,0.0,0,1.0,6.0,13.0,1.0,4.0,5.0,1.0,2.0,2.0,7.0,14.0,16.0,1.0,2.0,2.0,1.0,2.0,2.0,1.0,1.0,1.0,0.0,0.0,0.0,0,0,0,0.0,0.0,0.0,0.0,0.0,0.0,0,0,0,1.0,2.0,4.0,0.0,0.0,0.0,6404.344929856384,102086.98018916004,308027.62151595735,0.0,35109.17434107463,132366.77848008915,4530.8983645812405,14222.25522403006,26209.40137473685,9.0,19.0,34.0,0,1,1,0,0,0,308473,255284.78
37,111,0.0,1,0,0,0,1,2,0.0,1.0,0.0,0.0,0.0,0.0,0.0,0.0,1.0,0.0,0.0,0.0,0,0.0,0.0,3.0,0.0,0.0,2.0,0.0,2.0,5.0,1.0,2.0,6.0,0.0,0.0,0.0,0.0,0.0,0.0,0.0,1.0,1.0,0.0,0.0,0.0,0,0,0,0.0,0.0,0.0,1.0,1.0,1.0,1,1,1,1.0,7.0,8.0,0.0,0.0,0.0,0.0,4375.407781029104,39891.08378261548,0.0,0.0,0.0,3.967068673415126,9441.339198013116,17418.721147570457,7.0,12.0,27.0,0,0,0,0,0,0,175399,116943.67
38,111,0.0,0,0,0,0,1,2,0.0,0.0,0.0,0.0,0.0,0.0,0.0,0.0,1.0,0.0,0.0,0.0,0,0.0,0.0,3.0,0.0,0.0,2.0,0.0,2.0,5.0,1.0,2.0,6.0,0.0,0.0,0.0,0.0,0.0,0.0,0.0,1.0,1.0,0.0,0.0,0.0,0,0,0,0.0,0.0,0.0,1.0,1.0,1.0,1,1,1,1.0,7.0,8.0,0.0,0.0,0.0,0.0,4375.407781029104,39838.70616304051,0.0,0.0,0.0,0.0,7426.170781965787,17024.98950379933,7.0,12.0,27.0,0,0,0,0,0,0,175708,124387.33
39,111,23.0,0,1,0,1,1,3,0.0,0.0,0.0,0.0,0.0,0.0,0.0,0.0,1.0,0.0,0.0,0.0,0,0.0,2.0,3.0,0.0,1.0,2.0,0.0,3.0,5.0,0.0,5.0,9.0,0.0,0.0,0.0,0.0,0.0,0.0,0.0,1.0,1.0,0.0,0.0,0.0,0,0,0,0.0,0.0,0.0,0.0,1.0,1.0,0,1,1,0.0,3.0,8.0,0.0,0.0,0.0,0.0,28572.43075420632,47922.3046979236,0.0,0.0,0.0,0.0,13129.504194414432,18677.37511357456,1.0,18.0,33.0,0,0,0,0,0,0,117440,134118.97
40,111,13.0,1,2,2,1,1,14,0.0,1.0,0.0,0.0,0.0,0.0,0.0,0.0,0.0,1.0,0.0,0.0,0,0.0,5.0,13.0,1.0,4.0,5.0,1.0,2.0,2.0,9.0,14.0,16.0,2.0,2.0,2.0,2.0,2.0,2.0,0.0,1.0,1.0,0.0,0.0,0.0,0,0,0,0.0,0.0,0.0,0.0,0.0,0.0,0,0,0,1.0,2.0,5.0,0.0,0.0,0.0,10996.71987011886,57995.45795037775,290429.7667674601,0.0,25576.090675286247,144967.4481753289,5075.220264774043,14222.25522403006,23381.75944460744,7.0,21.0,35.0,1,1,1,0,0,0,257903,245233.48
41,111,5.0,0,1,1,1,1,2,0.0,0.0,0.0,0.0,0.0,0.0,0.0,0.0,1.0,0.0,0.0,0.0,0,5.0,19.0,33.0,2.0,10.0,23.0,6.0,13.0,22.0,3.0,14.0,33.0,0.0,0.0,1.0,0.0,0.0,1.0,1.0,1.0,1.0,0.0,0.0,0.0,0,1,1,0.0,0.0,0.0,0.0,0.0,1.0,1,1,1,0.0,5.0,11.0,0.0,0.0,0.0,48925.019418995085,158537.0470101291,322418.8407309197,0.0,0.0,16914.17470512098,3875.2527676376967,8052.360896029052,35157.653917797856,6.0,25.0,46.0,0,1,1,0,0,0,296639,298708.38
42,111,5.0,0,1,1,1,1,3,0.0,0.0,0.0,0.0,0.0,0.0,0.0,0.0,1.0,0.0,0.0,0.0,0,5.0,19.0,33.0,2.0,10.0,23.0,6.0,13.0,22.0,3.0,14.0,33.0,0.0,0.0,1.0,0.0,0.0,1.0,1.0,1.0,1.0,0.0,0.0,0.0,0,1,1,0.0,0.0,0.0,0.0,0.0,1.0,1,1,1,0.0,5.0,11.0,0.0,0.0,0.0,48925.019418995085,158537.0470101291,322418.8407309197,0.0,0.0,16914.17470512098,3875.2527676376967,8052.360896029052,35157.653917797856,6.0,25.0,46.0,0,1,1,0,0,0,295126,298752.62
43,111,23.0,0,1,1,1,1,8,0.0,0.0,0.0,0.0,0.0,0.0,0.0,0.0,1.0,0.0,0.0,0.0,0,0.0,2.0,3.0,0.0,1.0,2.0,0.0,3.0,5.0,0.0,5.0,9.0,0.0,0.0,0.0,0.0,0.0,0.0,0.0,1.0,1.0,0.0,0.0,0.0,0,0,0,0.0,0.0,0.0,0.0,1.0,1.0,0,1,1,0.0,3.0,8.0,0.0,0.0,0.0,0.0,28572.43075420632,47922.3046979236,0.0,0.0,0.0,0.0,13129.504194414432,18677.37511357456,1.0,18.0,33.0,0,0,0,0,0,0,137151,135031.92
44,111,10.0,0,2,2,1,1,3,0.0,0.0,0.0,0.0,0.0,0.0,0.0,0.0,0.0,1.0,0.0,0.0,0,4.0,6.0,12.0,4.0,4.0,8.0,4.0,5.0,6.0,6.0,8.0,14.0,1.0,2.0,3.0,1.0,2.0,3.0,1.0,1.0,1.0,0.0,0.0,0.0,1,1,1,1.0,1.0,1.0,0.0,0.0,0.0,1,1,1,0.0,0.0,2.0,0.0,1605.3825027311484,30052.60159581232,9948.87637273971,21716.9669938216,235390.6620817448,0.0,22526.033929367004,60767.63929394615,8176.575706587534,21479.725697406117,31408.30877762071,5.0,27.0,45.0,0,1,1,1,1,1,287875,238748.31
45,111,42.0,0,3,2,2,0,2,0.0,0.0,0.0,0.0,0.0,0.0,0.0,1.0,0.0,0.0,0.0,0.0,0,12.0,27.0,56.0,4.0,14.0,32.0,7.0,16.0,30.0,8.0,22.0,44.0,0.0,0.0,4.0,0.0,0.0,4.0,1.0,1.0,1.0,0.0,0.0,0.0,0,1,1,0.0,0.0,0.0,0.0,0.0,1.0,0,1,1,3.0,7.0,16.0,0.0,0.0,0.0,19233.875142640583,86585.6616378655,210961.0378664724,0.0,0.0,0.0,4177.108128391355,11057.24488167596,28003.27864540417,10.0,29.0,57.0,1,1,1,0,0,0,186414,216278.58
46,111,14.0,0,1,2,1,1,5,0.0,0.0,0.0,0.0,0.0,0.0,0.0,0.0,1.0,0.0,0.0,0.0,0,0.0,1.0,2.0,2.0,3.0,6.0,0.0,0.0,2.0,2.0,7.0,13.0,0.0,0.0,0.0,0.0,0.0,0.0,0.0,1.0,1.0,0.0,0.0,0.0,0,0,0,0.0,0.0,1.0,0.0,0.0,0.0,0,1,1,0.0,2.0,3.0,0.0,0.0,0.0,41157.14251721244,169751.93062961946,292621.06490794057,7434.471452236859,71972.36843966562,114654.72293011012,2425.558341658801,15567.092856848514,26971.5262211115,5.0,16.0,37.0,0,0,0,0,0,0,196177,226002.03
47,111,38.0,0,3,2,2,1,1,0.0,0.0,0.0,0.0,0.0,0.0,0.0,0.0,1.0,0.0,0.0,0.0,0,8.0,20.0,29.0,1.0,9.0,18.0,5.0,11.0,18.0,3.0,15.0,31.0,0.0,0.0,0.0,0.0,0.0,0.0,1.0,1.0,1.0,0.0,0.0,0.0,0,1,1,0.0,0.0,0.0,0.0,0.0,1.0,1,1,1,0.0,2.0,9.0,0.0,0.0,0.0,8159.245087693247,150761.45699387195,316125.9026250605,0.0,0.0,15592.523903710991,1759.4264765080109,17150.38852354696,33554.929343441814,5.0,23.0,50.0,0,1,1,0,0,0,208811,245994.66
48,111,9.0,1,2,2,1,1,4,0.0,0.0,0.0,0.0,0.0,1.0,0.0,0.0,0.0,1.0,0.0,0.0,0,0.0,2.0,8.0,0.0,2.0,5.0,0.0,1.0,2.0,7.0,13.0,15.0,1.0,2.0,2.0,1.0,2.0,2.0,0.0,1.0,1.0,0.0,0.0,0.0,0,0,0,0.0,0.0,0.0,0.0,0.0,1.0,0,0,0,1.0,1.0,6.0,0.0,0.0,0.0,3362.880533728049,100382.69174246697,289053.5563229018,0.0,99898.11118536886,155629.60020421885,5929.1490522847525,14108.160780486402,22777.852284379805,8.0,17.0,30.0,1,1,1,0,0,0,242574,231145.31
49,111,38.0,0,3,2,2,0,5,0.0,0.0,0.0,0.0,0.0,0.0,0.0,1.0,0.0,0.0,0.0,0.0,0,3.0,21.0,31.0,1.0,8.0,24.0,1.0,14.0,22.0,2.0,16.0,34.0,0.0,0.0,1.0,0.0,0.0,1.0,1.0,1.0,1.0,0.0,0.0,0.0,0,0,1,0.0,0.0,0.0,0.0,1.0,1.0,0,1,1,0.0,3.0,11.0,0.0,0.0,0.0,56040.13463149853,173986.47068447963,310931.28202542407,0.0,655.0041713895246,17008.271075273253,2236.17962155113,8052.360896029052,33324.49942236058,5.0,25.0,49.0,0,1,1,0,0,0,202610,185227.5
50,111,44.0,0,2,2,1,0,4,0.0,0.0,0.0,0.0,0.0,0.0,0.0,1.0,0.0,0.0,0.0,0.0,0,4.0,16.0,28.0,1.0,7.0,17.0,5.0,11.0,19.0,3.0,14.0,30.0,0.0,0.0,0.0,0.0,0.0,0.0,1.0,1.0,1.0,0.0,0.0,0.0,0,1,1,0.0,0.0,0.0,0.0,0.0,1.0,1,1,1,0.0,2.0,9.0,0.0,0.0,0.0,18207.459345891093,201951.3357796677,325807.1751672856,0.0,1030.3545754894922,17008.271075273253,1639.0731460865668,17783.87948191354,32673.87921002344,6.0,22.0,48.0,0,1,1,0,0,0,225975,200782.39
51,111,10.0,1,3,2,2,1,6,1.0,0.0,0.0,0.0,0.0,0.0,0.0,0.0,0.0,1.0,0.0,0.0,0,1.0,2.0,6.0,1.0,2.0,4.0,1.0,1.0,2.0,4.0,12.0,14.0,1.0,2.0,2.0,1.0,2.0,2.0,0.0,1.0,1.0,0.0,0.0,0.0,0,0,0,0.0,0.0,0.0,0.0,0.0,0.0,0,0,0,1.0,1.0,6.0,0.0,0.0,0.0,6117.467618154543,140250.0675555236,334788.5401113283,2520.871301447848,65865.82666661049,140432.03828028418,5464.017311870788,14947.69174327133,23789.785224016763,9.0,17.0,31.0,0,1,1,0,0,0,202831,214950.36
52,111,24.0,0,3,2,1,1,3,0.0,0.0,0.0,0.0,0.0,0.0,0.0,0.0,0.0,1.0,0.0,0.0,0,0.0,1.0,3.0,1.0,1.0,3.0,0.0,1.0,4.0,2.0,2.0,6.0,0.0,0.0,0.0,0.0,0.0,0.0,0.0,0.0,1.0,0.0,0.0,0.0,0,0,0,0.0,0.0,0.0,0.0,0.0,0.0,0,0,0,0.0,1.0,2.0,0.0,0.3249490227689625,6146.922105012196,31421.470405658205,140563.73626271286,240647.44716407143,5100.573260613238,17008.271075273253,17008.271075273253,0.0,0.0,9888.861408276898,6.0,12.0,18.0,0,0,0,0,0,0,149475,161197.44
53,111,22.0,1,3,2,2,1,6,0.0,1.0,0.0,0.0,0.0,0.0,0.0,0.0,0.0,1.0,0.0,0.0,0,1.0,4.0,9.0,2.0,4.0,6.0,0.0,4.0,6.0,2.0,8.0,14.0,0.0,1.0,2.0,0.0,1.0,2.0,1.0,1.0,1.0,0.0,0.0,0.0,0,1,1,0.0,1.0,1.0,0.0,0.0,0.0,0,1,1,0.0,0.0,0.0,0.0,0.0,1234.7551523036152,13891.06787150492,203306.07414422248,334221.8307298341,20576.699866250747,51897.68544009943,81751.78025816975,2920.71638345722,10769.91444500771,32742.5988134806,4.0,14.0,46.0,0,0,1,0,0,1,202625,199965.4
54,111,43.0,0,3,2,1,0,4,0.0,0.0,0.0,0.0,0.0,0.0,0.0,1.0,0.0,0.0,0.0,0.0,0,7.0,21.0,33.0,2.0,9.0,24.0,7.0,13.0,22.0,5.0,13.0,32.0,0.0,0.0,1.0,0.0,0.0,1.0,1.0,1.0,1.0,0.0,0.0,0.0,0,1,1,0.0,0.0,0.0,0.0,0.0,1.0,1,1,1,0.0,5.0,11.0,0.0,0.0,0.0,30474.25746579479,135590.4642481549,310834.6149582933,0.0,0.0,15387.305961827187,2627.980872650797,8671.86136805079,33456.29543872628,5.0,26.0,45.0,0,1,1,0,0,0,181635,213540.25
55,111,14.0,1,3,2,2,1,2,1.0,0.0,0.0,0.0,0.0,0.0,0.0,0.0,1.0,0.0,0.0,0.0,0,0.0,1.0,1.0,0.0,2.0,6.0,0.0,0.0,2.0,0.0,6.0,12.0,0.0,0.0,0.0,0.0,0.0,0.0,0.0,0.0,1.0,0.0,0.0,0.0,0,0,0,0.0,0.0,1.0,0.0,0.0,0.0,0,1,1,1.0,2.0,3.0,0.0,0.0,0.0,82466.5567686593,196399.1817317861,323050.65546783066,31596.338181312505,78118.80666671449,114294.70300092998,0.0,14092.785463208043,19492.867523041703,2.0,14.0,36.0,0,0,0,0,0,0,185612,210837.55
56,111,16.0,0,1,1,1,1,9,0.0,0.0,0.0,0.0,0.0,0.0,0.0,0.0,1.0,0.0,0.0,0.0,0,0.0,2.0,8.0,0.0,1.0,5.0,0.0,1.0,2.0,0.0,10.0,17.0,0.0,1.0,2.0,0.0,1.0,2.0,0.0,1.0,1.0,0.0,0.0,0.0,0,0,1,0.0,0.0,1.0,0.0,0.0,1.0,0,0,1,1.0,2.0,6.0,0.0,0.0,0.0,40545.23323600856,190349.55221374147,340659.2295591892,24653.2769813856,84135.12992196823,137695.56061154776,1754.1325484237527,6706.288628447891,24849.495680301585,3.0,15.0,26.0,0,1,1,0,0,0,257467,220374.58
57,111,19.0,1,3,2,2,1,9,1.0,0.0,0.0,0.0,0.0,0.0,0.0,0.0,1.0,0.0,0.0,0.0,0,2.0,2.0,3.0,1.0,1.0,2.0,1.0,1.0,4.0,1.0,4.0,8.0,0.0,0.0,1.0,0.0,0.0,1.0,0.0,1.0,1.0,0.0,0.0,0.0,0,0,0,0.0,0.0,0.0,0.0,0.0,0.0,0,0,1,0.0,1.0,3.0,0.0,5104.657180928536,101315.75806104195,6884.142165077492,32724.25908502484,48493.26096088395,0.0,0.0,0.0,0.0,0.0,17158.139163230855,5.0,12.0,27.0,0,0,0,0,0,0,126894,113950.45
58,111,13.0,1,1,1,1,1,3,0.0,1.0,0.0,0.0,0.0,0.0,0.0,0.0,1.0,0.0,0.0,0.0,0,0.0,3.0,7.0,0.0,2.0,6.0,0.0,0.0,2.0,0.0,1.0,19.0,0.0,0.0,3.0,0.0,0.0,3.0,1.0,1.0,1.0,0.0,0.0,0.0,0,0,1,1.0,1.0,1.0,0.0,0.0,1.0,0,0,0,1.0,2.0,6.0,0.0,0.0,0.0,370.7470025446271,25755.507640734468,48660.51120162009,0.0,67210.30907094927,121900.62937069414,0.0,1386.2822771306865,17228.832338852382,4.0,14.0,35.0,1,1,1,0,0,0,189746,209559.9
59,111,38.0,0,3,2,1,0,4,0.0,0.0,0.0,0.0,0.0,0.0,0.0,1.0,0.0,0.0,0.0,0.0,0,0.0,2.0,3.0,0.0,1.0,1.0,0.0,1.0,1.0,2.0,4.0,6.0,0.0,1.0,1.0,0.0,1.0,1.0,0.0,0.0,1.0,0.0,0.0,0.0,0,0,0,0.0,0.0,0.0,0.0,0.0,0.0,0,0,0,0.0,1.0,3.0,18198.507313901147,118081.87874710784,184423.76960330392,2729.42501025326,17253.45817845458,46150.022083134405,0.0,0.0,0.0,0.0,3061.142808224448,10688.18956201564,2.0,14.0,21.0,0,0,0,0,0,0,111632,101833.9
60,111,18.0,1,2,2,2,1,7,1.0,0.0,0.0,0.0,0.0,0.0,0.0,0.0,1.0,0.0,0.0,0.0,0,0.0,1.0,2.0,0.0,5.0,6.0,0.0,2.0,2.0,1.0,8.0,15.0,0.0,0.0,0.0,0.0,0.0,0.0,0.0,1.0,1.0,0.0,0.0,0.0,0,0,0,0.0,0.0,1.0,0.0,0.0,0.0,1,1,1,0.0,2.0,4.0,0.0,0.0,0.0,34451.16100976353,186789.78191133676,318271.3296112228,0.0,82115.78135574641,118471.54618616863,3468.777375119289,13049.188357411633,38882.61334446159,5.0,17.0,35.0,0,0,1,0,0,0,268231,196257.8
61,111,23.0,0,1,0,1,1,6,0.0,0.0,0.0,0.0,0.0,0.0,0.0,0.0,1.0,0.0,0.0,0.0,0,0.0,2.0,3.0,0.0,1.0,2.0,0.0,3.0,5.0,0.0,5.0,9.0,0.0,0.0,0.0,0.0,0.0,0.0,0.0,1.0,1.0,0.0,0.0,0.0,0,0,0,0.0,0.0,0.0,0.0,1.0,1.0,0,1,1,0.0,3.0,8.0,0.0,0.0,0.0,0.0,28572.43075420632,47922.3046979236,0.0,0.0,0.0,0.0,13129.504194414432,18677.37511357456,1.0,18.0,33.0,0,0,0,0,0,0,125191,128288.58
62,111,38.0,0,3,2,2,1,3,0.0,0.0,0.0,0.0,0.0,0.0,0.0,0.0,1.0,0.0,0.0,0.0,0,1.0,21.0,58.0,2.0,15.0,30.0,2.0,11.0,32.0,8.0,24.0,44.0,2.0,2.0,3.0,2.0,2.0,3.0,0.0,1.0,1.0,0.0,0.0,0.0,0,0,1,0.0,0.0,0.0,0.0,1.0,1.0,0,1,1,4.0,14.0,18.0,0.0,0.0,0.0,9669.878751162014,45515.92689886703,155542.26572824063,0.0,3956.618808783502,86260.74570287523,6702.863207049652,16016.471094916767,24555.19049275701,4.0,34.0,58.0,0,1,1,1,1,1,203353,185976.84
63,111,17.0,1,3,2,2,1,10,0.0,1.0,0.0,0.0,0.0,0.0,0.0,0.0,0.0,1.0,0.0,0.0,0,2.0,7.0,15.0,2.0,9.0,14.0,1.0,6.0,12.0,3.0,16.0,27.0,2.0,2.0,2.0,2.0,2.0,2.0,1.0,1.0,1.0,0.0,0.0,0.0,0,0,0,0.0,0.0,1.0,0.0,1.0,1.0,0,1,1,1.0,8.0,13.0,0.0,0.0,0.0,23034.04635827276,96647.31881015908,225506.5889517181,30397.484166463528,77158.72128366497,120721.14995388324,4426.811035238183,9939.808237506946,21439.886896443397,4.0,24.0,49.0,0,1,1,0,1,1,226331,218833.25
64,111,38.0,0,3,2,2,0,1,0.0,0.0,0.0,0.0,0.0,0.0,0.0,1.0,0.0,0.0,0.0,0.0,0,0.0,0.0,4.0,0.0,0.0,9.0,0.0,0.0,5.0,0.0,1.0,12.0,0.0,0.0,2.0,0.0,0.0,2.0,0.0,1.0,1.0,0.0,0.0,0.0,0,0,0,0.0,0.0,0.0,0.0,0.0,0.0,0,0,0,0.0,0.0,3.0,0.0,0.0,0.0,78558.26468747803,209248.16180643288,247588.2169275345,12506.421260491912,17008.271075273253,17008.271075273253,1468.5705516139765,5718.817159874159,22784.46782174433,4.0,10.0,33.0,0,0,1,0,0,0,156806,154197.66
65,111,12.0,1,4,2,2,1,6,1.0,0.0,0.0,0.0,0.0,0.0,0.0,0.0,0.0,1.0,0.0,0.0,0,2.0,2.0,6.0,1.0,1.0,4.0,1.0,1.0,2.0,2.0,12.0,15.0,0.0,2.0,2.0,0.0,2.0,2.0,1.0,1.0,1.0,0.0,0.0,0.0,0,0,0,0.0,0.0,1.0,0.0,0.0,0.0,0,0,1,1.0,2.0,5.0,0.0,0.0,0.0,27858.162558216696,175959.16155891234,350126.00007436174,19061.54483829536,55511.84187561304,123363.24169012508,3999.610971033566,14391.4597561953,22831.621315538458,7.0,17.0,31.0,0,1,1,0,0,0,268153,214015.2
66,111,5.0,0,0,1,1,1,2,0.0,0.0,0.0,0.0,0.0,0.0,0.0,0.0,1.0,0.0,0.0,0.0,0,0.0,0.0,3.0,0.0,0.0,2.0,0.0,2.0,5.0,1.0,2.0,6.0,0.0,0.0,0.0,0.0,0.0,0.0,0.0,1.0,1.0,0.0,0.0,0.0,0,0,0,0.0,0.0,0.0,1.0,1.0,1.0,1,1,1,1.0,7.0,8.0,0.0,0.0,0.0,0.0,4375.407781029104,39790.124746140136,0.0,0.0,0.0,285.8990329427384,10802.975680001464,17529.477314245236,6.0,13.0,27.0,0,0,0,0,0,0,161172,142963.25
67,111,42.0,0,2,1,1,0,2,0.0,0.0,0.0,0.0,0.0,0.0,0.0,1.0,0.0,0.0,0.0,0.0,0,4.0,5.0,9.0,1.0,1.0,2.0,2.0,2.0,5.0,3.0,6.0,15.0,0.0,0.0,2.0,0.0,0.0,2.0,0.0,1.0,1.0,0.0,0.0,0.0,1,1,1,0.0,0.0,0.0,1.0,1.0,1.0,0,0,1,0.0,4.0,8.0,0.0,0.0,31234.3588481636,22082.0677114706,65625.34087793075,91284.30725073694,0.0,0.0,0.0,4060.429784704589,12548.87851295478,14645.834774164712,4.0,15.0,27.0,0,0,0,0,0,0,147760,131386.81
68,111,14.0,1,2,2,1,1,8,0.0,1.0,0.0,0.0,0.0,0.0,0.0,0.0,1.0,0.0,0.0,0.0,0,0.0,1.0,2.0,2.0,3.0,6.0,0.0,0.0,2.0,2.0,7.0,13.0,0.0,0.0,0.0,0.0,0.0,0.0,0.0,1.0,1.0,0.0,0.0,0.0,0,0,0,0.0,0.0,1.0,0.0,0.0,0.0,0,1,1,0.0,2.0,3.0,0.0,0.0,0.0,41157.14251721244,169751.93062961946,292621.06490794057,7434.471452236859,71972.36843966562,114654.72293011012,2425.558341658801,15567.092856848514,26971.5262211115,5.0,16.0,37.0,0,0,0,0,0,0,201876,202687.84
69,111,30.0,0,3,2,2,1,6,0.0,0.0,0.0,0.0,0.0,0.0,0.0,0.0,1.0,0.0,0.0,0.0,0,3.0,11.0,27.0,1.0,6.0,15.0,2.0,10.0,16.0,2.0,14.0,29.0,0.0,0.0,2.0,0.0,0.0,2.0,1.0,1.0,1.0,0.0,0.0,0.0,1,1,1,0.0,0.0,1.0,0.0,0.0,0.0,1,1,1,0.0,2.0,11.0,0.0,0.0,0.0,10630.520959913903,36726.66811703334,257099.1520673924,0.0,0.0,46405.01349720513,7717.394122301928,18554.71989107777,44490.96404195894,6.0,18.0,45.0,0,1,1,0,0,0,221788,226199.12
70,111,9.0,1,4,2,2,1,9,1.0,0.0,0.0,0.0,0.0,0.0,0.0,0.0,0.0,1.0,0.0,0.0,0,2.0,6.0,13.0,1.0,4.0,5.0,1.0,2.0,2.0,5.0,14.0,18.0,0.0,2.0,2.0,0.0,2.0,2.0,1.0,1.0,1.0,0.0,0.0,0.0,0,0,1,0.0,0.0,0.0,0.0,0.0,0.0,0,0,1,1.0,2.0,4.0,0.0,0.0,0.0,4943.703165717422,111165.61724037104,307726.4878908661,0.0,36806.69385900671,125238.97376099744,4202.506061581109,14222.25522403006,28838.86698354357,10.0,18.0,34.0,0,1,1,0,0,0,274851,235006.61
71,111,41.0,0,3,0,3,0,4,0.0,0.0,0.0,0.0,0.0,0.0,0.0,1.0,0.0,0.0,0.0,0.0,0,3.0,11.0,17.0,0.0,4.0,7.0,3.0,3.0,6.0,4.0,11.0,16.0,1.0,1.0,2.0,1.0,1.0,2.0,0.0,1.0,1.0,0.0,0.0,0.0,0,1,1,0.0,0.0,0.0,1.0,1.0,1.0,0,1,1,3.0,5.0,10.0,123.92685249339364,26045.420840708382,31883.30389933966,22335.675024734537,74418.03057665107,96838.43405824524,0.0,0.0,0.0,1048.8347037067126,7348.831627975504,17816.207566702044,8.0,16.0,37.0,0,1,1,0,0,0,164948,156160.12
72,111,12.0,1,3,2,2,1,5,0.0,1.0,0.0,0.0,0.0,0.0,0.0,0.0,1.0,0.0,0.0,0.0,0,0.0,1.0,2.0,1.0,3.0,6.0,0.0,1.0,2.0,1.0,7.0,13.0,0.0,0.0,0.0,0.0,0.0,0.0,0.0,1.0,1.0,0.0,0.0,0.0,0,0,0,0.0,0.0,1.0,0.0,0.0,0.0,0,1,1,0.0,2.0,4.0,0.0,0.0,0.0,41033.71328445272,182321.715181961,298387.98610486026,3741.030774112517,76006.54948987698,116079.69189674698,1.035134906863818,14382.31961134786,28900.229561177523,4.0,16.0,38.0,0,0,0,0,0,0,218459,208484.39
73,111,53.0,0,2,1,1,0,4,0.0,0.0,0.0,0.0,0.0,0.0,0.0,1.0,0.0,0.0,0.0,0.0,0,0.0,1.0,5.0,1.0,3.0,11.0,0.0,0.0,7.0,0.0,5.0,20.0,0.0,0.0,4.0,0.0,0.0,4.0,0.0,1.0,1.0,0.0,0.0,0.0,0,0,0,0.0,1.0,1.0,0.0,0.0,0.0,0,1,1,1.0,1.0,3.0,0.0,0.0,0.0,2765.045240907394,18869.3391139622,143183.95524677486,0.0,0.0,52654.13522078364,8732.06532711762,11625.87892296878,38924.99010082225,6.0,24.0,46.0,0,0,1,0,0,0,235618,173247.05
74,111,9.0,1,3,2,2,1,13,1.0,0.0,0.0,0.0,0.0,0.0,0.0,0.0,0.0,1.0,0.0,0.0,0,2.0,5.0,7.0,0.0,2.0,2.0,2.0,2.0,7.0,4.0,10.0,16.0,0.0,0.0,1.0,0.0,0.0,1.0,1.0,1.0,1.0,0.0,0.0,0.0,1,1,1,0.0,0.0,0.0,0.0,1.0,1.0,0,1,1,2.0,2.0,8.0,0.0,0.0,0.0,11686.597745665662,55904.28878103154,114084.56364290472,0.0,0.0,0.0,4186.9058247504245,13696.91796820808,26354.57948184326,8.0,21.0,32.0,0,0,0,0,0,0,150814,177884.98
75,111,45.0,0,3,2,1,0,4,0.0,0.0,0.0,0.0,0.0,0.0,0.0,1.0,0.0,0.0,0.0,0.0,0,0.0,1.0,3.0,3.0,5.0,10.0,1.0,1.0,3.0,5.0,6.0,15.0,2.0,2.0,2.0,2.0,2.0,2.0,1.0,1.0,1.0,0.0,0.0,0.0,0,0,1,0.0,0.0,1.0,0.0,0.0,0.0,0,0,1,2.0,3.0,4.0,0.0,0.0,0.0,4200.140373591734,51429.87649562417,144909.84232785975,0.0,0.0,6692.460499300832,7395.728247808047,34617.43154165273,48457.04156372953,6.0,17.0,36.0,1,1,1,0,0,0,239201,213101.86
76,111,38.0,0,3,2,2,1,5,0.0,0.0,0.0,0.0,0.0,0.0,0.0,0.0,1.0,0.0,0.0,0.0,0,2.0,15.0,55.0,2.0,15.0,28.0,1.0,11.0,30.0,8.0,22.0,43.0,2.0,2.0,3.0,2.0,2.0,3.0,1.0,1.0,1.0,0.0,0.0,0.0,0,0,1,0.0,0.0,0.0,0.0,1.0,1.0,0,1,1,4.0,12.0,17.0,0.0,0.0,0.0,9614.045188966402,50465.1865850549,161033.1263746689,0.0,16231.32561920114,91152.160353086,7606.352189320636,15728.549403088344,24635.112342109584,7.0,34.0,59.0,0,1,1,1,1,1,211845,190282.55
77,111,26.0,0,1,1,1,1,8,0.0,0.0,0.0,0.0,0.0,0.0,0.0,0.0,1.0,0.0,0.0,0.0,0,1.0,21.0,57.0,1.0,15.0,31.0,2.0,12.0,32.0,7.0,24.0,44.0,2.0,2.0,4.0,2.0,2.0,4.0,0.0,1.0,1.0,0.0,0.0,0.0,0,0,1,0.0,0.0,0.0,0.0,1.0,1.0,0,1,1,4.0,14.0,18.0,0.0,0.0,0.0,11214.849762003278,38251.60528644716,149323.76009362965,0.0,893.2529490276643,81141.4156607669,4379.326250084925,16178.75568880993,25157.31823735134,3.0,32.0,59.0,0,1,1,0,1,1,250056,202263.39
78,111,15.0,0,2,2,1,1,3,0.0,0.0,0.0,0.0,0.0,0.0,0.0,0.0,1.0,0.0,0.0,0.0,0,0.0,0.0,5.0,0.0,0.0,4.0,0.0,0.0,2.0,0.0,1.0,16.0,0.0,0.0,2.0,0.0,0.0,2.0,0.0,1.0,1.0,0.0,0.0,0.0,0,0,1,1.0,1.0,1.0,0.0,0.0,1.0,0,0,0,1.0,2.0,3.0,0.0,0.0,0.0,1548.4960541017326,20648.68364947414,44483.87117981468,11025.569531896248,84778.80901395675,133854.4484110446,0.0,2294.354149529992,8515.254975107622,3.0,12.0,26.0,0,1,1,0,0,0,245194,196674.88
79,111,45.0,0,3,2,1,0,2,0.0,0.0,0.0,0.0,0.0,0.0,0.0,1.0,0.0,0.0,0.0,0.0,0,6.0,11.0,13.0,3.0,6.0,7.0,2.0,3.0,4.0,6.0,9.0,19.0,1.0,1.0,2.0,1.0,1.0,2.0,1.0,1.0,1.0,0.0,0.0,0.0,0,1,1,0.0,1.0,1.0,1.0,1.0,1.0,0,0,1,2.0,5.0,9.0,0.0,6388.596403245934,31883.30389933966,9550.558784284016,32001.06142995697,90283.65035423484,0.0,0.0,0.0,205.8304449431505,3708.238372438324,15565.285116833007,4.0,27.0,38.0,1,1,1,0,0,0,211352,158697.97
80,111,28.0,1,6,2,3,0,1,1.0,0.0,0.0,0.0,0.0,0.0,0.0,1.0,0.0,0.0,0.0,0.0,0,4.0,6.0,9.0,1.0,1.0,4.0,2.0,3.0,6.0,4.0,9.0,16.0,0.0,0.0,2.0,0.0,0.0,2.0,1.0,1.0,1.0,0.0,0.0,0.0,1,1,1,0.0,0.0,0.0,1.0,1.0,1.0,0,1,1,1.0,4.0,7.0,0.0,0.0,24148.107962665392,28559.782020537685,67058.66047442143,95102.47466022996,0.0,0.0,0.0,5881.665490062288,12548.87851295478,16478.27631255505,6.0,20.0,29.0,0,0,0,0,0,0,135006,124562.87
81,111,27.0,0,1,1,1,1,12,0.0,0.0,0.0,0.0,0.0,0.0,0.0,0.0,0.0,1.0,0.0,0.0,0,3.0,8.0,29.0,2.0,9.0,19.0,2.0,8.0,15.0,4.0,17.0,29.0,2.0,2.0,2.0,2.0,2.0,2.0,1.0,1.0,1.0,0.0,0.0,0.0,0,0,1,0.0,0.0,0.0,0.0,1.0,1.0,0,1,1,2.0,9.0,15.0,0.0,0.0,0.0,13867.11426396857,88113.66558933648,218526.31833009608,11596.968024286163,72342.3057258264,116786.3760204246,6649.054981962161,11180.89810775565,21600.681710488847,7.0,22.0,51.0,1,1,1,0,1,1,187266,186258.25
82,111,41.0,0,3,2,1,0,2,0.0,0.0,0.0,0.0,0.0,0.0,0.0,1.0,0.0,0.0,0.0,0.0,0,0.0,2.0,2.0,0.0,1.0,1.0,0.0,1.0,1.0,2.0,4.0,4.0,0.0,0.0,1.0,0.0,0.0,1.0,0.0,0.0,1.0,0.0,0.0,0.0,0,0,0,0.0,0.0,0.0,0.0,0.0,0.0,0,0,0,0.0,1.0,3.0,4547.168956445406,114315.45815672574,180804.94478715284,3792.025254696957,10155.466859838958,43927.665673560274,0.0,0.0,0.0,0.0,2982.200880498016,5026.858880683027,4.0,14.0,17.0,0,0,0,0,0,0,147330,86858.11
83,111,10.0,1,3,2,2,1,8,1.0,0.0,0.0,0.0,0.0,0.0,0.0,0.0,0.0,1.0,0.0,0.0,0,1.0,2.0,6.0,1.0,2.0,4.0,1.0,1.0,2.0,4.0,12.0,14.0,1.0,2.0,2.0,1.0,2.0,2.0,0.0,1.0,1.0,0.0,0.0,0.0,0,0,0,0.0,0.0,0.0,0.0,0.0,0.0,0,0,0,1.0,1.0,6.0,0.0,0.0,0.0,6117.467618154543,140250.0675555236,334788.5401113283,2520.871301447848,65865.82666661049,140432.03828028418,5464.017311870788,14947.69174327133,23789.785224016763,9.0,17.0,31.0,0,1,1,0,0,0,215537,218423.77
84,111,8.0,1,2,1,1,1,10,0.0,1.0,0.0,0.0,0.0,0.0,0.0,0.0,1.0,0.0,0.0,0.0,0,0.0,2.0,10.0,0.0,1.0,7.0,0.0,1.0,3.0,4.0,12.0,19.0,1.0,1.0,4.0,1.0,1.0,4.0,0.0,1.0,1.0,0.0,0.0,0.0,0,0,1,0.0,0.0,1.0,0.0,0.0,1.0,0,0,1,1.0,1.0,5.0,0.0,0.0,0.0,12503.777382261906,166626.91837521008,272343.5246319195,0.0,110277.03831073,153706.30526673584,3658.356142198893,11620.080243378969,23660.851376107465,3.0,11.0,32.0,1,1,1,0,0,0,308263,244145.56
85,111,8.0,1,4,2,2,1,3,1.0,0.0,0.0,0.0,0.0,0.0,0.0,0.0,1.0,0.0,0.0,0.0,0,0.0,2.0,10.0,0.0,1.0,7.0,0.0,1.0,2.0,3.0,12.0,20.0,1.0,1.0,4.0,1.0,1.0,4.0,0.0,1.0,1.0,0.0,0.0,0.0,0,0,1,0.0,0.0,1.0,0.0,0.0,1.0,0,0,1,1.0,1.0,5.0,0.0,0.0,0.0,13346.518373110031,168261.54341485735,273341.5941102914,365.9203015539871,110090.67503730266,153001.33635387354,3519.7969260917557,11620.080243378969,24034.02737235583,2.0,11.0,30.0,1,1,1,0,0,0,261660,225276.53
86,111,36.0,0,4,1,4,0,3,0.0,0.0,0.0,0.0,0.0,0.0,0.0,1.0,0.0,0.0,0.0,0.0,0,0.0,7.0,14.0,1.0,1.0,3.0,0.0,3.0,5.0,2.0,4.0,16.0,0.0,0.0,1.0,0.0,0.0,1.0,0.0,1.0,1.0,0.0,0.0,0.0,0,1,1,0.0,0.0,0.0,0.0,1.0,1.0,0,0,1,0.0,5.0,9.0,0.0,29751.93158725216,31883.30389933966,34339.17005753809,72151.63785964134,87905.98751145416,0.0,0.0,0.0,1823.375321559359,8618.815569766666,18634.64777863831,2.0,12.0,26.0,0,0,1,0,0,0,164827,144241.81
87,111,19.0,0,3,2,2,1,8,0.0,0.0,0.0,0.0,0.0,0.0,0.0,0.0,1.0,0.0,0.0,0.0,0,2.0,2.0,3.0,1.0,1.0,2.0,1.0,1.0,4.0,3.0,4.0,10.0,0.0,0.0,1.0,0.0,0.0,1.0,0.0,1.0,1.0,0.0,0.0,0.0,0,0,0,0.0,0.0,0.0,0.0,0.0,0.0,0,0,1,0.0,1.0,3.0,0.0,21546.43568012258,122609.34758819752,8095.5187172673295,36657.114881399415,50671.43419848452,0.0,0.0,0.0,0.0,0.0,17968.341775566772,8.0,12.0,27.0,0,0,0,0,0,0,128277,112980.13
88,111,11.0,1,3,2,2,1,12,1.0,0.0,0.0,0.0,0.0,0.0,0.0,0.0,0.0,1.0,0.0,0.0,0,1.0,6.0,13.0,1.0,4.0,5.0,1.0,2.0,2.0,8.0,14.0,16.0,1.0,2.0,2.0,1.0,2.0,2.0,1.0,1.0,1.0,0.0,0.0,0.0,0,0,0,0.0,0.0,0.0,0.0,0.0,0.0,0,0,0,1.0,2.0,5.0,0.0,0.0,0.0,7177.533278391811,96891.03509764356,306248.8307922375,0.0,33803.05953638585,135054.90756028416,4604.782565136648,14222.25522403006,25467.85407925588,8.0,19.0,34.0,0,1,1,0,0,0,313047,254490.66
89,111,16.0,1,2,1,1,1,8,1.0,0.0,0.0,0.0,0.0,0.0,0.0,0.0,0.0,1.0,0.0,0.0,0,0.0,1.0,4.0,0.0,1.0,5.0,0.0,2.0,2.0,0.0,8.0,11.0,0.0,0.0,0.0,0.0,0.0,0.0,0.0,1.0,1.0,0.0,0.0,0.0,0,0,0,0.0,1.0,1.0,0.0,0.0,0.0,0,1,1,0.0,1.0,3.0,0.0,0.0,0.0,67970.45875403137,191260.7182797536,330810.63307708123,36518.47316915678,81934.51103923426,117373.07163340942,111.83746598999818,6178.30294518786,37976.66821384167,1.0,16.0,33.0,0,0,0,0,0,0,163305,189432.94
90,111,28.0,0,2,2,1,1,8,0.0,0.0,0.0,0.0,0.0,0.0,0.0,0.0,0.0,1.0,0.0,0.0,0,0.0,3.0,5.0,0.0,6.0,7.0,0.0,4.0,4.0,2.0,10.0,14.0,0.0,1.0,2.0,0.0,1.0,2.0,1.0,1.0,1.0,0.0,0.0,0.0,0,0,1,0.0,1.0,1.0,0.0,0.0,0.0,0,0,1,0.0,1.0,2.0,0.0,0.0,2790.758120063092,5302.931927411851,87599.16190813361,241420.4560078678,0.0,38639.95943474935,76483.47770946064,1187.177405676615,19147.41089124293,30975.80356310688,1.0,19.0,45.0,0,0,1,0,0,1,210655,220745.47
91,111,38.0,0,4,2,2,0,4,0.0,0.0,0.0,0.0,0.0,0.0,0.0,1.0,0.0,0.0,0.0,0.0,0,4.0,4.0,8.0,1.0,1.0,1.0,2.0,2.0,5.0,2.0,6.0,11.0,0.0,0.0,1.0,0.0,0.0,1.0,0.0,1.0,1.0,0.0,0.0,0.0,1,1,1,0.0,0.0,0.0,1.0,1.0,1.0,0,0,1,0.0,3.0,7.0,0.0,0.0,31883.30389933966,20743.42833396443,65960.71321471645,84358.93853766586,0.0,0.0,0.0,3000.236436157469,12548.87851295478,14645.834774164712,1.0,12.0,24.0,0,0,0,0,0,0,155081,122906.64
92,111,2.0,0,2,2,1,1,2,0.0,0.0,0.0,0.0,0.0,0.0,0.0,0.0,1.0,0.0,0.0,0.0,0,11.0,28.0,61.0,6.0,15.0,36.0,5.0,17.0,31.0,8.0,23.0,46.0,0.0,2.0,3.0,0.0,2.0,3.0,1.0,1.0,1.0,0.0,0.0,0.0,0,0,1,0.0,0.0,1.0,0.0,1.0,1.0,0,1,1,3.0,7.0,16.0,0.0,0.0,0.0,21615.907335670585,87978.23195974642,199388.2789380915,0.0,0.0,0.0,1337.977863120121,12971.512798538955,23478.73446593496,8.0,28.0,56.0,1,1,1,0,0,0,301847,282325.38
93,111,11.0,1,4,2,2,1,12,1.0,0.0,0.0,0.0,0.0,0.0,0.0,0.0,0.0,1.0,0.0,0.0,0,2.0,6.0,14.0,1.0,4.0,5.0,1.0,2.0,3.0,4.0,14.0,16.0,0.0,2.0,2.0,0.0,2.0,2.0,1.0,1.0,1.0,0.0,0.0,0.0,0,0,1,0.0,0.0,0.0,0.0,0.0,0.0,0,0,1,1.0,2.0,4.0,0.0,0.0,0.0,4841.91093063714,127381.68830765484,310025.4778281862,0.0,39411.10642358831,118657.37074239305,3482.323540444374,14222.25522403006,30556.658180058366,11.0,18.0,34.0,0,1,1,0,0,0,183697,236154.39
94,111,11.0,1,0,0,1,1,2,1.0,0.0,0.0,0.0,0.0,0.0,0.0,0.0,0.0,1.0,0.0,0.0,0,2.0,6.0,14.0,1.0,4.0,5.0,1.0,2.0,3.0,4.0,14.0,16.0,0.0,2.0,2.0,0.0,2.0,2.0,1.0,1.0,1.0,0.0,0.0,0.0,0,0,1,0.0,0.0,0.0,0.0,0.0,0.0,0,0,1,1.0,2.0,4.0,0.0,0.0,0.0,4841.91093063714,127381.68830765484,310025.4778281862,0.0,39411.10642358831,118657.37074239305,3482.323540444374,14222.25522403006,30556.658180058366,11.0,18.0,34.0,0,1,1,0,0,0,278190,225883.6
95,111,9.0,1,3,2,2,1,2,1.0,0.0,0.0,0.0,0.0,0.0,0.0,0.0,1.0,0.0,0.0,0.0,0,0.0,1.0,2.0,2.0,3.0,6.0,0.0,0.0,2.0,2.0,7.0,13.0,0.0,0.0,0.0,0.0,0.0,0.0,0.0,1.0,1.0,0.0,0.0,0.0,0,0,0,0.0,0.0,0.0,0.0,0.0,0.0,0,1,1,0.0,2.0,2.0,0.0,0.0,0.0,36918.480800959245,154287.01007686762,282771.1353658866,4637.676566428327,61103.34634064783,111859.69728115332,7470.942464945239,16331.202172017149,22919.65099187229,6.0,17.0,38.0,0,0,0,0,0,0,245013,201157.0
96,111,45.0,0,3,2,1,0,2,0.0,0.0,0.0,0.0,0.0,0.0,0.0,1.0,0.0,0.0,0.0,0.0,0,0.0,1.0,3.0,0.0,1.0,2.0,2.0,4.0,5.0,2.0,4.0,9.0,0.0,0.0,0.0,0.0,0.0,0.0,1.0,1.0,1.0,0.0,0.0,0.0,0,0,0,0.0,0.0,0.0,1.0,1.0,1.0,1,1,1,2.0,6.0,8.0,0.0,0.0,0.0,1997.0967121786164,36681.42598952527,46379.54683281948,0.0,0.0,0.0,10142.30677534897,16484.401335592458,19459.104422018238,6.0,21.0,30.0,0,0,0,0,0,0,147184,107285.79
97,111,28.0,1,2,1,1,1,5,0.0,0.0,0.0,1.0,0.0,0.0,0.0,0.0,1.0,0.0,0.0,0.0,0,1.0,20.0,50.0,1.0,10.0,30.0,2.0,10.0,29.0,8.0,21.0,40.0,1.0,2.0,3.0,1.0,2.0,3.0,0.0,1.0,1.0,0.0,0.0,0.0,0,0,1,0.0,0.0,0.0,0.0,1.0,1.0,0,1,1,3.0,12.0,19.0,0.0,0.0,0.0,11598.608833669989,49246.3698145023,156988.86263276666,0.0,4907.420473519936,86780.51083027772,3204.028487431393,21226.59759971704,26336.05188246744,3.0,29.0,56.0,0,1,1,0,1,1,272891,233239.47
98,111,42.0,0,3,2,2,0,1,0.0,0.0,0.0,0.0,0.0,0.0,0.0,0.0,0.0,0.0,0.0,1.0,0,0.0,1.0,2.0,0.0,1.0,1.0,0.0,1.0,1.0,1.0,3.0,4.0,0.0,1.0,1.0,0.0,1.0,1.0,0.0,0.0,1.0,0.0,0.0,0.0,0,0,0,0.0,0.0,0.0,0.0,0.0,0.0,0,0,0,0.0,1.0,3.0,76496.81666416307,166203.40561913594,191404.5342668357,458.49551606734383,13605.327206867234,40670.00600240404,0.0,0.0,0.0,1946.118487748527,2982.200880498016,4491.49232948572,1.0,11.0,16.0,0,0,0,0,0,0,188661,326719.03
99,111,16.0,1,3,2,2,1,3,0.0,1.0,0.0,0.0,0.0,0.0,0.0,0.0,1.0,0.0,0.0,0.0,0,2.0,7.0,19.0,1.0,5.0,13.0,2.0,5.0,16.0,1.0,8.0,20.0,0.0,0.0,0.0,0.0,0.0,0.0,0.0,1.0,1.0,0.0,0.0,0.0,0,0,0,0.0,0.0,0.0,0.0,0.0,1.0,0,0,1,0.0,3.0,9.0,0.0,0.0,6146.922105012196,62980.4253090472,234400.8943817084,278490.77784878307,226.13610882120216,17008.271075273253,17008.271075273253,2112.2876194817068,4829.764504979767,21315.79957612944,6.0,21.0,36.0,0,0,1,0,0,0,178829,206337.77
100,111,8.0,1,2,2,1,1,9,0.0,0.0,0.0,0.0,0.0,0.0,1.0,0.0,1.0,0.0,0.0,0.0,0,0.0,1.0,10.0,0.0,1.0,7.0,0.0,1.0,2.0,4.0,12.0,20.0,1.0,1.0,4.0,1.0,1.0,4.0,0.0,0.0,1.0,0.0,0.0,0.0,0,0,1,0.0,0.0,1.0,0.0,0.0,1.0,0,0,1,1.0,1.0,5.0,0.0,0.0,0.0,13322.538910262763,166385.05339551062,266891.9038642389,693.7415996367947,111681.1563348813,154422.24538028895,3407.55846717698,11620.080243378969,23979.86903173444,3.0,12.0,31.0,1,1,1,0,0,0,289474,266909.8
101,111,46.0,0,3,2,2,0,3,0.0,0.0,0.0,0.0,0.0,0.0,0.0,1.0,0.0,0.0,0.0,0.0,0,3.0,4.0,9.0,4.0,4.0,7.0,4.0,4.0,6.0,5.0,10.0,14.0,1.0,2.0,2.0,1.0,2.0,2.0,1.0,1.0,1.0,0.0,0.0,0.0,0,1,1,1.0,1.0,1.0,0.0,0.0,0.0,0,1,1,0.0,0.0,0.0,0.0,0.0,3399.498181437505,3032.200896514927,122250.29948070594,307030.0084303052,0.0,43060.44002886331,74605.06619413172,5858.121592420761,15946.867828035336,33492.1448639978,3.0,22.0,44.0,0,0,1,0,1,1,185014,211147.19
102,111,13.0,1,4,2,2,1,6,1.0,0.0,0.0,0.0,0.0,0.0,0.0,0.0,1.0,0.0,0.0,0.0,0,1.0,1.0,2.0,1.0,5.0,7.0,0.0,2.0,2.0,2.0,7.0,14.0,0.0,0.0,2.0,0.0,0.0,2.0,0.0,1.0,1.0,0.0,0.0,0.0,0,0,0,0.0,0.0,1.0,0.0,0.0,0.0,1,1,1,0.0,2.0,5.0,0.0,0.0,0.0,18597.026551216703,177201.59862822192,293253.88906969456,0.0,76630.25658216004,117056.6788977719,2858.5981898167,16047.552028936125,34110.19498654328,6.0,16.0,39.0,0,0,1,0,0,0,189763,193564.81
103,111,46.0,0,3,1,1,0,1,0.0,0.0,0.0,0.0,0.0,0.0,0.0,1.0,0.0,0.0,0.0,0.0,0,11.0,25.0,40.0,2.0,11.0,27.0,9.0,15.0,25.0,6.0,20.0,39.0,0.0,0.0,3.0,0.0,0.0,3.0,1.0,1.0,1.0,0.0,0.0,0.0,0,1,1,0.0,0.0,0.0,0.0,0.0,1.0,1,1,1,0.0,5.0,16.0,0.0,0.0,0.0,9273.500965118385,87612.36148170859,267595.366693324,0.0,0.0,4010.160335655353,5816.181274477922,13418.2136905456,33256.76450339996,9.0,27.0,50.0,1,1,1,0,0,0,206207,204381.88
104,111,2.0,0,1,1,1,1,2,0.0,0.0,0.0,0.0,0.0,0.0,0.0,0.0,1.0,0.0,0.0,0.0,0,11.0,28.0,61.0,6.0,15.0,36.0,5.0,17.0,31.0,8.0,23.0,46.0,0.0,2.0,3.0,0.0,2.0,3.0,1.0,1.0,1.0,0.0,0.0,0.0,0,0,1,0.0,0.0,1.0,0.0,1.0,1.0,0,1,1,3.0,7.0,16.0,0.0,0.0,0.0,21615.907335670585,87978.23195974642,199388.2789380915,0.0,0.0,0.0,1337.977863120121,12971.512798538955,23478.73446593496,8.0,28.0,56.0,1,1,1,0,0,0,273463,289850.8
105,111,30.0,0,3,2,2,1,6,0.0,0.0,0.0,0.0,0.0,0.0,0.0,0.0,1.0,0.0,0.0,0.0,0,2.0,10.0,26.0,1.0,6.0,15.0,0.0,10.0,15.0,2.0,14.0,28.0,0.0,0.0,2.0,0.0,0.0,2.0,1.0,1.0,1.0,0.0,0.0,0.0,1,1,1,0.0,0.0,1.0,0.0,0.0,0.0,1,1,1,0.0,3.0,12.0,0.0,0.0,0.0,12166.025739640598,35381.82461403954,256644.25766016016,0.0,0.0,54466.48374043381,7024.069452396477,18492.11099261257,45108.07287316468,6.0,19.0,46.0,0,1,1,0,0,0,226581,225429.12
106,111,44.0,0,3,2,1,0,2,0.0,0.0,0.0,0.0,0.0,0.0,0.0,1.0,0.0,0.0,0.0,0.0,0,0.0,3.0,5.0,0.0,6.0,7.0,0.0,4.0,4.0,1.0,10.0,14.0,0.0,2.0,2.0,0.0,2.0,2.0,1.0,1.0,1.0,0.0,0.0,0.0,0,0,1,0.0,1.0,1.0,0.0,0.0,0.0,0,0,1,0.0,1.0,1.0,0.0,0.0,2790.758120063092,4248.581924668912,36289.00734935314,211090.347506093,0.0,25426.52736586579,69725.08998438348,838.1207337821658,22747.56289188381,31185.54409276,4.0,19.0,47.0,0,0,1,0,0,1,208493,194574.9
107,111,16.0,1,5,2,3,0,1,1.0,0.0,0.0,0.0,0.0,0.0,0.0,0.0,1.0,0.0,0.0,0.0,0,0.0,2.0,9.0,0.0,1.0,6.0,0.0,1.0,2.0,0.0,10.0,17.0,0.0,1.0,2.0,0.0,1.0,2.0,0.0,1.0,1.0,0.0,0.0,0.0,0,0,1,0.0,0.0,1.0,0.0,0.0,1.0,0,0,1,1.0,2.0,6.0,0.0,0.0,0.0,40346.33320940944,190677.70977922488,339721.34370779456,24866.283877001715,84707.25715505451,137830.2611169582,1720.6745180957691,6706.288628447891,24849.495680301585,3.0,15.0,26.0,0,1,1,0,0,0,182376,232292.28
108,111,10.0,0,3,2,2,1,9,0.0,0.0,0.0,0.0,0.0,0.0,0.0,0.0,0.0,1.0,0.0,0.0,0,0.0,7.0,19.0,2.0,4.0,11.0,0.0,5.0,12.0,2.0,6.0,20.0,0.0,0.0,2.0,0.0,0.0,2.0,1.0,1.0,1.0,0.0,0.0,0.0,0,1,1,0.0,0.0,0.0,0.0,0.0,0.0,0,1,1,0.0,1.0,4.0,0.0,0.0,0.0,46639.20577410002,183906.13753004983,324279.84765713714,0.0,9889.291629219158,17008.271075273253,1891.938777970646,21221.53573279592,47983.51221901612,2.0,20.0,43.0,0,0,1,0,0,0,286612,281526.66
109,111,14.0,1,4,2,2,1,11,1.0,0.0,0.0,0.0,0.0,0.0,0.0,0.0,0.0,1.0,0.0,0.0,0,14.0,24.0,43.0,2.0,12.0,31.0,9.0,15.0,24.0,5.0,20.0,43.0,0.0,0.0,4.0,0.0,0.0,4.0,0.0,1.0,1.0,0.0,0.0,0.0,0,1,1,0.0,0.0,0.0,0.0,0.0,1.0,1,1,1,0.0,6.0,16.0,0.0,0.0,0.0,10331.430645603596,86353.59392659919,242326.3929089889,0.0,0.0,0.0,5816.181274477922,14692.808032722616,35080.539316219496,10.0,26.0,54.0,1,1,1,0,0,0,296253,231605.28
110,111,9.0,1,4,2,2,1,18,1.0,0.0,0.0,0.0,0.0,0.0,0.0,0.0,0.0,1.0,0.0,0.0,0,2.0,5.0,7.0,0.0,2.0,2.0,2.0,2.0,7.0,4.0,10.0,16.0,0.0,0.0,1.0,0.0,0.0,1.0,1.0,1.0,1.0,0.0,0.0,0.0,1,1,1,0.0,0.0,0.0,0.0,1.0,1.0,0,1,1,2.0,2.0,8.0,0.0,0.0,0.0,11686.597745665662,55904.28878103154,114084.56364290472,0.0,0.0,0.0,4186.9058247504245,13696.91796820808,26354.57948184326,8.0,21.0,32.0,0,0,0,0,0,0,207661,180660.48
111,111,45.0,0,4,0,4,0,2,0.0,0.0,0.0,0.0,0.0,0.0,0.0,1.0,0.0,0.0,0.0,0.0,0,0.0,1.0,3.0,3.0,4.0,10.0,1.0,1.0,3.0,4.0,6.0,14.0,2.0,2.0,2.0,2.0,2.0,2.0,0.0,1.0,1.0,0.0,0.0,0.0,0,0,1,0.0,0.0,1.0,0.0,0.0,0.0,0,0,1,2.0,2.0,4.0,0.0,0.0,0.0,4200.140373591734,42012.14811270372,147661.50135460938,0.0,0.0,8377.78713157064,6934.390845430798,33703.889802341226,42481.25752647527,6.0,17.0,35.0,1,1,1,0,0,0,188304,221079.03
112,111,27.0,0,1,1,1,1,9,0.0,0.0,0.0,0.0,0.0,0.0,0.0,0.0,0.0,1.0,0.0,0.0,0,3.0,7.0,25.0,2.0,9.0,18.0,2.0,7.0,13.0,4.0,17.0,28.0,2.0,2.0,2.0,2.0,2.0,2.0,1.0,1.0,1.0,0.0,0.0,0.0,0,0,1,0.0,0.0,0.0,0.0,1.0,1.0,0,1,1,2.0,8.0,14.0,0.0,0.0,0.0,14863.997660706427,90255.10110289432,219672.05094940783,17131.86341142521,73666.53361298385,117688.49266450346,5727.366187533704,11180.89810775565,21626.407975651447,7.0,23.0,50.0,1,1,1,0,1,1,177210,192547.27
113,111,2.0,0,1,1,1,1,3,0.0,0.0,0.0,0.0,0.0,0.0,0.0,0.0,1.0,0.0,0.0,0.0,0,11.0,28.0,61.0,6.0,15.0,36.0,5.0,17.0,31.0,8.0,23.0,46.0,0.0,2.0,3.0,0.0,2.0,3.0,1.0,1.0,1.0,0.0,0.0,0.0,0,0,1,0.0,0.0,1.0,0.0,1.0,1.0,0,1,1,3.0,7.0,16.0,0.0,0.0,0.0,21615.907335670585,87978.23195974642,199388.2789380915,0.0,0.0,0.0,1337.977863120121,12971.512798538955,23478.73446593496,8.0,28.0,56.0,1,1,1,0,0,0,297528,289701.28
114,111,16.0,1,2,2,1,1,4,1.0,0.0,0.0,0.0,0.0,0.0,0.0,0.0,1.0,0.0,0.0,0.0,0,0.0,2.0,8.0,0.0,1.0,5.0,0.0,1.0,2.0,0.0,10.0,17.0,0.0,1.0,2.0,0.0,1.0,2.0,0.0,1.0,1.0,0.0,0.0,0.0,0,0,1,0.0,0.0,1.0,0.0,0.0,1.0,0,0,1,1.0,2.0,6.0,0.0,0.0,0.0,40545.23323600856,190349.55221374147,340659.2295591892,24653.2769813856,84135.12992196823,137695.56061154776,1754.1325484237527,6706.288628447891,24849.495680301585,3.0,15.0,26.0,0,1,1,0,0,0,164789,194752.64
115,111,46.0,0,1,2,1,0,3,0.0,0.0,0.0,0.0,0.0,0.0,0.0,1.0,0.0,0.0,0.0,0.0,0,0.0,2.0,3.0,3.0,8.0,10.0,1.0,1.0,3.0,4.0,9.0,15.0,2.0,2.0,2.0,2.0,2.0,2.0,0.0,1.0,1.0,0.0,0.0,0.0,0,0,1,0.0,1.0,1.0,0.0,0.0,0.0,0,0,1,2.0,3.0,4.0,0.0,0.0,0.0,6216.88315905203,62612.265974712886,165772.1998921204,0.0,0.0,5585.759943137471,16286.61992639973,36927.4451708336,53948.99927134774,8.0,22.0,37.0,1,1,1,0,0,0,216009,207373.52
116,111,12.0,1,3,2,2,1,5,1.0,0.0,0.0,0.0,0.0,0.0,0.0,0.0,0.0,1.0,0.0,0.0,0,0.0,1.0,9.0,0.0,2.0,5.0,0.0,1.0,2.0,7.0,13.0,14.0,1.0,2.0,2.0,1.0,2.0,2.0,0.0,0.0,1.0,0.0,0.0,0.0,0,0,0,0.0,0.0,1.0,0.0,0.0,0.0,0,0,0,0.0,1.0,6.0,0.0,0.0,0.0,2585.3917872327474,57510.985698574485,241377.25164052343,0.0,79723.01109157862,166616.80958494858,2411.985789819892,12882.387100126289,21828.95729465197,6.0,16.0,30.0,1,1,1,0,0,0,240462,250133.38
117,111,42.0,0,3,2,2,0,4,0.0,0.0,0.0,0.0,0.0,0.0,0.0,1.0,0.0,0.0,0.0,0.0,0,1.0,7.0,30.0,1.0,3.0,23.0,0.0,4.0,23.0,2.0,11.0,34.0,0.0,2.0,2.0,0.0,2.0,2.0,0.0,1.0,1.0,0.0,0.0,0.0,0,1,1,0.0,0.0,0.0,0.0,0.0,1.0,0,1,1,1.0,6.0,17.0,0.0,0.0,0.0,9563.936548507156,65507.28217894091,176143.9578689699,0.0,45536.51664049643,98831.72253383712,2382.293722015933,21320.605705961538,29922.602026298813,4.0,19.0,49.0,0,1,1,0,1,1,153509,252855.1
118,111,41.0,0,2,2,1,0,5,0.0,0.0,0.0,0.0,0.0,0.0,0.0,1.0,0.0,0.0,0.0,0.0,0,0.0,4.0,5.0,0.0,6.0,7.0,0.0,4.0,4.0,1.0,10.0,13.0,0.0,2.0,2.0,0.0,2.0,2.0,1.0,1.0,1.0,0.0,0.0,0.0,0,0,1,1.0,1.0,1.0,0.0,0.0,0.0,0,0,1,0.0,1.0,1.0,0.0,0.0,2790.758120063092,4233.714745103431,28907.935569407728,191921.09207359364,0.0,12177.066902302571,65668.40596664307,0.0,23183.60716952681,32109.264083158112,6.0,27.0,46.0,0,0,1,0,0,1,207847,198336.62
119,111,43.0,0,3,0,3,0,3,0.0,0.0,0.0,0.0,0.0,0.0,0.0,1.0,0.0,0.0,0.0,0.0,0,3.0,4.0,8.0,4.0,4.0,6.0,4.0,4.0,6.0,5.0,10.0,14.0,1.0,2.0,2.0,1.0,2.0,2.0,1.0,1.0,1.0,0.0,0.0,0.0,0,1,1,1.0,1.0,1.0,0.0,0.0,0.0,0,1,1,0.0,0.0,0.0,0.0,0.0,2790.758120063092,3495.924742771519,123574.90101999546,308018.0561490287,0.0,43777.68535090528,75438.92671979494,5255.734018933115,16464.841496843077,33519.434867414595,3.0,23.0,44.0,0,0,1,0,1,1,215497,218031.92
120,111,12.0,1,4,2,2,1,13,1.0,0.0,0.0,0.0,0.0,0.0,0.0,0.0,0.0,1.0,0.0,0.0,0,2.0,5.0,9.0,1.0,1.0,6.0,1.0,2.0,4.0,2.0,11.0,17.0,0.0,2.0,2.0,0.0,2.0,2.0,1.0,1.0,1.0,0.0,0.0,0.0,0,0,1,0.0,0.0,1.0,0.0,0.0,0.0,0,0,1,1.0,2.0,4.0,0.0,0.0,0.0,17941.671571048522,176882.1139814635,335750.39027615136,16028.522864066215,48305.42949144995,109334.77287079264,315.2870533474245,14999.394800193197,23852.431981361424,9.0,17.0,32.0,0,1,1,0,0,0,301918,239221.53
121,111,45.0,0,3,2,1,0,4,0.0,0.0,0.0,0.0,0.0,0.0,0.0,1.0,0.0,0.0,0.0,0.0,0,6.0,10.0,14.0,3.0,4.0,7.0,2.0,3.0,4.0,6.0,9.0,17.0,1.0,1.0,2.0,1.0,1.0,2.0,1.0,1.0,1.0,0.0,0.0,0.0,0,1,1,0.0,0.0,1.0,1.0,1.0,1.0,0,0,1,2.0,5.0,9.0,0.0,6299.477457654471,31883.30389933966,6731.357112474462,33736.767131528955,95502.53306120384,0.0,0.0,0.0,52.29826102492096,4401.687549055413,14626.87193352878,2.0,25.0,36.0,1,1,1,0,0,0,182419,170830.38
122,111,38.0,1,3,2,1,0,2,1.0,0.0,0.0,0.0,0.0,0.0,0.0,1.0,0.0,0.0,0.0,0.0,0,0.0,2.0,3.0,0.0,1.0,1.0,0.0,1.0,1.0,1.0,4.0,8.0,0.0,1.0,1.0,0.0,1.0,1.0,0.0,0.0,1.0,0.0,0.0,0.0,0,0,0,0.0,0.0,0.0,0.0,0.0,0.0,0,0,0,0.0,1.0,3.0,24129.544858128396,122503.90929103302,186730.1402823691,2642.2966158375048,19351.819342224608,46150.022083134405,0.0,0.0,0.0,0.0,3207.6723831348245,12902.511340048768,0.0,15.0,22.0,0,0,0,0,0,0,111343,110372.08
123,111,23.0,0,1,2,1,1,6,0.0,0.0,0.0,0.0,0.0,0.0,0.0,0.0,1.0,0.0,0.0,0.0,0,0.0,2.0,3.0,0.0,1.0,2.0,0.0,3.0,5.0,0.0,5.0,9.0,0.0,0.0,0.0,0.0,0.0,0.0,0.0,1.0,1.0,0.0,0.0,0.0,0,0,0,0.0,0.0,0.0,0.0,1.0,1.0,0,1,1,0.0,3.0,8.0,0.0,0.0,0.0,0.0,28572.43075420632,47922.3046979236,0.0,0.0,0.0,0.0,13129.504194414432,18677.37511357456,1.0,18.0,33.0,0,0,0,0,0,0,148397,155747.38
124,111,18.0,1,4,2,2,1,3,1.0,0.0,0.0,0.0,0.0,0.0,0.0,0.0,0.0,1.0,0.0,0.0,0,1.0,22.0,47.0,1.0,9.0,29.0,3.0,12.0,27.0,5.0,21.0,41.0,0.0,2.0,3.0,0.0,2.0,3.0,0.0,1.0,1.0,0.0,0.0,0.0,0,1,1,0.0,0.0,0.0,0.0,1.0,1.0,0,1,1,2.0,10.0,18.0,0.0,0.0,0.0,14330.310662058782,42577.61456528166,154737.9154447512,0.0,910.722205697969,81585.33100240486,2197.6102478553507,21437.74609551554,26650.82779462604,3.0,27.0,57.0,0,1,1,0,1,1,269685,241788.22
125,111,19.0,0,3,2,2,1,5,0.0,0.0,0.0,0.0,0.0,0.0,0.0,0.0,1.0,0.0,0.0,0.0,0,2.0,2.0,3.0,1.0,1.0,2.0,1.0,1.0,4.0,3.0,4.0,10.0,0.0,0.0,1.0,0.0,0.0,1.0,0.0,1.0,1.0,0.0,0.0,0.0,0,0,0,0.0,0.0,0.0,0.0,0.0,0.0,0,0,1,0.0,1.0,3.0,0.0,29376.050383669783,130933.38845376667,8888.650356943988,37872.83682557368,51152.23548658465,0.0,0.0,0.0,0.0,0.0,19107.869530142263,8.0,12.0,26.0,0,0,0,0,0,0,131237,112304.336
126,111,13.0,0,1,1,1,1,5,0.0,0.0,0.0,0.0,0.0,0.0,0.0,0.0,1.0,0.0,0.0,0.0,0,2.0,2.0,6.0,1.0,1.0,4.0,0.0,1.0,2.0,1.0,10.0,16.0,0.0,1.0,2.0,0.0,1.0,2.0,0.0,1.0,1.0,0.0,0.0,0.0,0,0,1,0.0,0.0,1.0,0.0,0.0,1.0,0,0,1,1.0,2.0,5.0,0.0,0.0,0.0,57957.305321635686,189456.5898833168,366495.11739063147,25844.312753084432,73390.5356992104,130012.37404268408,1485.2941692859556,6706.288628447891,23300.354847147675,3.0,15.0,26.0,0,1,1,0,0,0,214692,212591.98
127,111,9.0,1,3,2,2,1,2,1.0,0.0,0.0,0.0,0.0,0.0,0.0,0.0,1.0,0.0,0.0,0.0,0,0.0,1.0,2.0,2.0,3.0,6.0,0.0,0.0,2.0,2.0,6.0,13.0,0.0,0.0,0.0,0.0,0.0,0.0,0.0,1.0,1.0,0.0,0.0,0.0,0,0,0,0.0,0.0,0.0,0.0,0.0,0.0,0,1,1,0.0,2.0,2.0,0.0,0.0,0.0,38735.89448138559,157707.90412543368,286435.68482788064,6599.905871386889,63046.3674805643,112261.35552658142,6958.684007604417,16261.323480873914,22524.669682052885,6.0,17.0,37.0,0,0,0,0,0,0,253981,202142.48
128,111,23.0,1,3,2,2,1,9,1.0,0.0,0.0,0.0,0.0,0.0,0.0,0.0,1.0,0.0,0.0,0.0,0,1.0,2.0,6.0,1.0,1.0,2.0,4.0,5.0,7.0,4.0,9.0,12.0,0.0,0.0,1.0,0.0,0.0,1.0,1.0,1.0,1.0,0.0,0.0,0.0,0,0,1,0.0,0.0,0.0,0.0,1.0,1.0,0,1,1,0.0,5.0,8.0,0.0,0.0,0.0,22262.602427272926,42080.57143335621,64925.62175615557,0.0,0.0,0.0,12441.18808327652,20862.335363430426,24269.21153088044,8.0,21.0,34.0,0,0,0,0,0,0,140626,129338.69
129,111,2.0,1,3,2,2,1,7,0.0,0.0,0.0,0.0,0.0,1.0,0.0,0.0,1.0,0.0,0.0,0.0,0,1.0,2.0,2.0,1.0,6.0,9.0,0.0,2.0,3.0,2.0,9.0,14.0,0.0,0.0,2.0,0.0,0.0,2.0,1.0,1.0,1.0,0.0,0.0,0.0,0,0,0,0.0,0.0,1.0,0.0,0.0,0.0,1,1,1,1.0,2.0,4.0,0.0,0.0,0.0,2658.56342974106,42199.01335476651,250035.31913311387,0.0,0.0,106465.05148352322,4562.574667614535,22651.242467151453,41903.73012918021,8.0,26.0,38.0,0,1,1,0,0,0,186411,211626.22
130,111,2.0,0,0,0,0,1,3,0.0,0.0,0.0,0.0,0.0,0.0,0.0,0.0,1.0,0.0,0.0,0.0,0,11.0,28.0,61.0,6.0,15.0,36.0,5.0,17.0,31.0,8.0,23.0,46.0,0.0,2.0,3.0,0.0,2.0,3.0,1.0,1.0,1.0,0.0,0.0,0.0,0,0,1,0.0,0.0,1.0,0.0,1.0,1.0,0,1,1,3.0,7.0,16.0,0.0,0.0,0.0,21615.907335670585,87978.23195974642,199388.2789380915,0.0,0.0,0.0,1337.977863120121,12971.512798538955,23478.73446593496,8.0,28.0,56.0,1,1,1,0,0,0,297164,285836.88
131,111,39.0,0,2,2,1,0,1,0.0,0.0,0.0,0.0,0.0,0.0,0.0,1.0,0.0,0.0,0.0,0.0,0,1.0,1.0,10.0,3.0,6.0,11.0,0.0,1.0,11.0,3.0,9.0,17.0,0.0,2.0,2.0,0.0,2.0,2.0,1.0,1.0,1.0,0.0,0.0,0.0,0,1,1,0.0,1.0,1.0,0.0,0.0,0.0,0,0,1,1.0,2.0,4.0,0.0,0.0,0.0,10882.88247757413,80865.97885412723,230022.33990878565,0.0,0.0,32540.42758739193,9861.315777164791,37238.37804537054,52406.60267943346,6.0,17.0,41.0,0,1,1,0,0,0,292587,211311.3
132,111,23.0,0,1,1,1,1,7,0.0,0.0,0.0,0.0,0.0,0.0,0.0,0.0,1.0,0.0,0.0,0.0,0,0.0,2.0,3.0,0.0,1.0,2.0,0.0,3.0,5.0,0.0,5.0,9.0,0.0,0.0,0.0,0.0,0.0,0.0,0.0,1.0,1.0,0.0,0.0,0.0,0,0,0,0.0,0.0,0.0,0.0,1.0,1.0,0,1,1,0.0,3.0,8.0,0.0,0.0,0.0,0.0,28572.43075420632,47922.3046979236,0.0,0.0,0.0,0.0,13129.504194414432,18677.37511357456,1.0,18.0,33.0,0,0,0,0,0,0,121261,136223.55
133,111,48.0,0,1,1,1,0,2,0.0,0.0,0.0,0.0,0.0,0.0,0.0,1.0,0.0,0.0,0.0,0.0,0,7.0,13.0,16.0,4.0,6.0,7.0,0.0,4.0,5.0,4.0,12.0,21.0,0.0,2.0,3.0,0.0,2.0,3.0,0.0,1.0,1.0,0.0,0.0,0.0,0,0,1,0.0,0.0,1.0,0.0,1.0,1.0,0,0,0,2.0,5.0,8.0,0.0,24203.405838682003,31883.30389933966,10335.305113370889,51829.243348149066,72687.19786489777,0.0,0.0,0.0,5562.983281882435,11036.837886090256,23489.974105249883,9.0,21.0,46.0,1,1,1,0,0,0,155062,184156.67
134,111,43.0,0,3,3,3,0,2,0.0,0.0,0.0,0.0,0.0,0.0,0.0,1.0,0.0,0.0,0.0,0.0,0,5.0,11.0,17.0,2.0,5.0,7.0,3.0,3.0,6.0,6.0,12.0,17.0,1.0,1.0,2.0,1.0,1.0,2.0,1.0,1.0,1.0,0.0,0.0,0.0,0,1,1,0.0,0.0,1.0,1.0,1.0,1.0,0,0,1,4.0,4.0,11.0,0.0,23027.05037637351,31883.30389933966,8469.466016767303,58063.13334342712,107336.89542865282,0.0,0.0,0.0,150.02206911999212,7193.0699158614125,19307.70024590305,5.0,21.0,40.0,0,1,1,0,0,0,196965,177949.67
135,111,45.0,0,3,2,2,0,2,0.0,0.0,0.0,0.0,0.0,0.0,0.0,1.0,0.0,0.0,0.0,0.0,0,1.0,3.0,6.0,1.0,4.0,7.0,1.0,4.0,6.0,1.0,6.0,9.0,0.0,0.0,0.0,0.0,0.0,0.0,1.0,1.0,1.0,0.0,0.0,0.0,0,0,0,0.0,0.0,0.0,0.0,1.0,1.0,0,0,0,2.0,3.0,17.0,160.66595725406825,6146.922105012196,6146.922105012196,3915.104376802178,80171.77953117184,227421.95301310896,0.0,4594.723399464014,17008.271075273253,2890.7806117389323,4927.4204993419335,14603.486407909542,5.0,12.0,24.0,0,0,0,0,0,0,205260,167435.69
136,111,11.0,1,2,2,2,1,4,1.0,0.0,0.0,0.0,0.0,0.0,0.0,0.0,0.0,1.0,0.0,0.0,0,1.0,6.0,13.0,1.0,4.0,5.0,1.0,2.0,2.0,7.0,14.0,16.0,1.0,2.0,2.0,1.0,2.0,2.0,1.0,1.0,1.0,0.0,0.0,0.0,0,0,0,0.0,0.0,0.0,0.0,0.0,0.0,0,0,0,1.0,2.0,4.0,0.0,0.0,0.0,6404.344929856384,102086.98018916004,308027.62151595735,0.0,35109.17434107463,132366.77848008915,4530.8983645812405,14222.25522403006,26209.40137473685,9.0,19.0,34.0,0,1,1,0,0,0,289381,240085.77
137,111,8.0,0,4,2,2,1,2,0.0,0.0,0.0,0.0,0.0,0.0,0.0,0.0,1.0,0.0,0.0,0.0,0,1.0,7.0,23.0,0.0,6.0,17.0,1.0,7.0,19.0,1.0,11.0,22.0,0.0,0.0,0.0,0.0,0.0,0.0,1.0,1.0,1.0,0.0,0.0,0.0,0,0,1,0.0,0.0,0.0,0.0,0.0,1.0,0,0,1,0.0,3.0,11.0,0.0,0.0,6074.033490120327,86521.96403767611,248074.2917838631,286986.88053786097,0.0,17008.271075273253,17008.271075273253,2236.17962155113,3949.336442293504,22842.176747228048,3.0,21.0,44.0,0,0,1,0,0,0,215908,202004.02
138,111,38.0,0,3,2,2,0,5,0.0,0.0,0.0,0.0,0.0,0.0,0.0,1.0,0.0,0.0,0.0,0.0,0,10.0,24.0,56.0,4.0,10.0,37.0,5.0,16.0,28.0,8.0,25.0,48.0,0.0,2.0,4.0,0.0,2.0,4.0,0.0,1.0,1.0,0.0,0.0,0.0,0,1,1,0.0,0.0,0.0,0.0,0.0,1.0,0,1,1,1.0,11.0,20.0,0.0,0.0,0.0,14484.035089995516,52323.73256462556,134241.89588184733,0.0,0.0,7954.2383114054755,5751.313268111204,17595.4359267809,31428.915394687006,10.0,28.0,64.0,1,1,1,0,0,1,163229,212181.14
139,111,8.0,1,4,2,3,1,11,1.0,0.0,0.0,0.0,0.0,0.0,0.0,0.0,0.0,1.0,0.0,0.0,0,0.0,1.0,10.0,0.0,1.0,7.0,0.0,0.0,2.0,4.0,9.0,20.0,1.0,1.0,4.0,1.0,1.0,4.0,0.0,0.0,1.0,0.0,0.0,0.0,0,0,1,0.0,0.0,1.0,0.0,0.0,1.0,0,0,1,0.0,1.0,6.0,0.0,0.0,0.0,14099.615821504663,139039.24054239294,243887.4547632243,4294.088211209755,115019.31905554012,159397.68141823303,1693.9146432825314,11620.080243378969,23966.033237705917,1.0,12.0,30.0,1,1,1,0,0,0,271550,243718.67
140,111,19.0,1,4,2,2,1,2,1.0,0.0,0.0,0.0,0.0,0.0,0.0,0.0,1.0,0.0,0.0,0.0,0,2.0,2.0,3.0,1.0,1.0,1.0,0.0,1.0,3.0,3.0,4.0,6.0,0.0,0.0,1.0,0.0,0.0,1.0,0.0,1.0,1.0,0.0,0.0,0.0,0,0,0,0.0,0.0,0.0,0.0,0.0,0.0,0,0,0,0.0,1.0,3.0,0.0,55753.78025445155,149935.38310450054,7145.842313428971,22782.7491783709,44697.59058652302,0.0,0.0,0.0,0.0,1435.481675256374,16606.499566153652,6.0,14.0,21.0,0,0,0,0,0,0,130513,112594.97
141,111,10.0,1,3,2,2,1,9,0.0,0.0,0.0,0.0,0.0,1.0,0.0,0.0,1.0,0.0,0.0,0.0,0,5.0,10.0,17.0,2.0,4.0,7.0,3.0,3.0,6.0,6.0,11.0,16.0,1.0,1.0,2.0,1.0,1.0,2.0,1.0,1.0,1.0,0.0,0.0,0.0,0,1,1,0.0,0.0,1.0,1.0,1.0,1.0,0,0,1,3.0,5.0,11.0,0.0,17016.82463574981,31883.30389933966,4969.035875668989,55374.07209411132,107164.14255608102,0.0,0.0,0.0,52.29826102492096,6660.938135678263,16750.69438177911,4.0,19.0,38.0,0,1,1,0,0,0,241966,215696.25
142,111,43.0,0,3,2,2,0,2,0.0,0.0,0.0,0.0,0.0,0.0,0.0,1.0,0.0,0.0,0.0,0.0,0,1.0,1.0,10.0,3.0,7.0,11.0,0.0,1.0,10.0,3.0,10.0,15.0,0.0,2.0,2.0,0.0,2.0,2.0,1.0,1.0,1.0,0.0,0.0,0.0,0,1,1,0.0,1.0,1.0,0.0,0.0,0.0,0,0,1,1.0,3.0,4.0,0.0,0.0,0.0,5633.650842074932,91839.1204005522,236007.8330694652,0.0,0.0,17124.409596268695,10273.936321933636,37207.55825418949,52653.70079448682,8.0,17.0,40.0,0,1,1,0,0,0,192856,197274.19
143,111,12.0,1,3,2,2,1,3,1.0,0.0,0.0,0.0,0.0,0.0,0.0,0.0,0.0,1.0,0.0,0.0,0,1.0,1.0,2.0,1.0,5.0,9.0,0.0,2.0,3.0,2.0,7.0,15.0,0.0,0.0,2.0,0.0,0.0,2.0,0.0,1.0,1.0,0.0,0.0,0.0,0,0,0,0.0,0.0,1.0,0.0,0.0,0.0,1,1,1,1.0,1.0,4.0,0.0,0.0,0.0,17939.660603221884,114738.10379780777,266813.0274369348,0.0,52734.76771932944,114552.72269013168,5341.545350277466,16644.899712626506,40278.324253083,6.0,18.0,41.0,0,0,1,0,0,0,172954,199389.61
144,111,12.0,1,2,2,2,1,1,1.0,0.0,0.0,0.0,0.0,0.0,0.0,0.0,0.0,1.0,0.0,0.0,0,0.0,2.0,10.0,0.0,1.0,7.0,0.0,1.0,3.0,2.0,10.0,20.0,0.0,1.0,4.0,0.0,1.0,4.0,0.0,1.0,1.0,0.0,0.0,0.0,0,0,1,0.0,0.0,1.0,0.0,0.0,1.0,0,0,1,1.0,2.0,6.0,0.0,0.0,0.0,18669.360785236124,176285.12320321694,287936.21819366503,2529.977599419873,105910.76128049166,148742.30428675516,3308.008784948281,11008.44010454062,25070.369779842804,4.0,13.0,31.0,1,1,1,0,0,0,206722,207653.69
145,111,13.0,1,3,2,2,1,11,0.0,1.0,0.0,0.0,0.0,0.0,0.0,0.0,0.0,1.0,0.0,0.0,0,1.0,2.0,2.0,0.0,5.0,9.0,0.0,2.0,3.0,4.0,7.0,16.0,0.0,0.0,2.0,0.0,0.0,2.0,1.0,1.0,1.0,0.0,0.0,0.0,0,0,0,0.0,0.0,1.0,0.0,0.0,0.0,1,1,1,0.0,1.0,5.0,0.0,0.0,0.0,20302.98814304755,154334.00584941852,311341.7450583631,0.0,79164.49139875827,119377.57118457872,3468.777375119289,17471.829662945678,36663.024588185326,4.0,14.0,42.0,0,0,1,0,0,0,236551,204222.8
146,111,8.0,1,5,2,2,1,4,1.0,0.0,0.0,0.0,0.0,0.0,0.0,0.0,0.0,1.0,0.0,0.0,0,0.0,2.0,18.0,0.0,1.0,9.0,0.0,1.0,5.0,1.0,9.0,22.0,0.0,1.0,4.0,0.0,1.0,4.0,0.0,1.0,1.0,0.0,0.0,0.0,0,0,1,0.0,0.0,1.0,0.0,0.0,1.0,0,0,1,1.0,3.0,5.0,0.0,0.0,0.0,17996.5660599773,185053.5910428762,300970.7847961961,23690.69273333222,101393.30344315272,143966.5253243287,2860.5112647889,8325.237420882735,25927.325418439046,2.0,13.0,30.0,0,1,1,0,0,0,239948,236452.69
147,111,9.0,1,2,2,1,1,2,0.0,0.0,0.0,0.0,0.0,1.0,0.0,0.0,0.0,1.0,0.0,0.0,0,0.0,2.0,8.0,0.0,2.0,5.0,0.0,1.0,2.0,7.0,13.0,15.0,1.0,2.0,2.0,1.0,2.0,2.0,0.0,1.0,1.0,0.0,0.0,0.0,0,0,0,0.0,0.0,0.0,0.0,0.0,1.0,0,0,0,1.0,1.0,6.0,0.0,0.0,0.0,3362.880533728049,100382.69174246697,289053.5563229018,0.0,99898.11118536886,155629.60020421885,5929.1490522847525,14108.160780486402,22777.852284379805,8.0,17.0,30.0,1,1,1,0,0,0,232451,228050.69
148,111,27.0,1,7,3,4,1,17,1.0,0.0,0.0,0.0,0.0,0.0,0.0,0.0,0.0,1.0,0.0,0.0,0,2.0,8.0,19.0,1.0,6.0,14.0,3.0,6.0,16.0,2.0,7.0,20.0,0.0,0.0,0.0,0.0,0.0,0.0,1.0,1.0,1.0,0.0,0.0,0.0,0,0,0,0.0,0.0,0.0,0.0,1.0,1.0,0,0,1,0.0,5.0,9.0,0.0,0.0,6146.922105012196,46876.07962045936,217558.02314298612,280567.816140569,0.0,17008.271075273253,17008.271075273253,2116.814353255413,5323.178553346449,22323.316178098863,6.0,19.0,38.0,0,0,1,0,0,0,192871,197667.05
149,111,10.0,1,3,2,2,1,9,1.0,0.0,0.0,0.0,0.0,0.0,0.0,0.0,0.0,1.0,0.0,0.0,0,0.0,8.0,20.0,2.0,4.0,12.0,0.0,5.0,13.0,1.0,6.0,21.0,0.0,0.0,2.0,0.0,0.0,2.0,1.0,1.0,1.0,0.0,0.0,0.0,0,1,1,0.0,0.0,0.0,0.0,0.0,0.0,0,1,1,0.0,1.0,5.0,0.0,0.0,0.0,53287.37713494027,192463.67177019315,324101.63091365056,0.0,11244.776095752422,17008.271075273253,1870.6823899539488,21027.778251374628,47436.77298981832,2.0,20.0,44.0,0,0,1,0,0,0,293909,265619.38
150,111,24.0,1,3,1,1,1,1,1.0,0.0,0.0,0.0,0.0,0.0,0.0,0.0,0.0,1.0,0.0,0.0,0,0.0,2.0,7.0,1.0,2.0,6.0,0.0,3.0,5.0,2.0,4.0,8.0,0.0,0.0,0.0,0.0,0.0,0.0,0.0,1.0,1.0,0.0,0.0,0.0,0,0,0,0.0,0.0,0.0,0.0,0.0,1.0,0,0,0,0.0,1.0,3.0,0.0,370.32503565517584,6146.922105012196,61385.58616387572,167854.71062115385,255524.20406167296,8595.931297344672,17008.271075273253,17008.271075273253,0.0,0.0,11267.622805232597,6.0,13.0,24.0,0,0,0,0,0,0,102338,125019.766
151,111,41.0,0,3,2,1,0,4,0.0,0.0,0.0,0.0,0.0,0.0,0.0,1.0,0.0,0.0,0.0,0.0,0,4.0,5.0,10.0,4.0,4.0,6.0,4.0,4.0,6.0,6.0,9.0,15.0,1.0,2.0,2.0,1.0,2.0,2.0,1.0,1.0,1.0,0.0,0.0,0.0,1,1,1,1.0,1.0,1.0,0.0,0.0,0.0,1,1,1,0.0,0.0,2.0,0.0,741.0832034936816,20361.62895084084,11778.995974206924,40507.564964474426,252995.82467089125,0.0,30261.170130231705,65747.07470676546,7393.075626559479,19243.54607585498,34640.01117668913,4.0,28.0,40.0,0,1,1,0,1,1,191775,192062.61
152,111,5.0,1,3,2,2,1,3,1.0,0.0,0.0,0.0,0.0,0.0,0.0,0.0,1.0,0.0,0.0,0.0,0,5.0,19.0,33.0,2.0,10.0,23.0,6.0,13.0,22.0,3.0,14.0,33.0,0.0,0.0,1.0,0.0,0.0,1.0,1.0,1.0,1.0,0.0,0.0,0.0,0,1,1,0.0,0.0,0.0,0.0,0.0,1.0,1,1,1,0.0,5.0,11.0,0.0,0.0,0.0,48925.019418995085,158537.0470101291,322418.8407309197,0.0,0.0,16914.17470512098,3875.2527676376967,8052.360896029052,35157.653917797856,6.0,25.0,46.0,0,1,1,0,0,0,284413,272649.66
153,111,37.0,0,3,2,2,0,5,0.0,0.0,0.0,0.0,0.0,0.0,0.0,1.0,0.0,0.0,0.0,0.0,0,0.0,8.0,15.0,1.0,1.0,5.0,0.0,4.0,5.0,2.0,3.0,16.0,0.0,0.0,1.0,0.0,0.0,1.0,0.0,1.0,1.0,0.0,0.0,0.0,0,1,1,0.0,0.0,0.0,0.0,1.0,1.0,0,0,1,0.0,4.0,9.0,0.0,31883.30389933966,33917.72057152992,42754.61384956392,71667.12912941379,88149.52178417641,0.0,0.0,0.0,1823.375321559359,8567.998422304963,19432.441581521245,0.0,13.0,28.0,0,0,1,0,0,0,133754,140275.1
154,111,23.0,0,2,2,2,1,8,0.0,0.0,0.0,0.0,0.0,0.0,0.0,0.0,0.0,1.0,0.0,0.0,0,0.0,3.0,3.0,0.0,2.0,2.0,1.0,5.0,5.0,2.0,6.0,10.0,0.0,0.0,0.0,0.0,0.0,0.0,1.0,1.0,1.0,0.0,0.0,0.0,0,0,0,0.0,0.0,0.0,0.0,1.0,1.0,1,1,1,1.0,5.0,8.0,0.0,0.0,0.0,0.0,37536.45240003705,47858.32979883273,0.0,0.0,0.0,0.0,16118.410256789532,18702.84771580811,4.0,21.0,33.0,0,0,0,0,0,0,140898,153045.3
155,111,45.0,0,3,2,2,0,3,0.0,0.0,0.0,0.0,0.0,0.0,0.0,1.0,0.0,0.0,0.0,0.0,0,2.0,4.0,6.0,2.0,4.0,6.0,2.0,4.0,4.0,3.0,9.0,12.0,0.0,2.0,2.0,0.0,2.0,2.0,1.0,1.0,1.0,0.0,0.0,0.0,0,1,1,1.0,1.0,1.0,0.0,0.0,0.0,0,1,1,0.0,0.0,1.0,0.0,0.0,2790.758120063092,6386.110775733483,137360.29801897137,307678.402510025,0.0,47865.89240516928,79108.10344255086,2206.190783673681,14746.83886610211,34342.73761802935,5.0,17.0,46.0,0,0,1,0,1,1,158881,208685.0
156,111,47.0,0,5,2,3,0,1,0.0,0.0,0.0,0.0,0.0,0.0,0.0,0.0,0.0,0.0,0.0,1.0,0,1.0,14.0,28.0,0.0,5.0,21.0,1.0,11.0,20.0,1.0,14.0,27.0,0.0,0.0,0.0,0.0,0.0,0.0,1.0,1.0,1.0,0.0,0.0,0.0,0,0,1,0.0,0.0,0.0,0.0,0.0,1.0,0,1,1,0.0,3.0,11.0,0.0,0.0,0.0,78115.29884652472,250433.93407224343,300512.19534463965,0.0,15864.798503587714,17008.271075273253,2236.17962155113,5230.420170695046,28444.52891744994,5.0,23.0,49.0,0,0,1,0,0,0,267813,315753.72
157,111,51.0,0,2,1,1,0,2,0.0,0.0,0.0,0.0,0.0,0.0,0.0,1.0,0.0,0.0,0.0,0.0,0,1.0,9.0,22.0,3.0,5.0,13.0,0.0,7.0,13.0,4.0,8.0,23.0,0.0,0.0,2.0,0.0,0.0,2.0,1.0,1.0,1.0,0.0,0.0,0.0,1,1,1,0.0,0.0,1.0,0.0,0.0,0.0,0,1,1,1.0,1.0,7.0,0.0,0.0,0.0,7424.164779284137,138059.27505273608,309933.7555038454,0.0,0.0,16218.767969949608,2117.3960360098863,28168.222350287357,45053.88356641117,6.0,18.0,47.0,0,0,1,0,0,0,162690,213404.64
